transaction_id,customer_id,amount,timestamp,location,merchant,merchant_category,fraud
T00301,C0031,6527.78,2026-08-01 08:02:00,Pune,Burger King,Restaurant,0
T06641,C0665,2408.4,2026-08-01 08:02:00,,Spar,Grocery,0
T04211,C0422,5004.81,2026-08-01 08:03:00,Bengaluru,H&M,Apparel,0
T01061,C0107,765.39,2026-08-01 08:03:00,Mumbai,Max,Apparel,0
T04541,C0455,1520.69,2026-08-01 08:04:00,Bengaluru,Burger King,Restaurant,0
T00201,C0021,900.98,2026-08-01 08:05:00,Hyderabad,Flipkart,E-commerce,0
T04741,C0475,4947.96,2026-08-01 08:05:00,Pune,Myntra,E-commerce,0
T00611,C0062,2589.15,2026-08-01 08:06:00,Goa,Spar,Grocery,0
T03931,C0394,2321.44,2026-08-01 08:07:00,Chennai,Amazon,E-commerce,0
T08631,C0864,2241.04,2026-08-01 08:08:00,,Big Chill,Restaurant,0
T04981,C0499,4846.49,2026-08-01 08:10:00,Delhi,Burger King,Restaurant,0
T06071,C0608,460.19,2026-08-01 08:12:00,Mumbai,Spar,Grocery,0
T09001,C0901,1774.9,2026-08-01 08:13:00,,Flipkart,E-commerce,0
T06271,C0628,4271.73,2026-08-01 08:14:00,Mumbai,Flipkart,E-commerce,0
T04961,C0497,1693.27,2026-08-01 08:15:00,Pune,,E-commerce,0
T09541,C0955,1808.21,2026-08-01 08:18:00,Mumbai,Zara,Apparel,0
T03761,C0377,2266.41,2026-08-01 08:18:00,Chennai,,Apparel,0
T06631,C0664,2858.07,2026-08-01 08:19:00,Pune,Myntra,E-commerce,0
T04221,C0423,5146.68,2026-08-01 08:20:00,Delhi,Max,Apparel,0
T01561,C0157,4423.04,2026-08-01 08:20:00,,Max,Apparel,0
T03481,C0349,3921.96,2026-08-01 08:20:00,Chennai,Zara,Apparel,0
T07891,C0790,4422.4,2026-08-01 08:20:00,Mumbai,Amazon,E-commerce,0
T04201,C0421,2693.38,2026-08-01 08:21:00,Kolkata,Amazon,E-commerce,0
T06011,C0602,3801.12,2026-08-01 08:21:00,Bengaluru,Amazon,E-commerce,0
T07651,C0766,3942.35,2026-08-01 08:21:00,Hyderabad,Amazon,E-commerce,0
T02341,C0235,1573.75,2026-08-01 08:22:00,Pune,Amazon,E-commerce,0
T05211,C0522,2033.88,2026-08-01 08:22:00,Hyderabad,Burger King,Restaurant,0
T09701,C0971,1393.5,2026-08-01 08:24:00,Hyderabad,Big Chill,Restaurant,0
T00291,C0030,4632.99,2026-08-01 08:24:00,Hyderabad,Burger King,Restaurant,0
T04311,C0432,1775.91,2026-08-01 08:24:00,Chennai,Burger King,Restaurant,0
T00861,C0087,3078.48,2026-08-01 08:25:00,Mumbai,Flipkart,E-commerce,0
T06021,C0603,4121.95,2026-08-01 08:26:00,Pune,H&M,Apparel,0
T05721,C0573,4226.44,2026-08-01 08:26:00,Delhi,Zara,Apparel,0
T03921,C0393,3123.14,2026-08-01 08:26:00,Hyderabad,Flipkart,E-commerce,0
T02421,C0243,1787.02,2026-08-01 08:27:00,Chennai,Burger King,Restaurant,0
T08811,C0882,3596.82,2026-08-01 08:28:00,Hyderabad,Amazon,E-commerce,0
T04141,C0415,4357.28,2026-08-01 08:28:00,Bengaluru,Flipkart,E-commerce,0
T06571,C0658,1071.22,2026-08-01 08:29:00,Kolkata,Myntra,E-commerce,0
T02471,C0248,2753.94,2026-08-01 08:30:00,Pune,Big Chill,Restaurant,0
T02381,C0239,1915.68,2026-08-01 08:30:00,Delhi,Max,Apparel,0
T06371,C0638,5225.18,2026-08-01 08:31:00,Delhi,Reliance,Retail,0
T09341,C0935,3053.99,2026-08-01 08:31:00,,Big Chill,Restaurant,0
T07271,C0728,5190.31,2026-08-01 08:33:00,Bengaluru,Max,Apparel,0
T04521,C0453,1451.36,2026-08-01 08:35:00,Hyderabad,Big Chill,Restaurant,0
T00591,C0060,3723.32,2026-08-01 08:35:00,Hyderabad,Amazon,E-commerce,0
T00321,C0033,4036.48,2026-08-01 08:35:00,Kolkata,Zara,Apparel,0
T07151,C0716,6814.36,2026-08-01 08:35:00,Kolkata,Myntra,E-commerce,0
T08871,C0888,3346.59,2026-08-01 08:39:00,Mumbai,Big Chill,Restaurant,0
T01391,C0140,1068.93,2026-08-01 08:40:00,Mumbai,Reliance,Retail,0
T03171,C0318,575.65,2026-08-01 08:40:00,Goa,Burger King,Restaurant,0
T02151,C0216,3082.07,2026-08-01 08:41:00,Bengaluru,Burger King,Restaurant,0
T08651,C0866,5844.1,2026-08-01 08:43:00,Mumbai,Amazon,E-commerce,0
T02991,C0300,4856.33,2026-08-01 08:44:00,Mumbai,Big Chill,Restaurant,0
T03821,C0383,4322.52,2026-08-01 08:45:00,Pune,Flipkart,E-commerce,0
T03091,C0310,4833.4,2026-08-01 08:45:00,Chennai,Myntra,E-commerce,0
T05331,C0534,4695.15,2026-08-01 08:48:00,Chennai,Burger King,Restaurant,0
T03511,C0352,5440.92,2026-08-01 08:48:00,Pune,Burger King,Restaurant,0
T05021,C0503,1003.54,2026-08-01 08:48:00,Delhi,Zara,Apparel,0
T05951,C0596,4373.5,2026-08-01 08:51:00,Chennai,Reliance,Retail,0
T08561,C0857,1576.21,2026-08-01 08:51:00,Delhi,H&M,Apparel,0
T06401,C0641,2630.12,2026-08-01 08:51:00,Goa,Burger King,Restaurant,0
T06121,C0613,2084.77,2026-08-01 08:51:00,Goa,Reliance,Retail,0
T06341,C0635,1819.87,2026-08-01 08:52:00,Hyderabad,Amazon,E-commerce,0
T04851,C0486,1233.28,2026-08-01 08:55:00,Kolkata,Amazon,E-commerce,0
T07321,C0733,5572.41,2026-08-01 08:56:00,Goa,Myntra,E-commerce,0
T05461,C0547,4227.92,2026-08-01 08:57:00,Goa,Myntra,E-commerce,0
T05861,C0587,7378.87,2026-08-01 08:58:00,Delhi,Amazon,E-commerce,0
T08761,C0877,4436.3,2026-08-01 08:58:00,,Zara,Apparel,0
T05871,C0588,909.52,2026-08-01 08:59:00,Bengaluru,Spar,Grocery,0
T08131,C0814,4569.93,2026-08-01 08:59:00,Mumbai,Spar,Grocery,0
T03991,C0400,2930.8,2026-08-01 08:59:00,Delhi,H&M,Apparel,0
T03051,C0306,846.3,2026-08-01 09:00:00,Kolkata,Burger King,Restaurant,0
T07251,C0726,1650.7,2026-08-01 09:00:00,Kolkata,Burger King,Restaurant,0
T05661,C0567,4503.41,2026-08-01 09:00:00,Mumbai,Amazon,E-commerce,0
T00371,C0038,648.62,2026-08-01 09:01:00,Delhi,H&M,Apparel,0
T05671,C0568,3548.75,2026-08-01 09:01:00,Delhi,Burger King,Restaurant,0
T08711,C0872,536.13,2026-08-01 09:02:00,Goa,Myntra,E-commerce,0
T05441,C0545,938.73,2026-08-01 09:03:00,Hyderabad,H&M,Apparel,0
T03591,C0360,3560.27,2026-08-01 09:03:00,Hyderabad,Flipkart,E-commerce,0
T02111,C0212,3895.9,2026-08-01 09:04:00,Mumbai,Burger King,Restaurant,0
T00141,C0015,3143.61,2026-08-01 09:05:00,Goa,H&M,Apparel,0
T01211,C0122,2054.83,2026-08-01 09:05:00,Goa,H&M,Apparel,0
T01851,C0186,2308.41,2026-08-01 09:07:00,Goa,Burger King,Restaurant,0
T00801,C0081,4831.44,2026-08-01 09:07:00,Hyderabad,Flipkart,E-commerce,0
T04841,C0485,4046.6,2026-08-01 09:08:00,Goa,Myntra,E-commerce,0
T09991,C1000,2303.55,2026-08-01 09:10:00,Bengaluru,Flipkart,E-commerce,0
T08011,C0802,4355.46,2026-08-01 09:11:00,Hyderabad,Big Chill,Restaurant,0
T00881,C0089,1867.51,2026-08-01 09:12:00,Goa,Big Chill,Restaurant,0
T07701,C0771,5189.34,2026-08-01 09:12:00,Chennai,Burger King,Restaurant,0
T07141,C0715,3600.39,2026-08-01 09:13:00,,Max,Apparel,0
T03691,C0370,2155.66,2026-08-01 09:13:00,Bengaluru,Max,Apparel,0
T04231,C0424,3768.68,2026-08-01 09:13:00,Delhi,Max,Apparel,0
T07521,C0753,2884.53,2026-08-01 09:14:00,Goa,Reliance,Retail,0
T06831,C0684,3947.94,2026-08-01 09:16:00,Mumbai,Spar,Grocery,0
T07981,C0799,767.79,2026-08-01 09:16:00,Kolkata,Amazon,E-commerce,0
T00331,C0034,3533.24,2026-08-01 09:20:00,Chennai,H&M,Apparel,0
T06191,C0620,1196.21,2026-08-01 09:21:00,Delhi,Zara,Apparel,0
T05791,C0580,2885.41,2026-08-01 09:22:00,Bengaluru,Burger King,Restaurant,0
T01971,C0198,5199.14,2026-08-01 09:22:00,Goa,Amazon,E-commerce,0
T08141,C0815,5475.06,2026-08-01 09:23:00,Hyderabad,Myntra,E-commerce,0
T02671,C0268,547.37,2026-08-01 09:24:00,,Burger King,Restaurant,0
T08171,C0818,2809.7,2026-08-01 09:24:00,Bengaluru,Big Chill,Restaurant,0
T03731,C0374,2796.24,2026-08-01 09:25:00,Kolkata,Zara,Apparel,0
T07381,C0739,1801.76,2026-08-01 09:26:00,Bengaluru,,Apparel,0
T06741,C0675,443.05,2026-08-01 09:29:00,Kolkata,Max,Apparel,0
T03081,C0309,3792.92,2026-08-01 09:29:00,Kolkata,,E-commerce,0
T04421,C0443,1733.56,2026-08-01 09:32:00,Goa,Reliance,Retail,0
T03741,C0375,933.11,2026-08-01 09:33:00,Kolkata,Spar,Grocery,0
T07041,C0705,658.35,2026-08-01 09:33:00,Kolkata,Burger King,Restaurant,0
T08551,C0856,2702.36,2026-08-01 09:36:00,Hyderabad,Myntra,E-commerce,0
T07541,C0755,2073.13,2026-08-01 09:36:00,Hyderabad,Burger King,Restaurant,0
T00161,C0017,2563.55,2026-08-01 09:36:00,Hyderabad,H&M,Apparel,0
T08511,C0852,1938.09,2026-08-01 09:37:00,Hyderabad,Flipkart,E-commerce,0
T09761,C0977,3792.84,2026-08-01 09:37:00,Hyderabad,Zara,Apparel,0
T05391,C0540,3564.22,2026-08-01 09:38:00,Pune,Flipkart,E-commerce,0
T04761,C0477,2253.33,2026-08-01 09:40:00,Pune,Big Chill,Restaurant,0
T09351,C0936,2346.04,2026-08-01 09:40:00,Mumbai,Amazon,E-commerce,0
T08221,C0823,2947.01,2026-08-01 09:41:00,Chennai,Flipkart,E-commerce,0
T04341,C0435,2441.14,2026-08-01 09:42:00,Delhi,Amazon,E-commerce,0
T02661,C0267,2263.14,2026-08-01 09:43:00,Chennai,Max,Apparel,0
T00631,C0064,3870.95,2026-08-01 09:45:00,Delhi,Reliance,Retail,0
T06691,C0670,3447.89,2026-08-01 09:47:00,Pune,Amazon,E-commerce,0
T05321,C0533,3779.05,2026-08-01 09:49:00,Goa,Zara,Apparel,0
T06991,C0700,1287.88,2026-08-01 09:52:00,Mumbai,Myntra,E-commerce,0
T05781,C0579,3457.51,2026-08-01 09:55:00,,Big Chill,Restaurant,0
T06681,C0669,3303.53,2026-08-01 09:55:00,Pune,Flipkart,E-commerce,0
T08591,C0860,1758.76,2026-08-01 09:57:00,,Reliance,Retail,0
T01291,C0130,6501.2,2026-08-01 09:58:00,Chennai,Max,Apparel,0
T09041,C0905,858.89,2026-08-01 10:00:00,Goa,Reliance,Retail,0
T06821,C0683,1208.84,2026-08-01 10:00:00,Delhi,Reliance,Retail,0
T02581,C0259,2941.19,2026-08-01 10:01:00,Delhi,Amazon,E-commerce,0
T02231,C0224,1483.35,2026-08-01 10:02:00,Delhi,Myntra,E-commerce,0
T05811,C0582,4741.84,2026-08-01 10:02:00,Hyderabad,H&M,Apparel,0
T04651,C0466,1844.27,2026-08-01 10:02:00,Hyderabad,Max,Apparel,0
T03941,C0395,4534.34,2026-08-01 10:03:00,Hyderabad,Burger King,Restaurant,0
T00561,C0057,1320.27,2026-08-01 10:03:00,Mumbai,Myntra,E-commerce,0
T02491,C0250,1779.19,2026-08-01 10:03:00,Chennai,Spar,Grocery,0
T04771,C0478,2657.03,2026-08-01 10:04:00,Hyderabad,Flipkart,E-commerce,0
T06871,C0688,2439.35,2026-08-01 10:04:00,Chennai,Big Chill,Restaurant,0
T06701,C0671,2185.77,2026-08-01 10:06:00,Goa,Amazon,E-commerce,0
T01841,C0185,2632.65,2026-08-01 10:08:00,Bengaluru,Zara,Apparel,0
T09481,C0949,2174.18,2026-08-01 10:10:00,Bengaluru,Zara,Apparel,0
T06551,C0656,639.96,2026-08-01 10:12:00,Mumbai,Burger King,Restaurant,0
T07551,C0756,955.2,2026-08-01 10:12:00,Kolkata,Myntra,E-commerce,0
T05121,C0513,2260.52,2026-08-01 10:12:00,Chennai,Amazon,E-commerce,0
T01381,C0139,4605.78,2026-08-01 10:14:00,Kolkata,Burger King,Restaurant,0
T00841,C0085,1498.25,2026-08-01 10:16:00,Pune,Big Chill,Restaurant,0
T03841,C0385,3864.29,2026-08-01 10:18:00,Chennai,Reliance,Retail,0
T08921,C0893,4184.26,2026-08-01 10:18:00,Delhi,Amazon,E-commerce,0
T05051,C0506,1760.0,2026-08-01 10:18:00,Hyderabad,Reliance,Retail,0
T09441,C0945,5085.46,2026-08-01 10:19:00,Bengaluru,Spar,Grocery,0
T01331,C0134,4102.56,2026-08-01 10:19:00,Pune,Myntra,E-commerce,0
T06921,C0693,2552.3,2026-08-01 10:19:00,Goa,Flipkart,E-commerce,0
T01861,C0187,3211.53,2026-08-01 10:20:00,Chennai,H&M,Apparel,0
T04891,C0490,1848.22,2026-08-01 10:21:00,Delhi,Burger King,Restaurant,0
T01771,C0178,4843.08,2026-08-01 10:21:00,Delhi,Max,Apparel,0
T09891,C0990,2269.03,2026-08-01 10:21:00,Kolkata,Max,Apparel,0
T05501,C0551,1897.7,2026-08-01 10:24:00,Pune,Reliance,Retail,0
T05731,C0574,2761.53,2026-08-01 10:24:00,Goa,H&M,Apparel,0
T07001,C0701,721.18,2026-08-01 10:26:00,Pune,Max,Apparel,0
T01671,C0168,1891.97,2026-08-01 10:27:00,Bengaluru,Flipkart,E-commerce,0
T01421,C0143,886.49,2026-08-01 10:28:00,Bengaluru,H&M,Apparel,0
T09461,C0947,5499.62,2026-08-01 10:29:00,Kolkata,Amazon,E-commerce,0
T08251,C0826,1289.76,2026-08-01 10:29:00,Bengaluru,Zara,Apparel,0
T00671,C0068,2726.92,2026-08-01 10:31:00,Chennai,Amazon,E-commerce,0
T06761,C0677,4308.85,2026-08-01 10:31:00,Goa,Reliance,Retail,0
T05281,C0529,4729.37,2026-08-01 10:31:00,Bengaluru,Reliance,Retail,0
T01161,C0117,2798.99,2026-08-01 10:32:00,Bengaluru,Spar,Grocery,0
T03651,C0366,2617.24,2026-08-01 10:32:00,Goa,Flipkart,E-commerce,0
T07471,C0748,1148.61,2026-08-01 10:33:00,Bengaluru,Myntra,E-commerce,0
T03871,C0388,5258.79,2026-08-01 10:35:00,Bengaluru,Amazon,E-commerce,0
T02461,C0247,3852.81,2026-08-01 10:36:00,Kolkata,Reliance,Retail,0
T08031,C0804,2425.15,2026-08-01 10:36:00,Kolkata,Burger King,Restaurant,0
T08971,C0898,5806.99,2026-08-01 10:37:00,Kolkata,Reliance,Retail,0
T04381,C0439,3791.56,2026-08-01 10:37:00,Kolkata,Big Chill,Restaurant,0
T05011,C0502,943.03,2026-08-01 10:38:00,Bengaluru,Flipkart,E-commerce,0
T02371,C0238,1227.4,2026-08-01 10:39:00,Delhi,Myntra,E-commerce,0
T06091,C0610,3529.89,2026-08-01 10:39:00,Bengaluru,Big Chill,Restaurant,0
T06661,C0667,322.4,2026-08-01 10:40:00,Pune,Amazon,E-commerce,0
T02781,C0279,2915.19,2026-08-01 10:41:00,Pune,Reliance,Retail,0
T00501,C0051,1962.1,2026-08-01 10:41:00,Chennai,Burger King,Restaurant,0
T01341,C0135,820.65,2026-08-01 10:43:00,Hyderabad,Burger King,Restaurant,0
T05031,C0504,5124.13,2026-08-01 10:45:00,Goa,Big Chill,Restaurant,0
T01051,C0106,1162.91,2026-08-01 10:46:00,Bengaluru,,Grocery,0
T09811,C0982,3732.6,2026-08-01 10:47:00,Pune,Max,Apparel,0
T00731,C0074,2760.24,2026-08-01 10:47:00,Chennai,H&M,Apparel,0
T06781,C0679,1258.65,2026-08-01 10:49:00,Hyderabad,Max,Apparel,0
T07051,C0706,4640.89,2026-08-01 10:50:00,Pune,Flipkart,E-commerce,0
T08611,C0862,915.99,2026-08-01 10:51:00,Mumbai,Flipkart,E-commerce,0
T09871,C0988,5075.36,2026-08-01 10:51:00,Bengaluru,Big Chill,Restaurant,0
T08191,C0820,576.24,2026-08-01 10:52:00,Chennai,Reliance,Retail,0
T03801,C0381,773.06,2026-08-01 10:52:00,Pune,Zara,Apparel,0
T02891,C0290,3050.96,2026-08-01 10:52:00,Kolkata,Burger King,Restaurant,0
T02731,C0274,3130.29,2026-08-01 10:53:00,Delhi,Spar,Grocery,0
T06611,C0662,2784.3,2026-08-01 10:54:00,Bengaluru,Burger King,Restaurant,0
T04911,C0492,861.57,2026-08-01 10:54:00,Delhi,Flipkart,E-commerce,0
T06581,C0659,332.63,2026-08-01 10:55:00,Kolkata,Myntra,E-commerce,0
T03751,C0376,984.71,2026-08-01 10:58:00,Kolkata,Max,Apparel,0
T02351,C0236,6538.33,2026-08-01 10:59:00,Bengaluru,Spar,Grocery,0
T02851,C0286,2344.93,2026-08-01 10:59:00,Delhi,Zara,Apparel,0
T06731,C0674,529.25,2026-08-01 11:00:00,Mumbai,Amazon,E-commerce,0
T01541,C0155,2661.14,2026-08-01 11:00:00,Chennai,Zara,Apparel,0
T07781,C0779,4367.26,2026-08-01 11:00:00,Chennai,Zara,Apparel,0
T07911,C0792,2463.52,2026-08-01 11:01:00,Mumbai,Reliance,Retail,0
T05591,C0560,3945.4,2026-08-01 11:03:00,Goa,Spar,Grocery,0
T03681,C0369,1642.8,2026-08-01 11:03:00,Bengaluru,Zara,Apparel,0
T04671,C0468,1215.55,2026-08-01 11:04:00,Pune,Burger King,Restaurant,0
T03311,C0332,6704.7,2026-08-01 11:04:00,Kolkata,Reliance,Retail,0
T03381,C0339,4376.74,2026-08-01 11:05:00,Hyderabad,Spar,Grocery,0
T05171,C0518,1895.5,2026-08-01 11:05:00,Bengaluru,Spar,Grocery,0
T04261,C0427,3159.0,2026-08-01 11:07:00,Kolkata,Burger King,Restaurant,0
T00641,C0065,1908.87,2026-08-01 11:09:00,Goa,Max,Apparel,0
T08841,C0885,3721.8,2026-08-01 11:10:00,Kolkata,Flipkart,E-commerce,0
T03671,C0368,2856.8,2026-08-01 11:10:00,Hyderabad,Zara,Apparel,0
T03471,C0348,544.97,2026-08-01 11:11:00,Goa,Spar,Grocery,0
T07201,C0721,834.72,2026-08-01 11:11:00,Chennai,Amazon,E-commerce,0
T03891,C0390,793.87,2026-08-01 11:11:00,Bengaluru,Burger King,Restaurant,0
T05071,C0508,2482.42,2026-08-01 11:12:00,Hyderabad,Flipkart,E-commerce,0
T07571,C0758,1972.79,2026-08-01 11:12:00,Bengaluru,Burger King,Restaurant,0
T02691,C0270,1243.81,2026-08-01 11:13:00,Delhi,Zara,Apparel,0
T05341,C0535,3715.31,2026-08-01 11:14:00,Chennai,Reliance,Retail,0
T04621,C0463,1441.38,2026-08-01 11:14:00,Hyderabad,H&M,Apparel,0
T05551,C0556,2316.59,2026-08-01 11:14:00,Mumbai,H&M,Apparel,0
T04441,C0445,4622.48,2026-08-01 11:15:00,Kolkata,,E-commerce,0
T03721,C0373,4409.1,2026-08-01 11:17:00,Bengaluru,Amazon,E-commerce,0
T02281,C0229,2663.53,2026-08-01 11:17:00,Pune,Reliance,Retail,0
T06861,C0687,2881.47,2026-08-01 11:18:00,Mumbai,Myntra,E-commerce,0
T02651,C0266,1680.75,2026-08-01 11:19:00,Bengaluru,Burger King,Restaurant,0
T05541,C0555,3119.43,2026-08-01 11:19:00,Hyderabad,Myntra,E-commerce,0
T07991,C0800,3458.17,2026-08-01 11:20:00,Pune,Flipkart,E-commerce,0
T00041,C0005,3217.4,2026-08-01 11:20:00,Pune,Max,Apparel,0
T04091,C0410,3697.5,2026-08-01 11:20:00,Pune,,Restaurant,0
T09911,C0992,2976.41,2026-08-01 11:21:00,Goa,Burger King,Restaurant,0
T09591,C0960,5294.69,2026-08-01 11:21:00,Goa,,Restaurant,0
T06811,C0682,816.01,2026-08-01 11:22:00,Bengaluru,Amazon,E-commerce,0
T04991,C0500,4347.06,2026-08-01 11:24:00,Hyderabad,Flipkart,E-commerce,0
T01181,C0119,5398.93,2026-08-01 11:25:00,Bengaluru,Flipkart,E-commerce,0
T09271,C0928,6341.5,2026-08-01 11:25:00,Bengaluru,H&M,Apparel,0
T06131,C0614,4410.87,2026-08-01 11:25:00,Bengaluru,H&M,Apparel,0
T01071,C0108,429.08,2026-08-01 11:26:00,Pune,Flipkart,E-commerce,0
T01201,C0121,4850.85,2026-08-01 11:26:00,Delhi,H&M,Apparel,0
T04931,C0494,5311.53,2026-08-01 11:27:00,Mumbai,Spar,Grocery,0
T06251,C0626,3608.57,2026-08-01 11:28:00,Goa,Big Chill,Restaurant,0
T03031,C0304,3836.17,2026-08-01 11:28:00,Delhi,Max,Apparel,0
T09071,C0908,951.87,2026-08-01 11:28:00,Delhi,Max,Apparel,0
T04611,C0462,1823.6,2026-08-01 11:29:00,Bengaluru,Myntra,E-commerce,0
T03451,C0346,2057.77,2026-08-01 11:29:00,Hyderabad,Max,Apparel,0
T02181,C0219,531.21,2026-08-01 11:29:00,Hyderabad,Myntra,E-commerce,0
T05451,C0546,3435.84,2026-08-01 11:30:00,Hyderabad,Max,Apparel,0
T08411,C0842,4732.02,2026-08-01 11:31:00,Pune,Zara,Apparel,0
T01991,C0200,1656.01,2026-08-01 11:31:00,Pune,Max,Apparel,0
T04321,C0433,3080.58,2026-08-01 11:32:00,Hyderabad,Zara,Apparel,0
T01931,C0194,5746.06,2026-08-01 11:35:00,Mumbai,Big Chill,Restaurant,0
T08161,C0817,3190.06,2026-08-01 11:37:00,Goa,Flipkart,E-commerce,0
T00711,C0072,1441.11,2026-08-01 11:37:00,Chennai,Zara,Apparel,0
T07211,C0722,6460.93,2026-08-01 11:37:00,Kolkata,Amazon,E-commerce,0
T09771,C0978,1228.44,2026-08-01 11:37:00,Delhi,Amazon,E-commerce,0
T00931,C0094,3321.21,2026-08-01 11:38:00,Bengaluru,Myntra,E-commerce,0
T01521,C0153,4693.92,2026-08-01 11:40:00,Goa,Reliance,Retail,0
T02741,C0275,2532.08,2026-08-01 11:40:00,Chennai,Flipkart,E-commerce,0
T01621,C0163,1058.49,2026-08-01 11:40:00,Goa,Zara,Apparel,0
T09921,C0993,585.79,2026-08-01 11:41:00,Delhi,Reliance,Retail,0
T04511,C0452,709.55,2026-08-01 11:42:00,Chennai,Max,Apparel,0
T00121,C0013,1350.65,2026-08-01 11:43:00,Hyderabad,H&M,Apparel,0
T00741,C0075,7291.76,2026-08-01 11:44:00,Goa,Big Chill,Restaurant,0
T01431,C0144,2059.32,2026-08-01 11:44:00,Mumbai,H&M,Apparel,0
T03661,C0367,2731.46,2026-08-01 11:46:00,Goa,H&M,Apparel,0
T04701,C0471,3158.87,2026-08-01 11:47:00,Mumbai,Reliance,Retail,0
T04291,C0430,2587.14,2026-08-01 11:52:00,Hyderabad,Max,Apparel,0
T03041,C0305,777.68,2026-08-01 11:53:00,,Myntra,E-commerce,0
T05691,C0570,3709.35,2026-08-01 11:53:00,Delhi,Burger King,Restaurant,0
T07561,C0757,2309.14,2026-08-01 11:53:00,Kolkata,Amazon,E-commerce,0
T03361,C0337,5508.22,2026-08-01 11:53:00,Delhi,Reliance,Retail,0
T06771,C0678,4187.84,2026-08-01 11:54:00,Hyderabad,Myntra,E-commerce,0
T05761,C0577,1171.16,2026-08-01 11:58:00,Pune,Max,Apparel,0
T03701,C0371,1070.08,2026-08-01 11:58:00,Goa,Myntra,E-commerce,0
T09281,C0929,825.63,2026-08-01 12:00:00,Kolkata,Reliance,Retail,0
T04641,C0465,2180.05,2026-08-01 12:01:00,Chennai,Max,Apparel,0
T04481,C0449,3971.03,2026-08-01 12:02:00,Mumbai,Burger King,Restaurant,0
T00071,C0008,4525.58,2026-08-01 12:02:00,Bengaluru,Flipkart,E-commerce,0
T05101,C0511,871.87,2026-08-01 12:02:00,Chennai,H&M,Apparel,0
T03781,C0379,5319.28,2026-08-01 12:04:00,Goa,Myntra,E-commerce,0
T01871,C0188,1959.37,2026-08-01 12:04:00,Chennai,Spar,Grocery,0
T05921,C0593,628.65,2026-08-01 12:05:00,Delhi,Amazon,E-commerce,0
T06931,C0694,1034.61,2026-08-01 12:07:00,Mumbai,Burger King,Restaurant,0
T09621,C0963,1891.63,2026-08-01 12:08:00,Kolkata,Zara,Apparel,0
T07731,C0774,1487.7,2026-08-01 12:09:00,Goa,Flipkart,E-commerce,0
T09581,C0959,1879.15,2026-08-01 12:13:00,Pune,Spar,Grocery,0
T08721,C0873,2124.48,2026-08-01 12:14:00,Mumbai,H&M,Apparel,0
T08571,C0858,7035.3,2026-08-01 12:15:00,Mumbai,Flipkart,E-commerce,0
T04871,C0488,964.2,2026-08-01 12:16:00,,H&M,Apparel,0
T09981,C0999,3110.48,2026-08-01 12:17:00,Kolkata,Myntra,E-commerce,0
T04691,C0470,1535.49,2026-08-01 12:20:00,Goa,H&M,Apparel,0
T01271,C0128,3544.19,2026-08-01 12:20:00,Hyderabad,Reliance,Retail,0
T04561,C0457,2351.45,2026-08-01 12:20:00,Goa,Amazon,E-commerce,0
T05981,C0599,739.36,2026-08-01 12:21:00,Pune,Reliance,Retail,0
T02161,C0217,5166.0,2026-08-01 12:21:00,Hyderabad,Max,Apparel,0
T01581,C0159,2740.74,2026-08-01 12:23:00,,Zara,Apparel,0
T08821,C0883,2107.43,2026-08-01 12:23:00,Hyderabad,Big Chill,Restaurant,0
T05361,C0537,4471.87,2026-08-01 12:24:00,Mumbai,H&M,Apparel,0
T08581,C0859,2222.35,2026-08-01 12:25:00,Delhi,Amazon,E-commerce,0
T01661,C0167,495.79,2026-08-01 12:27:00,Delhi,Amazon,E-commerce,0
T00891,C0090,2049.11,2026-08-01 12:29:00,Bengaluru,Myntra,E-commerce,0
T04191,C0420,633.83,2026-08-01 12:30:00,Goa,Max,Apparel,0
T07621,C0763,2532.12,2026-08-01 12:31:00,Kolkata,Max,Apparel,0
T04631,C0464,1248.62,2026-08-01 12:32:00,Chennai,Flipkart,E-commerce,0
T09221,C0923,2628.56,2026-08-01 12:33:00,Mumbai,,Apparel,0
T01301,C0131,874.64,2026-08-01 12:33:00,Chennai,Flipkart,E-commerce,0
T07451,C0746,3889.62,2026-08-01 12:35:00,Goa,Spar,Grocery,0
T06601,C0661,4531.35,2026-08-01 12:37:00,Kolkata,H&M,Apparel,0
T09141,C0915,1518.95,2026-08-01 12:37:00,Mumbai,Reliance,Retail,0
T01261,C0127,2449.71,2026-08-01 12:38:00,Bengaluru,Reliance,Retail,0
T04491,C0450,2280.23,2026-08-01 12:39:00,Delhi,Max,Apparel,0
T05381,C0539,866.5,2026-08-01 12:41:00,Chennai,H&M,Apparel,0
T08901,C0891,2508.09,2026-08-01 12:42:00,Pune,Zara,Apparel,0
T07681,C0769,1035.18,2026-08-01 12:43:00,Goa,Zara,Apparel,0
T06501,C0651,1973.64,2026-08-01 12:43:00,Bengaluru,Big Chill,Restaurant,0
T09711,C0972,1093.75,2026-08-01 12:44:00,Hyderabad,Max,Apparel,0
T08781,C0879,2999.76,2026-08-01 12:46:00,Hyderabad,H&M,Apparel,0
T00261,C0027,1543.56,2026-08-01 12:48:00,Goa,Amazon,E-commerce,0
T02981,C0299,2238.44,2026-08-01 12:50:00,Mumbai,Flipkart,E-commerce,0
T05711,C0572,863.53,2026-08-01 12:50:00,Chennai,H&M,Apparel,0
T00691,C0070,4422.34,2026-08-01 12:50:00,Chennai,Max,Apparel,0
T04401,C0441,3262.44,2026-08-01 12:51:00,Mumbai,Reliance,Retail,0
T07191,C0720,448.98,2026-08-01 12:52:00,,Zara,Apparel,0
T04571,C0458,2961.74,2026-08-01 12:52:00,Chennai,H&M,Apparel,0
T07581,C0759,1942.77,2026-08-01 12:54:00,Hyderabad,Zara,Apparel,0
T09861,C0987,655.83,2026-08-01 12:56:00,Mumbai,Myntra,E-commerce,0
T00111,C0012,4075.69,2026-08-01 12:58:00,Pune,Burger King,Restaurant,0
T08751,C0876,2575.55,2026-08-01 13:00:00,Goa,Amazon,E-commerce,0
T07261,C0727,4644.89,2026-08-01 13:02:00,Hyderabad,Reliance,Retail,0
T07031,C0704,955.83,2026-08-01 13:03:00,Chennai,Spar,Grocery,0
T00281,C0029,2820.76,2026-08-01 13:03:00,Delhi,Reliance,Retail,0
T05161,C0517,2400.38,2026-08-01 13:04:00,Mumbai,Big Chill,Restaurant,0
T01401,C0141,2341.53,2026-08-01 13:04:00,Hyderabad,Max,Apparel,0
T02431,C0244,5588.63,2026-08-01 13:06:00,Mumbai,Max,Apparel,0
T01121,C0113,1450.41,2026-08-01 13:08:00,Delhi,Max,Apparel,0
T00381,C0039,5331.7,2026-08-01 13:09:00,Mumbai,Reliance,Retail,0
T02301,C0231,1927.03,2026-08-01 13:09:00,Chennai,Reliance,Retail,0
T02901,C0291,5285.71,2026-08-01 13:15:00,Hyderabad,Flipkart,E-commerce,0
T06081,C0609,953.79,2026-08-01 13:19:00,Pune,Big Chill,Restaurant,0
T00171,C0018,2117.41,2026-08-01 13:21:00,Pune,Burger King,Restaurant,0
T09491,C0950,5218.89,2026-08-01 13:23:00,,Flipkart,E-commerce,0
T09201,C0921,4125.36,2026-08-01 13:23:00,Pune,Spar,Grocery,0
T08121,C0813,3854.33,2026-08-01 13:24:00,Kolkata,Reliance,Retail,0
T04161,C0417,1891.87,2026-08-01 13:24:00,Mumbai,Myntra,E-commerce,0
T08201,C0821,2147.06,2026-08-01 13:25:00,Kolkata,,E-commerce,0
T09951,C0996,1411.85,2026-08-01 13:27:00,Goa,Myntra,E-commerce,0
T07121,C0713,5384.14,2026-08-01 13:27:00,Mumbai,Max,Apparel,0
T02551,C0256,1480.7,2026-08-01 13:29:00,Pune,Reliance,Retail,0
T06801,C0681,1987.58,2026-08-01 13:31:00,Pune,Big Chill,Restaurant,0
T08931,C0894,1391.6,2026-08-01 13:36:00,Goa,,E-commerce,0
T07791,C0780,3521.43,2026-08-01 13:36:00,Goa,Reliance,Retail,0
T00551,C0056,4599.48,2026-08-01 13:38:00,Mumbai,Myntra,E-commerce,0
T00211,C0022,3051.6,2026-08-01 13:38:00,Mumbai,Max,Apparel,0
T03911,C0392,3207.78,2026-08-01 13:39:00,Goa,Myntra,E-commerce,0
T01921,C0193,2977.06,2026-08-01 13:39:00,Mumbai,Spar,Grocery,0
T08261,C0827,1505.77,2026-08-01 13:40:00,Goa,Flipkart,E-commerce,0
T03641,C0365,1571.98,2026-08-01 13:40:00,Hyderabad,Spar,Grocery,0
T08981,C0899,6014.68,2026-08-01 13:40:00,Bengaluru,Flipkart,E-commerce,0
T07241,C0725,4989.24,2026-08-01 13:41:00,Bengaluru,H&M,Apparel,0
T01961,C0197,1718.5,2026-08-01 13:41:00,Mumbai,Burger King,Restaurant,0
T09931,C0994,850.83,2026-08-01 13:43:00,Mumbai,Zara,Apparel,0
T02411,C0242,1821.16,2026-08-01 13:43:00,Bengaluru,Burger King,Restaurant,0
T02811,C0282,2649.24,2026-08-01 13:44:00,Goa,Myntra,E-commerce,0
T00511,C0052,1185.05,2026-08-01 13:44:00,Kolkata,Spar,Grocery,0
T09411,C0942,4764.04,2026-08-01 13:45:00,Pune,Reliance,Retail,0
T05261,C0527,1206.52,2026-08-01 13:48:00,Hyderabad,Spar,Grocery,0
T02081,C0209,3445.8,2026-08-01 13:50:00,,Amazon,E-commerce,0
T06151,C0616,1477.14,2026-08-01 13:54:00,Delhi,Reliance,Retail,0
T02361,C0237,4571.4,2026-08-01 13:54:00,Bengaluru,Max,Apparel,0
T03631,C0364,1986.67,2026-08-01 13:55:00,Hyderabad,Flipkart,E-commerce,0
T01281,C0129,345.24,2026-08-01 13:55:00,Hyderabad,Reliance,Retail,0
T07091,C0710,2880.91,2026-08-01 13:58:00,Mumbai,Flipkart,E-commerce,0
T01021,C0103,5076.1,2026-08-01 14:00:00,Chennai,Burger King,Restaurant,0
T06461,C0647,1700.32,2026-08-01 14:02:00,Kolkata,Flipkart,E-commerce,0
T03621,C0363,2944.59,2026-08-01 14:02:00,Chennai,Max,Apparel,0
T05221,C0523,506.33,2026-08-01 14:02:00,Kolkata,Amazon,E-commerce,0
T08331,C0834,1621.21,2026-08-01 14:03:00,Pune,Zara,Apparel,0
T07881,C0789,3192.23,2026-08-01 14:04:00,Hyderabad,Reliance,Retail,0
T05631,C0564,1628.0,2026-08-01 14:05:00,Kolkata,H&M,Apparel,0
T01551,C0156,2681.31,2026-08-01 14:05:00,Bengaluru,Reliance,Retail,0
T01981,C0199,1645.85,2026-08-01 14:05:00,Delhi,Max,Apparel,0
T03951,C0396,2747.14,2026-08-01 14:07:00,Goa,Spar,Grocery,0
T09021,C0903,3338.22,2026-08-01 14:08:00,Delhi,Burger King,Restaurant,0
T08271,C0828,4996.7,2026-08-01 14:10:00,Hyderabad,Big Chill,Restaurant,0
T07161,C0717,920.68,2026-08-01 14:12:00,Chennai,Max,Apparel,0
T06531,C0654,4794.4,2026-08-01 14:13:00,Delhi,H&M,Apparel,0
T08281,C0829,2174.83,2026-08-01 14:14:00,Pune,Max,Apparel,0
T06281,C0629,1324.07,2026-08-01 14:14:00,Goa,Amazon,E-commerce,0
T03021,C0303,4758.91,2026-08-01 14:15:00,Bengaluru,Zara,Apparel,0
T05581,C0559,1544.88,2026-08-01 14:15:00,Chennai,Flipkart,E-commerce,0
T03341,C0335,2780.58,2026-08-01 14:17:00,Bengaluru,Myntra,E-commerce,0
T07661,C0767,2288.68,2026-08-01 14:18:00,Delhi,Spar,Grocery,0
T09291,C0930,2736.65,2026-08-01 14:18:00,,Spar,Grocery,0
T04751,C0476,3950.01,2026-08-01 14:20:00,Pune,H&M,Apparel,0
T08771,C0878,1189.43,2026-08-01 14:21:00,Bengaluru,Burger King,Restaurant,0
T01311,C0132,3022.27,2026-08-01 14:21:00,Kolkata,Zara,Apparel,0
T04001,C0401,3799.21,2026-08-01 14:22:00,Delhi,Big Chill,Restaurant,0
T02071,C0208,840.94,2026-08-01 14:24:00,Bengaluru,Zara,Apparel,0
T06381,C0639,2884.81,2026-08-01 14:24:00,Delhi,Spar,Grocery,0
T06451,C0646,1206.58,2026-08-01 14:24:00,Hyderabad,H&M,Apparel,0
T01101,C0111,5232.19,2026-08-01 14:24:00,Delhi,Big Chill,Restaurant,0
T00451,C0046,1803.96,2026-08-01 14:25:00,Pune,Big Chill,Restaurant,0
T04581,C0459,911.76,2026-08-01 14:25:00,Mumbai,Amazon,E-commerce,0
T04501,C0451,5561.95,2026-08-01 14:26:00,Hyderabad,Big Chill,Restaurant,0
T06901,C0691,437.39,2026-08-01 14:31:00,Kolkata,Zara,Apparel,0
T09091,C0910,867.44,2026-08-01 14:31:00,Delhi,Flipkart,E-commerce,0
T07631,C0764,3348.61,2026-08-01 14:31:00,Chennai,Big Chill,Restaurant,0
T06031,C0604,2693.34,2026-08-01 14:33:00,Bengaluru,Burger King,Restaurant,0
T07821,C0783,1205.19,2026-08-01 14:33:00,Chennai,Flipkart,E-commerce,0
T03711,C0372,2826.16,2026-08-01 14:34:00,Delhi,Zara,Apparel,0
T05411,C0542,1752.99,2026-08-01 14:35:00,Bengaluru,Max,Apparel,0
T08681,C0869,2298.12,2026-08-01 14:35:00,Delhi,Max,Apparel,0
T00471,C0048,723.79,2026-08-01 14:39:00,Mumbai,Reliance,Retail,0
T07851,C0786,5641.36,2026-08-01 14:39:00,,Reliance,Retail,0
T06851,C0686,3016.42,2026-08-01 14:39:00,Hyderabad,Flipkart,E-commerce,0
T00791,C0080,1761.87,2026-08-01 14:40:00,Pune,Myntra,E-commerce,0
T09561,C0957,6140.23,2026-08-01 14:40:00,Goa,H&M,Apparel,0
T02601,C0261,943.52,2026-08-01 14:41:00,Delhi,Myntra,E-commerce,0
T05231,C0524,2461.18,2026-08-01 14:42:00,Hyderabad,Big Chill,Restaurant,0
T08521,C0853,599.88,2026-08-01 14:43:00,Delhi,H&M,Apparel,0
T04051,C0406,5216.49,2026-08-01 14:43:00,Hyderabad,Flipkart,E-commerce,0
T06671,C0668,3270.69,2026-08-01 14:43:00,Hyderabad,Spar,Grocery,0
T04531,C0454,2572.99,2026-08-01 14:44:00,Goa,Zara,Apparel,0
T09751,C0976,704.39,2026-08-01 14:44:00,Delhi,Flipkart,E-commerce,0
T09311,C0932,5105.81,2026-08-01 14:45:00,Kolkata,Reliance,Retail,0
T00581,C0059,2260.16,2026-08-01 14:47:00,,Zara,Apparel,0
T06291,C0630,2629.48,2026-08-01 14:50:00,Mumbai,Zara,Apparel,0
T05081,C0509,474.19,2026-08-01 14:51:00,Hyderabad,Big Chill,Restaurant,0
T03111,C0312,4685.81,2026-08-01 14:53:00,Mumbai,Reliance,Retail,0
T03221,C0323,1467.16,2026-08-01 14:53:00,Mumbai,Big Chill,Restaurant,0
T01321,C0133,2807.16,2026-08-01 14:54:00,Hyderabad,Zara,Apparel,0
T09011,C0902,2357.97,2026-08-01 14:55:00,Hyderabad,Burger King,Restaurant,0
T08481,C0849,1756.45,2026-08-01 14:55:00,Hyderabad,Flipkart,E-commerce,0
T06391,C0640,3951.88,2026-08-01 14:56:00,Kolkata,Myntra,E-commerce,0
T01461,C0147,747.09,2026-08-01 14:56:00,Hyderabad,Flipkart,E-commerce,0
T08951,C0896,409.68,2026-08-01 14:56:00,Pune,Amazon,E-commerce,0
T01681,C0169,5236.73,2026-08-01 14:57:00,Kolkata,Big Chill,Restaurant,0
T05961,C0597,2955.42,2026-08-01 14:57:00,Delhi,Spar,Grocery,0
T04901,C0491,765.14,2026-08-01 14:57:00,Kolkata,Big Chill,Restaurant,0
T09651,C0966,1214.48,2026-08-01 14:58:00,Hyderabad,Max,Apparel,0
T09151,C0916,1371.18,2026-08-01 14:58:00,Delhi,Max,Apparel,0
T07461,C0747,2740.98,2026-08-01 15:00:00,Hyderabad,Burger King,Restaurant,0
T07301,C0731,2437.46,2026-08-01 15:02:00,Hyderabad,Big Chill,Restaurant,0
T07101,C0711,746.2,2026-08-01 15:03:00,Goa,Max,Apparel,0
T06971,C0698,1471.78,2026-08-01 15:03:00,Bengaluru,Big Chill,Restaurant,0
T04241,C0425,3886.36,2026-08-01 15:03:00,Bengaluru,Zara,Apparel,0
T07961,C0797,3078.89,2026-08-01 15:03:00,Goa,Myntra,E-commerce,0
T07061,C0707,634.66,2026-08-01 15:04:00,Mumbai,Big Chill,Restaurant,0
T03351,C0336,5690.35,2026-08-01 15:05:00,Delhi,Spar,Grocery,0
T03491,C0350,3229.25,2026-08-01 15:06:00,Kolkata,Reliance,Retail,0
T00541,C0055,4217.57,2026-08-01 15:07:00,Mumbai,H&M,Apparel,0
T05311,C0532,5064.47,2026-08-01 15:08:00,Bengaluru,Burger King,Restaurant,0
T05241,C0525,1787.76,2026-08-01 15:08:00,Hyderabad,Max,Apparel,0
T02001,C0201,1023.01,2026-08-01 15:08:00,Goa,Myntra,E-commerce,0
T08371,C0838,3925.65,2026-08-01 15:09:00,Bengaluru,Big Chill,Restaurant,0
T05371,C0538,1854.96,2026-08-01 15:10:00,Delhi,Spar,Grocery,0
T09971,C0998,3538.11,2026-08-01 15:16:00,Bengaluru,Flipkart,E-commerce,0
T08891,C0890,5150.92,2026-08-01 15:16:00,Kolkata,Max,Apparel,0
T05471,C0548,1047.62,2026-08-01 15:19:00,Kolkata,Max,Apparel,0
T00001,C0001,799.2,2026-08-01 15:19:00,Mumbai,Myntra,E-commerce,0
T07441,C0745,1785.28,2026-08-01 15:20:00,Bengaluru,Max,Apparel,0
T08051,C0806,4271.22,2026-08-01 15:20:00,Pune,H&M,Apparel,0
T02101,C0211,3246.83,2026-08-01 15:20:00,Pune,Big Chill,Restaurant,0
T08441,C0845,816.06,2026-08-01 15:24:00,Bengaluru,Zara,Apparel,0
T03461,C0347,3961.21,2026-08-01 15:25:00,Goa,Burger King,Restaurant,0
T04371,C0438,1561.12,2026-08-01 15:26:00,Pune,Burger King,Restaurant,0
T06421,C0643,4075.34,2026-08-01 15:27:00,Bengaluru,Myntra,E-commerce,0
T04941,C0495,2360.95,2026-08-01 15:27:00,Pune,Spar,Grocery,0
T03391,C0340,4707.12,2026-08-01 15:28:00,Bengaluru,Reliance,Retail,0
T03271,C0328,3171.0,2026-08-01 15:28:00,Delhi,Big Chill,Restaurant,0
T00131,C0014,3308.02,2026-08-01 15:29:00,Mumbai,Amazon,E-commerce,0
T03861,C0387,2690.21,2026-08-01 15:29:00,Bengaluru,Max,Apparel,0
T03211,C0322,1025.77,2026-08-01 15:29:00,Mumbai,Burger King,Restaurant,0
T00601,C0061,557.32,2026-08-01 15:29:00,Mumbai,Zara,Apparel,0
T07761,C0777,3527.43,2026-08-01 15:31:00,Chennai,Flipkart,E-commerce,0
T02451,C0246,2419.73,2026-08-01 15:31:00,Hyderabad,Zara,Apparel,0
T01411,C0142,1258.35,2026-08-01 15:32:00,Hyderabad,Myntra,E-commerce,0
T06441,C0645,1604.57,2026-08-01 15:32:00,Mumbai,Burger King,Restaurant,0
T09121,C0913,2986.72,2026-08-01 15:34:00,Pune,Max,Apparel,0
T02171,C0218,6209.87,2026-08-01 15:35:00,,Big Chill,Restaurant,0
T08541,C0855,2823.05,2026-08-01 15:37:00,Mumbai,Flipkart,E-commerce,0
T00251,C0026,680.28,2026-08-01 15:37:00,Chennai,Zara,Apparel,0
T03501,C0351,3231.85,2026-08-01 15:38:00,Goa,Zara,Apparel,0
T06261,C0627,1404.49,2026-08-01 15:39:00,Pune,Burger King,Restaurant,0
T08211,C0822,538.96,2026-08-01 15:40:00,Kolkata,Flipkart,E-commerce,0
T01751,C0176,4525.43,2026-08-01 15:41:00,Kolkata,Zara,Apparel,0
T00651,C0066,2122.0,2026-08-01 15:41:00,Bengaluru,H&M,Apparel,0
T04951,C0496,1013.74,2026-08-01 15:43:00,Chennai,Burger King,Restaurant,0
T01641,C0165,3029.92,2026-08-01 15:43:00,Bengaluru,Burger King,Restaurant,0
T04721,C0473,1242.84,2026-08-01 15:43:00,Mumbai,Flipkart,E-commerce,0
T09061,C0907,1686.92,2026-08-01 15:44:00,Kolkata,Big Chill,Restaurant,0
T09521,C0953,5367.11,2026-08-01 15:44:00,,Spar,Grocery,0
T09211,C0922,2116.74,2026-08-01 15:44:00,Mumbai,Burger King,Restaurant,0
T07481,C0749,4466.14,2026-08-01 15:46:00,Delhi,,Restaurant,0
T05131,C0514,3372.87,2026-08-01 15:47:00,Bengaluru,Max,Apparel,0
T06711,C0672,5378.84,2026-08-01 15:47:00,Hyderabad,H&M,Apparel,0
T06231,C0624,5746.79,2026-08-01 15:48:00,Pune,Myntra,E-commerce,0
T00351,C0036,1542.15,2026-08-01 15:49:00,Kolkata,Spar,Grocery,0
T05841,C0585,5612.88,2026-08-01 15:51:00,Hyderabad,Reliance,Retail,0
T09261,C0927,3885.23,2026-08-01 15:53:00,,Spar,Grocery,0
T07901,C0791,2781.87,2026-08-01 15:53:00,Goa,Zara,Apparel,0
T00341,C0035,6755.25,2026-08-01 15:55:00,Chennai,Myntra,E-commerce,0
T03101,C0311,498.2,2026-08-01 15:56:00,,Reliance,Retail,0
T03331,C0334,463.57,2026-08-01 15:57:00,Pune,Amazon,E-commerce,0
T09821,C0983,2054.71,2026-08-01 15:57:00,Bengaluru,Flipkart,E-commerce,0
T04251,C0426,1184.65,2026-08-01 15:58:00,Hyderabad,Flipkart,E-commerce,0
T04111,C0412,1118.62,2026-08-01 15:58:00,Bengaluru,Max,Apparel,0
T09171,C0918,1105.64,2026-08-01 15:59:00,Mumbai,Max,Apparel,0
T02861,C0287,351.78,2026-08-01 15:59:00,Kolkata,Zara,Apparel,0
T04331,C0434,2006.13,2026-08-01 16:00:00,Pune,Zara,Apparel,0
T07861,C0787,2514.83,2026-08-01 16:02:00,Bengaluru,Burger King,Restaurant,0
T03191,C0320,3753.77,2026-08-01 16:02:00,Pune,Flipkart,E-commerce,0
T05911,C0592,718.7,2026-08-01 16:03:00,Mumbai,Flipkart,E-commerce,0
T04071,C0408,3420.68,2026-08-01 16:07:00,Hyderabad,Zara,Apparel,0
T01731,C0174,6731.18,2026-08-01 16:07:00,Mumbai,Flipkart,E-commerce,0
T05491,C0550,1959.58,2026-08-01 16:09:00,Kolkata,H&M,Apparel,0
T06841,C0685,2528.47,2026-08-01 16:10:00,,Reliance,Retail,0
T06791,C0680,2099.78,2026-08-01 16:10:00,Kolkata,Flipkart,E-commerce,0
T04461,C0447,3472.87,2026-08-01 16:12:00,Bengaluru,Amazon,E-commerce,0
T08241,C0825,1521.62,2026-08-01 16:13:00,Hyderabad,Big Chill,Restaurant,0
T00991,C0100,803.06,2026-08-01 16:13:00,Kolkata,Reliance,Retail,0
T06061,C0607,2996.89,2026-08-01 16:14:00,Chennai,Max,Apparel,0
T09431,C0944,2442.57,2026-08-01 16:15:00,Delhi,Flipkart,E-commerce,0
T00151,C0016,3196.93,2026-08-01 16:17:00,Hyderabad,H&M,Apparel,0
T07721,C0773,1711.5,2026-08-01 16:19:00,Pune,H&M,Apparel,0
T07971,C0798,1643.8,2026-08-01 16:21:00,Goa,Reliance,Retail,0
T02701,C0271,1327.49,2026-08-01 16:21:00,,Big Chill,Restaurant,0
T08301,C0831,3498.9,2026-08-01 16:22:00,Hyderabad,Myntra,E-commerce,0
T07511,C0752,822.45,2026-08-01 16:23:00,Bengaluru,Flipkart,E-commerce,0
T09031,C0904,983.2,2026-08-01 16:23:00,Pune,Zara,Apparel,0
T01441,C0145,4999.12,2026-08-01 16:24:00,Pune,Zara,Apparel,0
T00961,C0097,3801.27,2026-08-01 16:25:00,Mumbai,H&M,Apparel,0
T00081,C0009,2854.61,2026-08-01 16:27:00,Mumbai,Reliance,Retail,0
T09471,C0948,2658.5,2026-08-01 16:28:00,Goa,Flipkart,E-commerce,0
T04151,C0416,5125.18,2026-08-01 16:30:00,Bengaluru,Max,Apparel,0
T03241,C0325,3278.6,2026-08-01 16:31:00,Bengaluru,H&M,Apparel,0
T08661,C0867,6083.63,2026-08-01 16:32:00,Hyderabad,Myntra,E-commerce,0
T03071,C0308,1968.19,2026-08-01 16:35:00,Pune,H&M,Apparel,0
T01631,C0164,892.37,2026-08-01 16:35:00,Kolkata,Zara,Apparel,0
T00241,C0025,3605.72,2026-08-01 16:36:00,Bengaluru,Reliance,Retail,0
T06881,C0689,5786.18,2026-08-01 16:36:00,Kolkata,Big Chill,Restaurant,0
T07771,C0778,2535.13,2026-08-01 16:38:00,,Amazon,E-commerce,0
T06321,C0633,1343.14,2026-08-01 16:38:00,Kolkata,H&M,Apparel,0
T05291,C0530,1590.51,2026-08-01 16:39:00,Pune,Max,Apparel,0
T02091,C0210,4396.11,2026-08-01 16:40:00,Bengaluru,Spar,Grocery,0
T02251,C0226,2365.02,2026-08-01 16:40:00,Hyderabad,Flipkart,E-commerce,0
T09401,C0941,3379.9,2026-08-01 16:41:00,Pune,Spar,Grocery,0
T09101,C0911,4323.36,2026-08-01 16:41:00,Delhi,Zara,Apparel,0
T05511,C0552,1652.93,2026-08-01 16:41:00,Goa,Reliance,Retail,0
T02591,C0260,1502.04,2026-08-01 16:44:00,Goa,Spar,Grocery,0
T08351,C0836,2136.32,2026-08-01 16:47:00,Delhi,Reliance,Retail,0
T01791,C0180,4099.66,2026-08-01 16:47:00,Pune,Burger King,Restaurant,0
T00921,C0093,3565.54,2026-08-01 16:48:00,Kolkata,Reliance,Retail,0
T01591,C0160,1275.07,2026-08-01 16:48:00,Delhi,Burger King,Restaurant,0
T03281,C0329,2073.23,2026-08-01 16:51:00,Hyderabad,Spar,Grocery,0
T05141,C0515,1132.91,2026-08-01 16:51:00,Mumbai,Myntra,E-commerce,0
T03521,C0353,5685.64,2026-08-01 16:51:00,Chennai,Myntra,E-commerce,0
T04811,C0482,1291.79,2026-08-01 16:52:00,Bengaluru,H&M,Apparel,0
T02631,C0264,2132.9,2026-08-01 16:53:00,Hyderabad,Myntra,E-commerce,0
T08111,C0812,2936.02,2026-08-01 16:53:00,Delhi,Flipkart,E-commerce,0
T01231,C0124,3858.09,2026-08-01 16:53:00,Goa,Amazon,E-commerce,0
T06561,C0657,665.32,2026-08-01 16:53:00,Goa,Amazon,E-commerce,0
T02031,C0204,4297.03,2026-08-01 16:54:00,Bengaluru,Burger King,Restaurant,0
T07591,C0760,4655.55,2026-08-01 16:54:00,Hyderabad,Burger King,Restaurant,0
T08461,C0847,2319.16,2026-08-01 16:57:00,Hyderabad,,E-commerce,0
T09331,C0934,2356.64,2026-08-01 16:58:00,Goa,Amazon,E-commerce,0
T02331,C0234,5299.63,2026-08-01 16:59:00,Mumbai,Myntra,E-commerce,0
T06481,C0649,2985.22,2026-08-01 17:00:00,Pune,Reliance,Retail,0
T02291,C0230,2074.34,2026-08-01 17:01:00,Hyderabad,Reliance,Retail,0
T02881,C0289,1532.96,2026-08-01 17:01:00,Delhi,Reliance,Retail,0
T09781,C0979,4567.07,2026-08-01 17:01:00,Pune,Burger King,Restaurant,0
T00831,C0084,3099.48,2026-08-01 17:02:00,Chennai,Big Chill,Restaurant,0
T01451,C0146,4463.37,2026-08-01 17:05:00,Bengaluru,H&M,Apparel,0
T00461,C0047,2072.57,2026-08-01 17:06:00,Bengaluru,Flipkart,E-commerce,0
T07311,C0732,1278.04,2026-08-01 17:07:00,Delhi,Myntra,E-commerce,0
T02201,C0221,1334.29,2026-08-01 17:08:00,Hyderabad,H&M,Apparel,0
T02971,C0298,2964.46,2026-08-01 17:08:00,Bengaluru,Big Chill,Restaurant,0
T07361,C0737,2764.64,2026-08-01 17:09:00,Chennai,Burger King,Restaurant,0
T09791,C0980,2037.85,2026-08-01 17:09:00,Hyderabad,Flipkart,E-commerce,0
T09641,C0965,2472.54,2026-08-01 17:10:00,Chennai,Amazon,E-commerce,0
T00441,C0045,3272.6,2026-08-01 17:11:00,Chennai,H&M,Apparel,0
T07531,C0754,2227.9,2026-08-01 17:15:00,Hyderabad,Big Chill,Restaurant,0
T05301,C0531,3845.15,2026-08-01 17:16:00,Delhi,H&M,Apparel,0
T01741,C0175,2830.5,2026-08-01 17:17:00,Kolkata,Flipkart,E-commerce,0
T09451,C0946,3367.47,2026-08-01 17:18:00,Hyderabad,H&M,Apparel,0
T05901,C0591,3174.12,2026-08-01 17:20:00,Mumbai,Burger King,Restaurant,0
T09251,C0926,1200.89,2026-08-01 17:21:00,Chennai,Big Chill,Restaurant,0
T06041,C0605,1241.62,2026-08-01 17:21:00,,Reliance,Retail,0
T02191,C0220,2200.3,2026-08-01 17:23:00,Mumbai,Big Chill,Restaurant,0
T08341,C0835,4355.66,2026-08-01 17:25:00,Goa,H&M,Apparel,0
T01221,C0123,3046.07,2026-08-01 17:27:00,Kolkata,Reliance,Retail,0
T05881,C0589,565.79,2026-08-01 17:28:00,Bengaluru,Amazon,E-commerce,0
T00011,C0002,4336.25,2026-08-01 17:28:00,Goa,Reliance,Retail,0
T08601,C0861,561.94,2026-08-01 17:30:00,Goa,Spar,Grocery,0
T01171,C0118,5652.09,2026-08-01 17:31:00,Hyderabad,Big Chill,Restaurant,0
T00491,C0050,6215.31,2026-08-01 17:31:00,Chennai,Amazon,E-commerce,0
T08701,C0871,2143.98,2026-08-01 17:32:00,,Amazon,E-commerce,0
T04061,C0407,5852.41,2026-08-01 17:34:00,Hyderabad,Flipkart,E-commerce,0
T08961,C0897,4210.62,2026-08-01 17:34:00,Pune,Big Chill,Restaurant,0
T00101,C0011,695.38,2026-08-01 17:34:00,Mumbai,Zara,Apparel,0
T00061,C0007,1016.81,2026-08-01 17:34:00,Mumbai,Myntra,E-commerce,0
T08401,C0841,4565.59,2026-08-01 17:35:00,Pune,Flipkart,E-commerce,0
T02571,C0258,4554.44,2026-08-01 17:35:00,Pune,Flipkart,E-commerce,0
T09601,C0961,5447.62,2026-08-01 17:36:00,Delhi,,Restaurant,0
T02911,C0292,1768.46,2026-08-01 17:36:00,Delhi,Myntra,E-commerce,0
T03981,C0399,1168.85,2026-08-01 17:36:00,Hyderabad,Big Chill,Restaurant,0
T07801,C0781,1471.86,2026-08-01 17:37:00,Bengaluru,H&M,Apparel,0
T00951,C0096,1186.06,2026-08-01 17:37:00,Pune,Burger King,Restaurant,0
T04391,C0440,4004.99,2026-08-01 17:38:00,Kolkata,H&M,Apparel,0
T02131,C0214,2872.07,2026-08-01 17:38:00,Bengaluru,Max,Apparel,0
T02221,C0223,3157.1,2026-08-01 17:39:00,Bengaluru,Burger King,Restaurant,0
T09691,C0970,1366.41,2026-08-01 17:40:00,Bengaluru,Myntra,E-commerce,0
T03601,C0361,4005.81,2026-08-01 17:42:00,Goa,Reliance,Retail,0
T01891,C0190,5935.83,2026-08-01 17:43:00,Kolkata,Spar,Grocery,0
T04791,C0480,1840.02,2026-08-01 17:45:00,Pune,H&M,Apparel,0
T02721,C0273,1215.91,2026-08-01 17:45:00,Hyderabad,Big Chill,Restaurant,0
T01831,C0184,4417.54,2026-08-01 17:46:00,Goa,Big Chill,Restaurant,0
T00401,C0041,2125.82,2026-08-01 17:48:00,Goa,Myntra,E-commerce,0
T00871,C0088,1441.64,2026-08-01 17:48:00,Chennai,Zara,Apparel,0
T08851,C0886,1896.53,2026-08-01 17:48:00,Mumbai,Zara,Apparel,0
T01951,C0196,1292.7,2026-08-01 17:51:00,Mumbai,Big Chill,Restaurant,0
T09661,C0967,3851.71,2026-08-01 17:52:00,Mumbai,Amazon,E-commerce,0
T03811,C0382,2017.54,2026-08-01 17:52:00,Chennai,Myntra,E-commerce,0
T06351,C0636,5382.6,2026-08-01 17:54:00,Delhi,Zara,Apparel,0
T03161,C0317,2247.81,2026-08-01 17:54:00,Delhi,Max,Apparel,0
T09961,C0997,5190.13,2026-08-01 17:55:00,Hyderabad,Myntra,E-commerce,0
T01571,C0158,1310.98,2026-08-01 17:56:00,Pune,Max,Apparel,0
T01721,C0173,1331.22,2026-08-01 17:56:00,Delhi,Spar,Grocery,0
T06961,C0697,5354.41,2026-08-01 17:59:00,Chennai,Max,Apparel,0
T00571,C0058,4208.12,2026-08-01 17:59:00,Hyderabad,Spar,Grocery,0
T00271,C0028,1244.33,2026-08-01 18:00:00,Pune,Amazon,E-commerce,0
T06051,C0606,2659.19,2026-08-01 18:01:00,Delhi,,Grocery,0
T03131,C0314,2521.59,2026-08-01 18:01:00,Goa,Burger King,Restaurant,0
T05431,C0544,1588.48,2026-08-01 18:01:00,Kolkata,Burger King,Restaurant,0
T08741,C0875,812.0,2026-08-01 18:01:00,Goa,Reliance,Retail,0
T02621,C0263,2915.6,2026-08-01 18:01:00,,Max,Apparel,0
T07501,C0751,3636.68,2026-08-01 18:02:00,Bengaluru,Max,Apparel,0
T00751,C0076,2158.23,2026-08-01 18:03:00,Goa,H&M,Apparel,0
T07401,C0741,1415.36,2026-08-01 18:04:00,Kolkata,Myntra,E-commerce,0
T03581,C0359,2779.8,2026-08-01 18:04:00,Pune,Burger King,Restaurant,0
T01711,C0172,4601.15,2026-08-01 18:06:00,Chennai,Flipkart,E-commerce,0
T00031,C0004,1693.66,2026-08-01 18:09:00,Delhi,Flipkart,E-commerce,0
T09511,C0952,968.33,2026-08-01 18:09:00,Kolkata,Big Chill,Restaurant,0
T00901,C0091,2915.24,2026-08-01 18:09:00,Pune,Spar,Grocery,0
T04591,C0460,5251.13,2026-08-01 18:10:00,Pune,Burger King,Restaurant,0
T08911,C0892,3091.85,2026-08-01 18:10:00,Kolkata,Big Chill,Restaurant,0
T08231,C0824,3447.89,2026-08-01 18:11:00,Goa,Zara,Apparel,0
T03421,C0343,3165.13,2026-08-01 18:12:00,Kolkata,Max,Apparel,0
T00481,C0049,749.11,2026-08-01 18:13:00,Pune,H&M,Apparel,0
T03961,C0397,5593.77,2026-08-01 18:20:00,Chennai,Zara,Apparel,0
T06411,C0642,4562.78,2026-08-01 18:21:00,Chennai,Zara,Apparel,0
T00971,C0098,4033.31,2026-08-01 18:21:00,Chennai,Max,Apparel,0
T02241,C0225,3426.9,2026-08-01 18:22:00,Pune,Big Chill,Restaurant,0
T02711,C0272,735.8,2026-08-01 18:22:00,Goa,H&M,Apparel,0
T02061,C0207,1761.84,2026-08-01 18:25:00,Mumbai,Reliance,Retail,0
T07351,C0736,3279.71,2026-08-01 18:25:00,Pune,Zara,Apparel,0
T00531,C0054,1018.25,2026-08-01 18:26:00,Goa,Max,Apparel,0
T03011,C0302,746.32,2026-08-01 18:27:00,Kolkata,,Retail,0
T05601,C0561,4655.22,2026-08-01 18:28:00,Kolkata,Amazon,E-commerce,0
T04301,C0431,4286.1,2026-08-01 18:28:00,Chennai,Reliance,Retail,0
T07601,C0761,1960.24,2026-08-01 18:29:00,Hyderabad,Amazon,E-commerce,0
T08471,C0848,4298.47,2026-08-01 18:30:00,Kolkata,Reliance,Retail,0
T07931,C0794,6006.87,2026-08-01 18:30:00,Kolkata,Amazon,E-commerce,0
T06541,C0655,2122.39,2026-08-01 18:30:00,Chennai,Reliance,Retail,0
T09051,C0906,3150.3,2026-08-01 18:31:00,Pune,Reliance,Retail,0
T01031,C0104,3608.94,2026-08-01 18:32:00,Kolkata,Amazon,E-commerce,0
T00431,C0044,2337.51,2026-08-01 18:32:00,Kolkata,Amazon,E-commerce,0
T01471,C0148,780.31,2026-08-01 18:33:00,Bengaluru,Zara,Apparel,0
T02501,C0251,619.07,2026-08-01 18:33:00,Kolkata,Big Chill,Restaurant,0
T07491,C0750,2911.39,2026-08-01 18:33:00,Pune,Burger King,Restaurant,0
T04861,C0487,5647.66,2026-08-01 18:35:00,Delhi,Amazon,E-commerce,0
T01001,C0101,4235.6,2026-08-01 18:35:00,Goa,Myntra,E-commerce,0
T06891,C0690,4510.23,2026-08-01 18:36:00,Mumbai,Max,Apparel,0
T02641,C0265,1596.48,2026-08-01 18:38:00,Delhi,Reliance,Retail,0
T03151,C0316,1627.75,2026-08-01 18:39:00,Hyderabad,H&M,Apparel,0
T06941,C0695,5284.9,2026-08-01 18:40:00,Chennai,Myntra,E-commerce,0
T00621,C0063,1612.84,2026-08-01 18:41:00,Bengaluru,Flipkart,E-commerce,0
T00221,C0023,2634.34,2026-08-01 18:42:00,Chennai,Big Chill,Restaurant,0
T05941,C0595,628.17,2026-08-01 18:43:00,Mumbai,Max,Apparel,0
T00411,C0042,5515.52,2026-08-01 18:43:00,Pune,H&M,Apparel,0
T00941,C0095,5951.18,2026-08-01 18:46:00,Mumbai,H&M,Apparel,0
T01911,C0192,747.27,2026-08-01 18:47:00,Kolkata,Big Chill,Restaurant,0
T08291,C0830,3304.69,2026-08-01 18:49:00,,Reliance,Retail,0
T06331,C0634,1664.29,2026-08-01 18:50:00,Pune,Amazon,E-commerce,0
T05741,C0575,5234.85,2026-08-01 18:50:00,Bengaluru,Max,Apparel,0
T04921,C0493,542.92,2026-08-01 18:51:00,Bengaluru,Big Chill,Restaurant,0
T00191,C0020,5531.06,2026-08-01 18:54:00,Bengaluru,Myntra,E-commerce,0
T01701,C0171,1756.0,2026-08-01 18:54:00,Hyderabad,Max,Apparel,0
T09371,C0938,2855.99,2026-08-01 18:55:00,Bengaluru,Max,Apparel,0
T04081,C0409,5049.71,2026-08-01 18:55:00,Pune,Zara,Apparel,0
T01481,C0149,3626.6,2026-08-01 18:56:00,Goa,Reliance,Retail,0
T01141,C0115,4215.96,2026-08-01 18:56:00,Chennai,,Retail,0
T08791,C0880,2992.15,2026-08-01 18:57:00,Bengaluru,,Grocery,0
T07221,C0723,1548.02,2026-08-01 18:58:00,Bengaluru,H&M,Apparel,0
T06491,C0650,3517.88,2026-08-01 18:59:00,Pune,Amazon,E-commerce,0
T01151,C0116,1168.06,2026-08-01 18:59:00,Chennai,Amazon,E-commerce,0
T06001,C0601,1239.4,2026-08-01 19:00:00,Pune,H&M,Apparel,0
T07611,C0762,2735.22,2026-08-01 19:00:00,Delhi,Myntra,E-commerce,0
T00981,C0099,3623.94,2026-08-01 19:01:00,Mumbai,Flipkart,E-commerce,0
T01611,C0162,1174.15,2026-08-01 19:01:00,Chennai,Zara,Apparel,0
T05771,C0578,674.03,2026-08-01 19:01:00,Kolkata,Big Chill,Restaurant,0
T07071,C0708,2727.91,2026-08-01 19:01:00,Pune,Flipkart,E-commerce,0
T05611,C0562,2058.2,2026-08-01 19:02:00,Goa,Flipkart,E-commerce,0
T04471,C0448,4419.36,2026-08-01 19:04:00,Pune,Spar,Grocery,0
T05821,C0583,3928.03,2026-08-01 19:04:00,Chennai,Zara,Apparel,0
T05521,C0553,2141.62,2026-08-01 19:07:00,Bengaluru,Flipkart,E-commerce,0
T01491,C0150,3135.04,2026-08-01 19:11:00,Bengaluru,Spar,Grocery,0
T01041,C0105,4593.99,2026-08-01 19:12:00,Kolkata,Reliance,Retail,0
T07291,C0730,2285.96,2026-08-01 19:12:00,Delhi,Zara,Apparel,0
T06141,C0615,1071.53,2026-08-01 19:13:00,Pune,Reliance,Retail,0
T04451,C0446,1440.19,2026-08-01 19:13:00,Chennai,,Apparel,0
T08071,C0808,2473.35,2026-08-01 19:14:00,Kolkata,Amazon,E-commerce,0
T08941,C0895,3070.45,2026-08-01 19:14:00,Kolkata,H&M,Apparel,0
T09571,C0958,948.32,2026-08-01 19:15:00,Pune,H&M,Apparel,0
T03431,C0344,3630.83,2026-08-01 19:16:00,,Big Chill,Restaurant,0
T02941,C0295,968.58,2026-08-01 19:16:00,Hyderabad,Big Chill,Restaurant,0
T01241,C0125,2035.14,2026-08-01 19:16:00,Bengaluru,H&M,Apparel,0
T05651,C0566,2012.14,2026-08-01 19:17:00,Goa,Flipkart,E-commerce,0
T02521,C0253,1708.2,2026-08-01 19:17:00,Delhi,Flipkart,E-commerce,0
T03321,C0333,2182.99,2026-08-01 19:17:00,Mumbai,Zara,Apparel,0
T01901,C0191,5951.68,2026-08-01 19:17:00,Mumbai,Flipkart,E-commerce,0
T01251,C0126,2923.11,2026-08-01 19:17:00,Mumbai,Myntra,E-commerce,0
T05251,C0526,1801.33,2026-08-01 19:19:00,Bengaluru,Burger King,Restaurant,0
T07371,C0738,2440.28,2026-08-01 19:21:00,Goa,Amazon,E-commerce,0
T07811,C0782,2400.17,2026-08-01 19:22:00,Pune,Spar,Grocery,0
T06171,C0618,6428.99,2026-08-01 19:22:00,Kolkata,Max,Apparel,0
T01091,C0110,5324.79,2026-08-01 19:24:00,,Zara,Apparel,0
T00231,C0024,5479.62,2026-08-01 19:24:00,Bengaluru,,E-commerce,0
T07281,C0729,1409.36,2026-08-01 19:24:00,Delhi,Amazon,E-commerce,0
T02141,C0215,3293.12,2026-08-01 19:24:00,Goa,Myntra,E-commerce,0
T00911,C0092,1417.79,2026-08-01 19:26:00,Kolkata,Flipkart,E-commerce,0
T00811,C0082,1294.31,2026-08-01 19:26:00,Delhi,Zara,Apparel,0
T01761,C0177,3404.65,2026-08-01 19:29:00,Goa,Reliance,Retail,0
T03531,C0354,1639.76,2026-08-01 19:30:00,Kolkata,Zara,Apparel,0
T02961,C0297,840.8,2026-08-01 19:30:00,Hyderabad,Reliance,Retail,0
T09841,C0985,3948.36,2026-08-01 19:31:00,Kolkata,Max,Apparel,0
T09881,C0989,4986.07,2026-08-01 19:31:00,Kolkata,Flipkart,E-commerce,0
T09391,C0940,674.21,2026-08-01 19:32:00,Pune,Flipkart,E-commerce,0
T01511,C0152,2586.61,2026-08-01 19:32:00,Chennai,Amazon,E-commerce,0
T01081,C0109,2380.03,2026-08-01 19:33:00,Kolkata,Big Chill,Restaurant,0
T08501,C0851,837.7,2026-08-01 19:35:00,Hyderabad,Myntra,E-commerce,0
T09111,C0912,2230.57,2026-08-01 19:35:00,Pune,Max,Apparel,0
T04281,C0429,4030.31,2026-08-01 19:36:00,Kolkata,Zara,Apparel,0
T07831,C0784,3073.95,2026-08-01 19:37:00,Pune,H&M,Apparel,0
T04031,C0404,4748.86,2026-08-01 19:38:00,Chennai,Flipkart,E-commerce,0
T03181,C0319,4543.77,2026-08-01 19:38:00,Kolkata,Zara,Apparel,0
T00821,C0083,525.57,2026-08-01 19:38:00,Delhi,Spar,Grocery,0
T06181,C0619,1359.36,2026-08-01 19:39:00,Goa,Reliance,Retail,0
T07421,C0743,1408.66,2026-08-01 19:39:00,Bengaluru,Burger King,Restaurant,0
T05971,C0598,4538.7,2026-08-01 19:39:00,Pune,Big Chill,Restaurant,0
T09181,C0919,4821.51,2026-08-01 19:39:00,Delhi,Flipkart,E-commerce,0
T01011,C0102,2640.03,2026-08-01 19:40:00,Hyderabad,H&M,Apparel,0
T06201,C0621,1247.6,2026-08-01 19:42:00,Mumbai,Burger King,Restaurant,0
T06911,C0692,1967.78,2026-08-01 19:43:00,Hyderabad,Spar,Grocery,0
T04681,C0469,4163.33,2026-08-01 19:44:00,Delhi,Flipkart,E-commerce,0
T03401,C0341,3021.5,2026-08-01 19:44:00,Chennai,Zara,Apparel,0
T08991,C0900,2982.71,2026-08-01 19:45:00,Goa,Reliance,Retail,0
T09421,C0943,1714.94,2026-08-01 19:46:00,Chennai,Big Chill,Restaurant,0
T01691,C0170,3766.04,2026-08-01 19:49:00,Kolkata,Spar,Grocery,0
T00771,C0078,3224.84,2026-08-01 19:49:00,Delhi,Spar,Grocery,0
T00021,C0003,449.59,2026-08-01 19:49:00,Chennai,H&M,Apparel,0
T03971,C0398,4425.24,2026-08-01 19:50:00,Kolkata,Amazon,E-commerce,0
T08731,C0874,4344.66,2026-08-01 19:51:00,Chennai,,E-commerce,0
T06471,C0648,5894.18,2026-08-01 19:52:00,Goa,Amazon,E-commerce,0
T09721,C0973,4434.77,2026-08-01 19:53:00,Goa,H&M,Apparel,0
T01821,C0183,4152.83,2026-08-01 19:55:00,Kolkata,H&M,Apparel,0
T05561,C0557,1357.03,2026-08-01 19:56:00,Bengaluru,Max,Apparel,0
T07711,C0772,5598.89,2026-08-01 19:56:00,Hyderabad,Big Chill,Restaurant,0
T04601,C0461,2405.63,2026-08-01 19:59:00,Pune,Flipkart,E-commerce,0
T02011,C0202,4340.59,2026-08-01 20:02:00,Kolkata,H&M,Apparel,0
T09831,C0984,5180.5,2026-08-01 20:03:00,Kolkata,Zara,Apparel,0
T02561,C0257,4399.83,2026-08-01 20:04:00,Hyderabad,Zara,Apparel,0
T01501,C0151,2435.91,2026-08-01 20:06:00,Delhi,Zara,Apparel,0
T08621,C0863,3875.65,2026-08-01 20:08:00,Mumbai,Zara,Apparel,0
T03831,C0384,3093.04,2026-08-01 20:08:00,Kolkata,Reliance,Retail,0
T03851,C0386,669.68,2026-08-01 20:09:00,Delhi,Burger King,Restaurant,0
T02261,C0227,5401.3,2026-08-01 20:09:00,Goa,Reliance,Retail,0
T05801,C0581,4411.97,2026-08-01 20:10:00,Hyderabad,Spar,Grocery,0
T07951,C0796,4494.22,2026-08-01 20:11:00,Chennai,Burger King,Restaurant,0
T00311,C0032,6549.74,2026-08-01 20:13:00,Mumbai,Max,Apparel,0
T05091,C0510,1220.33,2026-08-01 20:13:00,Pune,Max,Apparel,0
T02311,C0232,2928.88,2026-08-01 20:14:00,Pune,Amazon,E-commerce,0
T00361,C0037,3944.23,2026-08-01 20:14:00,Delhi,H&M,Apparel,0
T08391,C0840,774.92,2026-08-01 20:14:00,Delhi,H&M,Apparel,0
T07751,C0776,4521.83,2026-08-01 20:15:00,Mumbai,Reliance,Retail,0
T03881,C0389,934.79,2026-08-01 20:15:00,Chennai,Spar,Grocery,0
T03301,C0331,995.43,2026-08-01 20:16:00,Goa,Max,Apparel,0
T09131,C0914,1744.15,2026-08-01 20:16:00,Bengaluru,Flipkart,E-commerce,0
T00391,C0040,2246.28,2026-08-01 20:17:00,Pune,H&M,Apparel,0
T04011,C0402,3390.11,2026-08-01 20:17:00,Goa,Reliance,Retail,0
T09361,C0937,4115.14,2026-08-01 20:18:00,Chennai,Myntra,E-commerce,0
T06221,C0623,1633.58,2026-08-01 20:18:00,Hyderabad,Reliance,Retail,0
T08151,C0816,2964.76,2026-08-01 20:19:00,Hyderabad,Burger King,Restaurant,0
T01191,C0120,4209.75,2026-08-01 20:19:00,Delhi,Reliance,Retail,0
T00181,C0019,1539.73,2026-08-01 20:19:00,Bengaluru,Myntra,E-commerce,0
T03791,C0380,1753.91,2026-08-01 20:22:00,Hyderabad,,Restaurant,0
T05621,C0563,2392.3,2026-08-01 20:24:00,Kolkata,Burger King,Restaurant,0
T05991,C0600,1893.68,2026-08-01 20:25:00,Chennai,Spar,Grocery,0
T02931,C0294,3424.78,2026-08-01 20:25:00,Hyderabad,Reliance,Retail,0
T01781,C0179,1955.23,2026-08-01 20:25:00,Bengaluru,Big Chill,Restaurant,0
T04121,C0413,3648.02,2026-08-01 20:27:00,Chennai,Zara,Apparel,0
T02391,C0240,4606.96,2026-08-01 20:28:00,Mumbai,,Grocery,0
T01531,C0154,2744.01,2026-08-01 20:28:00,Mumbai,H&M,Apparel,0
T09551,C0956,2489.76,2026-08-01 20:29:00,Goa,H&M,Apparel,0
T07111,C0712,6057.72,2026-08-01 20:31:00,Pune,Big Chill,Restaurant,0
T00701,C0071,4225.8,2026-08-01 20:32:00,Delhi,Flipkart,E-commerce,0
T01811,C0182,2444.98,2026-08-01 20:32:00,Bengaluru,Reliance,Retail,0
T04171,C0418,2383.4,2026-08-01 20:34:00,Delhi,H&M,Apparel,0
T04661,C0467,1281.63,2026-08-01 20:34:00,Chennai,H&M,Apparel,0
T03371,C0338,2063.48,2026-08-01 20:37:00,Hyderabad,Burger King,Restaurant,0
T07741,C0775,3147.54,2026-08-01 20:37:00,Bengaluru,Amazon,E-commerce,0
T04021,C0403,429.82,2026-08-01 20:37:00,Pune,,Restaurant,0
T08491,C0850,2703.49,2026-08-01 20:39:00,Goa,Reliance,Retail,0
T02121,C0213,952.76,2026-08-01 20:40:00,Kolkata,Max,Apparel,0
T03561,C0357,2192.06,2026-08-01 20:40:00,Mumbai,Max,Apparel,0
T04971,C0498,2476.38,2026-08-01 20:41:00,,Amazon,E-commerce,0
T02841,C0285,734.72,2026-08-01 20:42:00,Kolkata,Zara,Apparel,0
T07691,C0770,2414.26,2026-08-01 20:44:00,Kolkata,Spar,Grocery,0
T00051,C0006,2685.21,2026-08-01 20:45:00,Chennai,Spar,Grocery,0
T04271,C0428,1559.55,2026-08-01 20:45:00,Bengaluru,Spar,Grocery,0
T01881,C0189,4934.43,2026-08-01 20:45:00,Kolkata,Max,Apparel,0
T07081,C0709,2059.58,2026-08-01 20:46:00,Kolkata,Burger King,Restaurant,0
T09611,C0962,3282.58,2026-08-01 20:47:00,Hyderabad,Myntra,E-commerce,0
T00661,C0067,4114.21,2026-08-01 20:47:00,Bengaluru,Myntra,E-commerce,0
T09801,C0981,1719.72,2026-08-01 20:47:00,,Spar,Grocery,0
T05271,C0528,6113.93,2026-08-01 20:47:00,Kolkata,Spar,Grocery,0
T06101,C0611,1208.73,2026-08-01 20:48:00,Chennai,Flipkart,E-commerce,0
T08641,C0865,3044.94,2026-08-01 20:51:00,Delhi,Flipkart,E-commerce,0
T02791,C0280,3487.11,2026-08-01 20:52:00,Mumbai,Spar,Grocery,0
T09531,C0954,2737.31,2026-08-01 20:52:00,Delhi,H&M,Apparel,0
T06211,C0622,2259.63,2026-08-01 20:52:00,Kolkata,Burger King,Restaurant,0
T09901,C0991,2468.53,2026-08-01 20:54:00,Pune,H&M,Apparel,0
T02801,C0281,1580.29,2026-08-01 20:54:00,Goa,H&M,Apparel,0
T06511,C0652,4157.54,2026-08-01 20:55:00,Kolkata,,Retail,0
T01351,C0136,2018.73,2026-08-01 20:55:00,Pune,Spar,Grocery,0
T03441,C0345,1929.87,2026-08-01 20:55:00,Bengaluru,Big Chill,Restaurant,0
T07021,C0703,2954.0,2026-08-01 20:56:00,Kolkata,Flipkart,E-commerce,0
T04881,C0489,402.45,2026-08-01 20:56:00,Goa,Burger King,Restaurant,0
T07181,C0719,3097.23,2026-08-01 20:56:00,Hyderabad,Burger King,Restaurant,0
T03001,C0301,2012.5,2026-08-01 20:57:00,Delhi,Spar,Grocery,0
T04101,C0411,1219.51,2026-08-01 20:57:00,Kolkata,Flipkart,E-commerce,0
T04731,C0474,1404.28,2026-08-01 20:57:00,Kolkata,Zara,Apparel,0
T07331,C0734,2014.96,2026-08-01 20:59:00,Hyderabad,H&M,Apparel,0
T09381,C0939,3187.1,2026-08-01 21:02:00,Kolkata,Flipkart,E-commerce,0
T06521,C0653,747.36,2026-08-01 21:02:00,Kolkata,Amazon,E-commerce,0
T05191,C0520,1472.91,2026-08-01 21:03:00,Bengaluru,Spar,Grocery,0
T08081,C0809,2045.7,2026-08-01 21:04:00,Mumbai,Flipkart,E-commerce,0
T03901,C0391,3238.96,2026-08-01 21:04:00,Bengaluru,Myntra,E-commerce,0
T07391,C0740,2888.24,2026-08-01 21:05:00,Chennai,H&M,Apparel,0
T05111,C0512,451.05,2026-08-01 21:05:00,,Big Chill,Restaurant,0
T04831,C0484,4747.15,2026-08-01 21:06:00,Kolkata,Myntra,E-commerce,0
T06591,C0660,1080.17,2026-08-01 21:06:00,Hyderabad,Zara,Apparel,0
T05181,C0519,3720.24,2026-08-01 21:06:00,Goa,Zara,Apparel,0
T02951,C0296,2155.85,2026-08-01 21:07:00,Bengaluru,Myntra,E-commerce,0
T04711,C0472,772.53,2026-08-01 21:09:00,Pune,Myntra,E-commerce,0
T01131,C0114,3443.66,2026-08-01 21:14:00,Kolkata,Flipkart,E-commerce,0
T06311,C0632,2699.63,2026-08-01 21:15:00,Bengaluru,Myntra,E-commerce,0
T09501,C0951,3028.56,2026-08-01 21:16:00,Pune,Reliance,Retail,0
T08361,C0837,4607.26,2026-08-01 21:16:00,Pune,Big Chill,Restaurant,0
T01801,C0181,2898.13,2026-08-01 21:18:00,Goa,Zara,Apparel,0
T00091,C0010,5793.0,2026-08-01 21:18:00,Bengaluru,Spar,Grocery,0
T06951,C0696,1037.79,2026-08-01 21:19:00,Goa,H&M,Apparel,0
T03251,C0326,1353.71,2026-08-01 21:21:00,,Flipkart,E-commerce,0
T09301,C0931,5128.52,2026-08-01 21:21:00,Goa,Spar,Grocery,0
T02511,C0252,3175.69,2026-08-01 21:21:00,Mumbai,Max,Apparel,0
T05891,C0590,2030.49,2026-08-01 21:21:00,Chennai,Big Chill,Restaurant,0
T09321,C0933,2079.62,2026-08-01 21:21:00,Chennai,Myntra,E-commerce,0
T05351,C0536,2735.69,2026-08-01 21:21:00,Delhi,Reliance,Retail,0
T05751,C0576,3223.57,2026-08-01 21:22:00,Chennai,Myntra,E-commerce,0
T06751,C0676,4337.12,2026-08-01 21:24:00,Hyderabad,Amazon,E-commerce,0
T08101,C0811,4712.45,2026-08-01 21:24:00,Pune,Myntra,E-commerce,0
T07871,C0788,795.5,2026-08-01 21:25:00,Kolkata,Zara,Apparel,0
T06651,C0666,1458.54,2026-08-01 21:26:00,Hyderabad,,E-commerce,0
T04181,C0419,1200.11,2026-08-01 21:27:00,Delhi,Reliance,Retail,0
T05421,C0543,1529.41,2026-08-01 21:28:00,Hyderabad,H&M,Apparel,0
T08311,C0832,5381.12,2026-08-01 21:28:00,Bengaluru,Amazon,E-commerce,0
T02051,C0206,4663.02,2026-08-01 21:28:00,Kolkata,Big Chill,Restaurant,0
T08881,C0889,4273.75,2026-08-01 21:29:00,Pune,Zara,Apparel,0
T04041,C0405,3346.3,2026-08-01 21:30:00,Delhi,Zara,Apparel,0
T08831,C0884,1260.26,2026-08-01 21:31:00,Hyderabad,Burger King,Restaurant,0
T07011,C0702,2147.35,2026-08-01 21:31:00,,Zara,Apparel,0
T09161,C0917,1470.23,2026-08-01 21:32:00,Mumbai,Myntra,E-commerce,0
T07921,C0793,2733.35,2026-08-01 21:32:00,Chennai,Zara,Apparel,0
T09231,C0924,445.11,2026-08-01 21:33:00,Pune,Burger King,Restaurant,0
T03201,C0321,1425.04,2026-08-01 21:33:00,Chennai,H&M,Apparel,0
T02761,C0277,874.93,2026-08-01 21:33:00,Hyderabad,Big Chill,Restaurant,0
T03571,C0358,3247.38,2026-08-01 21:33:00,Goa,Reliance,Retail,0
T07671,C0768,1351.22,2026-08-01 21:34:00,Bengaluru,Flipkart,E-commerce,0
T08691,C0870,3044.32,2026-08-01 21:34:00,Chennai,Big Chill,Restaurant,0
T02751,C0276,864.8,2026-08-01 21:35:00,Chennai,Burger King,Restaurant,0
T06981,C0699,906.61,2026-08-01 21:36:00,Kolkata,Big Chill,Restaurant,0
T09081,C0909,2492.41,2026-08-01 21:36:00,Goa,Myntra,E-commerce,0
T02831,C0284,5027.32,2026-08-01 21:36:00,Hyderabad,Myntra,E-commerce,0
T04351,C0436,2342.26,2026-08-01 21:37:00,Mumbai,Big Chill,Restaurant,0
T02541,C0255,4569.83,2026-08-01 21:37:00,Bengaluru,Reliance,Retail,0
T09241,C0925,1811.94,2026-08-01 21:37:00,Mumbai,Spar,Grocery,0
T05701,C0571,3593.88,2026-08-01 21:37:00,Mumbai,Spar,Grocery,0
T07231,C0724,1868.11,2026-08-01 21:40:00,Goa,Spar,Grocery,0
T02481,C0249,2470.07,2026-08-01 21:41:00,Kolkata,Reliance,Retail,0
T08531,C0854,4127.68,2026-08-01 21:43:00,Pune,Big Chill,Restaurant,0
T09741,C0975,1023.72,2026-08-01 21:45:00,Pune,Max,Apparel,0
T07641,C0765,3863.72,2026-08-01 21:46:00,Delhi,Amazon,E-commerce,0
T04821,C0483,2331.51,2026-08-01 21:48:00,Pune,Zara,Apparel,0
T01651,C0166,5334.05,2026-08-01 21:49:00,Delhi,Zara,Apparel,0
T05571,C0558,1504.1,2026-08-01 21:49:00,Chennai,Big Chill,Restaurant,0
T02771,C0278,4159.7,2026-08-01 21:49:00,Chennai,Spar,Grocery,0
T05061,C0507,865.78,2026-08-01 21:49:00,,H&M,Apparel,0
T07841,C0785,283.85,2026-08-01 21:50:00,Delhi,Reliance,Retail,0
T09191,C0920,1088.88,2026-08-01 21:50:00,Chennai,Flipkart,E-commerce,0
T08381,C0839,6662.28,2026-08-01 21:51:00,Chennai,Flipkart,E-commerce,0
T04361,C0437,4774.47,2026-08-01 21:51:00,Bengaluru,Spar,Grocery,0
T02401,C0241,1346.53,2026-08-01 21:51:00,Mumbai,Myntra,E-commerce,0
T05001,C0501,1672.0,2026-08-01 21:52:00,Pune,Burger King,Restaurant,0
T06241,C0625,986.3,2026-08-01 21:54:00,Pune,Burger King,Restaurant,0
T06721,C0673,4316.21,2026-08-01 21:55:00,Kolkata,,E-commerce,0
T08001,C0801,1594.9,2026-08-01 21:57:00,Mumbai,Reliance,Retail,0
T03291,C0330,1888.12,2026-08-01 21:57:00,Hyderabad,Reliance,Retail,0
T08021,C0803,757.39,2026-08-01 21:58:00,Delhi,,E-commerce,0
T08061,C0807,1683.81,2026-08-01 21:59:00,Mumbai,Burger King,Restaurant,0
T08451,C0846,2440.48,2026-08-01 21:59:00,Hyderabad,Burger King,Restaurant,0
T07341,C0735,1853.62,2026-08-01 22:00:00,Delhi,Myntra,E-commerce,0
T02681,C0269,1002.21,2026-08-01 22:03:00,Bengaluru,Myntra,E-commerce,0
T08091,C0810,6062.35,2026-08-01 22:03:00,Delhi,Zara,Apparel,0
T02211,C0222,4596.49,2026-08-01 22:04:00,Hyderabad,Burger King,Restaurant,0
T08861,C0887,4124.04,2026-08-01 22:04:00,Goa,Reliance,Retail,0
T09731,C0974,4318.98,2026-08-01 22:05:00,Bengaluru,Big Chill,Restaurant,0
T05151,C0516,915.3,2026-08-01 22:05:00,Chennai,Flipkart,E-commerce,0
T02021,C0203,1382.73,2026-08-01 22:06:00,Bengaluru,Amazon,E-commerce,0
T01361,C0137,2673.09,2026-08-01 22:07:00,Bengaluru,Reliance,Retail,0
T08671,C0868,957.7,2026-08-01 22:09:00,Mumbai,Big Chill,Restaurant,0
T03771,C0378,5055.47,2026-08-01 22:09:00,Hyderabad,Big Chill,Restaurant,0
T04551,C0456,4430.17,2026-08-01 22:09:00,Chennai,H&M,Apparel,0
T05531,C0554,3027.48,2026-08-01 22:10:00,Chennai,Spar,Grocery,0
T00521,C0053,2746.28,2026-08-01 22:10:00,Delhi,Spar,Grocery,0
T05401,C0541,1276.8,2026-08-01 22:10:00,Goa,Reliance,Retail,0
T00421,C0043,2912.04,2026-08-01 22:10:00,Mumbai,Big Chill,Restaurant,0
T02321,C0233,1041.78,2026-08-01 22:11:00,Hyderabad,Myntra,E-commerce,0
T09851,C0986,2821.41,2026-08-01 22:12:00,Chennai,Big Chill,Restaurant,0
T05041,C0505,1398.51,2026-08-01 22:12:00,Bengaluru,Myntra,E-commerce,0
T04431,C0444,2297.44,2026-08-01 22:12:00,Pune,Flipkart,E-commerce,0
T05851,C0586,294.46,2026-08-01 22:12:00,Kolkata,Myntra,E-commerce,0
T08421,C0843,4114.25,2026-08-01 22:14:00,Goa,Myntra,E-commerce,0
T08801,C0881,1555.99,2026-08-01 22:16:00,Kolkata,Max,Apparel,0
T06431,C0644,1002.6,2026-08-01 22:18:00,Kolkata,Max,Apparel,0
T06301,C0631,3115.4,2026-08-01 22:19:00,Mumbai,H&M,Apparel,0
T07411,C0742,666.3,2026-08-01 22:19:00,Mumbai,Spar,Grocery,0
T05681,C0569,1426.82,2026-08-01 22:21:00,Chennai,H&M,Apparel,0
T00681,C0069,3588.44,2026-08-01 22:21:00,Goa,Burger King,Restaurant,0
T01371,C0138,2029.63,2026-08-01 22:22:00,Pune,Burger King,Restaurant,0
T07131,C0714,2665.92,2026-08-01 22:22:00,Bengaluru,Burger King,Restaurant,0
T01601,C0161,2976.82,2026-08-01 22:23:00,Mumbai,Flipkart,E-commerce,0
T03411,C0342,762.31,2026-08-01 22:23:00,Hyderabad,Myntra,E-commerce,0
T02921,C0293,3143.27,2026-08-01 22:25:00,Goa,Zara,Apparel,0
T09681,C0969,2501.22,2026-08-01 22:26:00,Hyderabad,Max,Apparel,0
T07941,C0795,4130.99,2026-08-01 22:27:00,,Reliance,Retail,0
T08041,C0805,2724.23,2026-08-01 22:27:00,Pune,Amazon,E-commerce,0
T07431,C0744,6903.86,2026-08-01 22:31:00,Hyderabad,Spar,Grocery,0
T02041,C0205,5733.82,2026-08-01 22:33:00,Hyderabad,Zara,Apparel,0
T07171,C0718,4419.7,2026-08-01 22:34:00,Mumbai,Flipkart,E-commerce,0
T03121,C0313,5472.22,2026-08-01 22:34:00,Mumbai,Flipkart,E-commerce,0
T00761,C0077,986.72,2026-08-01 22:34:00,Bengaluru,Reliance,Retail,0
T06361,C0637,4157.31,2026-08-01 22:35:00,Pune,Burger King,Restaurant,0
T04801,C0481,437.69,2026-08-01 22:37:00,Goa,Burger King,Restaurant,0
T03141,C0315,4406.62,2026-08-01 22:39:00,Hyderabad,Big Chill,Restaurant,0
T02611,C0262,1612.8,2026-08-01 22:39:00,,Reliance,Retail,0
T04131,C0414,3941.81,2026-08-01 22:40:00,Bengaluru,Burger King,Restaurant,0
T03551,C0356,3670.49,2026-08-01 22:40:00,Kolkata,Myntra,E-commerce,0
T09671,C0968,3341.58,2026-08-01 22:41:00,Delhi,Reliance,Retail,0
T03541,C0355,696.33,2026-08-01 22:41:00,Pune,Amazon,E-commerce,0
T01111,C0112,1957.73,2026-08-01 22:43:00,Pune,Big Chill,Restaurant,0
T00851,C0086,2597.63,2026-08-01 22:43:00,Pune,Myntra,E-commerce,0
T03261,C0327,584.11,2026-08-01 22:43:00,Hyderabad,Amazon,E-commerce,0
T03061,C0307,3230.65,2026-08-01 22:44:00,Bengaluru,Flipkart,E-commerce,0
T06111,C0612,714.5,2026-08-01 22:44:00,Bengaluru,Flipkart,E-commerce,0
T08321,C0833,452.97,2026-08-01 22:44:00,Mumbai,Myntra,E-commerce,0
T04411,C0442,823.97,2026-08-01 22:45:00,Mumbai,Flipkart,E-commerce,0
T00781,C0079,2588.35,2026-08-01 22:45:00,Hyderabad,H&M,Apparel,0
T05201,C0521,2499.41,2026-08-01 22:46:00,Chennai,Amazon,E-commerce,0
T02531,C0254,2647.22,2026-08-01 22:48:00,Mumbai,Amazon,E-commerce,0
T02441,C0245,1045.1,2026-08-01 22:48:00,Mumbai,Myntra,E-commerce,0
T08181,C0819,1956.03,2026-08-01 22:49:00,Pune,Spar,Grocery,0
T06621,C0663,2255.44,2026-08-01 22:49:00,Mumbai,Burger King,Restaurant,0
T02871,C0288,2838.07,2026-08-01 22:50:00,Mumbai,Big Chill,Restaurant,0
T01941,C0195,1981.14,2026-08-01 22:50:00,Hyderabad,Burger King,Restaurant,0
T05641,C0565,494.21,2026-08-01 22:50:00,Bengaluru,Flipkart,E-commerce,0
T02271,C0228,5993.72,2026-08-01 22:50:00,Chennai,Spar,Grocery,0
T05481,C0549,2815.82,2026-08-01 22:51:00,Chennai,Myntra,E-commerce,0
T03611,C0362,5380.23,2026-08-01 22:52:00,Chennai,Burger King,Restaurant,0
T02821,C0283,2562.76,2026-08-01 22:52:00,Kolkata,Myntra,E-commerce,0
T04781,C0479,615.64,2026-08-01 22:52:00,Kolkata,Max,Apparel,0
T00721,C0073,1501.2,2026-08-01 22:53:00,Hyderabad,Burger King,Restaurant,0
T03231,C0324,3897.08,2026-08-01 22:53:00,Delhi,Max,Apparel,0
T09941,C0995,963.43,2026-08-01 22:53:00,Bengaluru,Myntra,E-commerce,0
T05931,C0594,1567.51,2026-08-01 22:53:00,,Big Chill,Restaurant,0
T09631,C0964,4858.72,2026-08-01 22:55:00,Pune,,E-commerce,0
T05831,C0584,1113.27,2026-08-01 22:57:00,Bengaluru,Max,Apparel,0
T06161,C0617,3340.54,2026-08-01 22:58:00,Delhi,Amazon,E-commerce,0
T08431,C0844,3085.54,2026-08-01 22:58:00,Mumbai,Flipkart,E-commerce,0
T00002,C0001,401.66,2026-08-02 08:00:00,Mumbai,H&M,Apparel,0
T03162,C0317,2634.0,2026-08-02 08:00:00,Delhi,Max,Apparel,0
T06152,C0616,2436.52,2026-08-02 08:00:00,Delhi,Max,Apparel,0
T03372,C0338,1325.11,2026-08-02 08:02:00,Hyderabad,Big Chill,Restaurant,0
T03762,C0377,1646.12,2026-08-02 08:03:00,Chennai,Spar,Grocery,0
T04542,C0455,2843.15,2026-08-02 08:04:00,Bengaluru,Flipkart,E-commerce,0
T02912,C0292,1527.76,2026-08-02 08:04:00,Delhi,,E-commerce,0
T06812,C0682,659.65,2026-08-02 08:06:00,Bengaluru,Reliance,Retail,0
T04462,C0447,3762.45,2026-08-02 08:06:00,Bengaluru,Amazon,E-commerce,0
T09992,C1000,6780.23,2026-08-02 08:07:00,Bengaluru,H&M,Apparel,0
T07382,C0739,2493.46,2026-08-02 08:07:00,Bengaluru,Zara,Apparel,0
T05602,C0561,1697.11,2026-08-02 08:08:00,Kolkata,Burger King,Restaurant,0
T00012,C0002,2623.31,2026-08-02 08:09:00,Goa,Flipkart,E-commerce,0
T05472,C0548,1003.27,2026-08-02 08:09:00,,Max,Apparel,0
T01482,C0149,4639.05,2026-08-02 08:10:00,Goa,Amazon,E-commerce,0
T02332,C0234,2651.61,2026-08-02 08:13:00,Mumbai,Myntra,E-commerce,0
T04732,C0474,1498.89,2026-08-02 08:13:00,Kolkata,Flipkart,E-commerce,0
T02482,C0249,1451.02,2026-08-02 08:14:00,Kolkata,Amazon,E-commerce,0
T01322,C0133,3713.97,2026-08-02 08:15:00,Hyderabad,Burger King,Restaurant,0
T03552,C0356,4686.31,2026-08-02 08:16:00,Kolkata,Myntra,E-commerce,0
T04582,C0459,863.5,2026-08-02 08:16:00,Mumbai,Burger King,Restaurant,0
T04112,C0412,665.64,2026-08-02 08:16:00,Bengaluru,Big Chill,Restaurant,0
T05542,C0555,3875.4,2026-08-02 08:17:00,Hyderabad,Max,Apparel,0
T02932,C0294,4140.14,2026-08-02 08:17:00,Hyderabad,Reliance,Retail,0
T07332,C0734,2337.46,2026-08-02 08:18:00,Hyderabad,Amazon,E-commerce,0
T07142,C0715,3489.68,2026-08-02 08:18:00,Chennai,Zara,Apparel,0
T03992,C0400,3141.02,2026-08-02 08:20:00,,H&M,Apparel,0
T07432,C0744,5407.91,2026-08-02 08:21:00,Hyderabad,,Apparel,0
T00812,C0082,1378.7,2026-08-02 08:23:00,Delhi,Max,Apparel,0
T03432,C0344,1712.71,2026-08-02 08:23:00,Hyderabad,Max,Apparel,0
T00302,C0031,5731.95,2026-08-02 08:25:00,Pune,Burger King,Restaurant,0
T04202,C0421,2366.11,2026-08-02 08:25:00,Kolkata,Spar,Grocery,0
T07082,C0709,4408.89,2026-08-02 08:28:00,Kolkata,Zara,Apparel,0
T01332,C0134,5039.45,2026-08-02 08:29:00,,Big Chill,Restaurant,0
T01432,C0144,5583.99,2026-08-02 08:31:00,,Zara,Apparel,0
T05372,C0538,1551.89,2026-08-02 08:32:00,Delhi,Spar,Grocery,0
T03722,C0373,2642.6,2026-08-02 08:32:00,Bengaluru,Big Chill,Restaurant,0
T05772,C0578,1578.58,2026-08-02 08:32:00,Kolkata,Big Chill,Restaurant,0
T07922,C0793,1869.19,2026-08-02 08:33:00,Chennai,Big Chill,Restaurant,0
T04902,C0491,348.76,2026-08-02 08:33:00,Kolkata,Flipkart,E-commerce,0
T00472,C0048,597.02,2026-08-02 08:37:00,Mumbai,Reliance,Retail,0
T01492,C0150,1703.88,2026-08-02 08:37:00,Bengaluru,Max,Apparel,0
T04182,C0419,1419.11,2026-08-02 08:38:00,Delhi,Burger King,Restaurant,0
T04602,C0461,4114.89,2026-08-02 08:38:00,Pune,Max,Apparel,0
T01302,C0131,787.44,2026-08-02 08:41:00,Chennai,Zara,Apparel,0
T06452,C0646,2101.54,2026-08-02 08:43:00,Hyderabad,Big Chill,Restaurant,0
T04892,C0490,2000.76,2026-08-02 08:43:00,Delhi,Myntra,E-commerce,0
T04372,C0438,2022.92,2026-08-02 08:43:00,Pune,Burger King,Restaurant,0
T06782,C0679,2065.35,2026-08-02 08:44:00,Hyderabad,Big Chill,Restaurant,0
T06232,C0624,4889.87,2026-08-02 08:46:00,,Myntra,E-commerce,0
T06862,C0687,2978.84,2026-08-02 08:46:00,Mumbai,Myntra,E-commerce,0
T03972,C0398,4753.83,2026-08-02 08:47:00,Kolkata,Amazon,E-commerce,0
T08342,C0835,3287.75,2026-08-02 08:47:00,Goa,Zara,Apparel,0
T05672,C0568,5087.92,2026-08-02 08:48:00,Delhi,H&M,Apparel,0
T09132,C0914,1485.36,2026-08-02 08:48:00,Bengaluru,Max,Apparel,0
T08412,C0842,5879.31,2026-08-02 08:49:00,Pune,Burger King,Restaurant,0
T02572,C0258,5316.56,2026-08-02 08:49:00,Pune,Myntra,E-commerce,0
T04862,C0487,5928.13,2026-08-02 08:50:00,Delhi,H&M,Apparel,0
T02822,C0283,1632.04,2026-08-02 08:51:00,Kolkata,Myntra,E-commerce,0
T08722,C0873,2291.73,2026-08-02 08:53:00,Mumbai,H&M,Apparel,0
T05902,C0591,3633.9,2026-08-02 08:54:00,Mumbai,H&M,Apparel,0
T00502,C0051,2171.35,2026-08-02 08:55:00,Chennai,Spar,Grocery,0
T05762,C0577,1504.8,2026-08-02 08:56:00,Pune,H&M,Apparel,0
T08302,C0831,2097.11,2026-08-02 08:57:00,Hyderabad,Myntra,E-commerce,0
T00072,C0008,2390.31,2026-08-02 08:58:00,Bengaluru,Flipkart,E-commerce,0
T06832,C0684,5847.73,2026-08-02 08:58:00,Mumbai,Reliance,Retail,0
T06712,C0672,5831.26,2026-08-02 09:00:00,Hyderabad,H&M,Apparel,0
T03492,C0350,6988.26,2026-08-02 09:00:00,Kolkata,H&M,Apparel,0
T09152,C0916,1453.95,2026-08-02 09:00:00,Delhi,Big Chill,Restaurant,0
T07062,C0707,864.78,2026-08-02 09:01:00,Mumbai,,E-commerce,0
T03862,C0387,1646.04,2026-08-02 09:01:00,Bengaluru,Big Chill,Restaurant,0
T02002,C0201,488.0,2026-08-02 09:07:00,Goa,H&M,Apparel,0
T08312,C0832,6013.69,2026-08-02 09:07:00,Bengaluru,,E-commerce,0
T03422,C0343,4157.45,2026-08-02 09:08:00,Kolkata,Max,Apparel,0
T08982,C0899,4740.1,2026-08-02 09:08:00,Bengaluru,,E-commerce,0
T05442,C0545,1194.08,2026-08-02 09:08:00,Hyderabad,Amazon,E-commerce,0
T02792,C0280,1993.75,2026-08-02 09:08:00,Mumbai,Spar,Grocery,0
T08422,C0843,5537.65,2026-08-02 09:08:00,Goa,Myntra,E-commerce,0
T08752,C0876,1943.72,2026-08-02 09:09:00,Goa,Big Chill,Restaurant,0
T01672,C0168,4238.53,2026-08-02 09:09:00,Bengaluru,Flipkart,E-commerce,0
T07902,C0791,1274.83,2026-08-02 09:09:00,Goa,Zara,Apparel,0
T01112,C0112,2674.97,2026-08-02 09:14:00,Pune,Burger King,Restaurant,0
T07862,C0787,2462.45,2026-08-02 09:14:00,Bengaluru,Myntra,E-commerce,0
T04612,C0462,1814.19,2026-08-02 09:14:00,Bengaluru,Myntra,E-commerce,0
T05982,C0599,1120.18,2026-08-02 09:15:00,Pune,Max,Apparel,0
T09842,C0985,4220.07,2026-08-02 09:16:00,Kolkata,Big Chill,Restaurant,0
T00312,C0032,4094.75,2026-08-02 09:17:00,Mumbai,Myntra,E-commerce,0
T03852,C0386,986.05,2026-08-02 09:20:00,Delhi,Burger King,Restaurant,0
T06482,C0649,5751.22,2026-08-02 09:23:00,Pune,Amazon,E-commerce,0
T08222,C0823,4326.35,2026-08-02 09:25:00,Chennai,Flipkart,E-commerce,0
T03822,C0383,5686.64,2026-08-02 09:27:00,Pune,Flipkart,E-commerce,0
T04552,C0456,3445.05,2026-08-02 09:27:00,Chennai,Spar,Grocery,0
T06922,C0693,2354.55,2026-08-02 09:28:00,Goa,Flipkart,E-commerce,0
T00572,C0058,3076.79,2026-08-02 09:29:00,Hyderabad,Burger King,Restaurant,0
T08882,C0889,3521.66,2026-08-02 09:29:00,Pune,Flipkart,E-commerce,0
T05122,C0513,2270.84,2026-08-02 09:30:00,Chennai,Reliance,Retail,0
T01652,C0166,2968.57,2026-08-02 09:30:00,Delhi,Zara,Apparel,0
T05862,C0587,2684.9,2026-08-02 09:30:00,Delhi,H&M,Apparel,0
T05682,C0569,700.29,2026-08-02 09:30:00,Chennai,H&M,Apparel,0
T01832,C0184,5514.14,2026-08-02 09:31:00,Goa,Spar,Grocery,0
T00282,C0029,2166.15,2026-08-02 09:31:00,Delhi,H&M,Apparel,0
T09002,C0901,1331.2,2026-08-02 09:31:00,Bengaluru,Big Chill,Restaurant,0
T07442,C0745,2026.89,2026-08-02 09:32:00,Bengaluru,H&M,Apparel,0
T01962,C0197,2334.46,2026-08-02 09:33:00,Mumbai,Reliance,Retail,0
T00142,C0015,2926.1,2026-08-02 09:33:00,Goa,Flipkart,E-commerce,0
T01402,C0141,3860.66,2026-08-02 09:34:00,Hyderabad,Big Chill,Restaurant,0
T06582,C0659,542.38,2026-08-02 09:35:00,Kolkata,Spar,Grocery,0
T09032,C0904,610.86,2026-08-02 09:37:00,Pune,,Apparel,0
T06992,C0700,2075.54,2026-08-02 09:37:00,Mumbai,Amazon,E-commerce,0
T04532,C0454,4028.9,2026-08-02 09:39:00,Goa,Amazon,E-commerce,0
T00322,C0033,7077.45,2026-08-02 09:39:00,Kolkata,Zara,Apparel,0
T03212,C0322,1003.03,2026-08-02 09:39:00,Mumbai,Myntra,E-commerce,0
T00842,C0085,1583.97,2026-08-02 09:40:00,Pune,Amazon,E-commerce,0
T06682,C0669,2590.4,2026-08-02 09:40:00,Pune,Amazon,E-commerce,0
T04422,C0443,1320.48,2026-08-02 09:41:00,Goa,Zara,Apparel,0
T07172,C0718,3676.76,2026-08-02 09:42:00,Mumbai,Flipkart,E-commerce,0
T04062,C0407,7075.37,2026-08-02 09:43:00,Hyderabad,Spar,Grocery,0
T08562,C0857,929.47,2026-08-02 09:45:00,Delhi,Burger King,Restaurant,0
T01762,C0177,4917.49,2026-08-02 09:47:00,Goa,,Restaurant,0
T06182,C0619,2061.42,2026-08-02 09:47:00,Goa,Zara,Apparel,0
T04562,C0457,2495.56,2026-08-02 09:49:00,Goa,H&M,Apparel,0
T07222,C0723,2472.93,2026-08-02 09:50:00,Bengaluru,H&M,Apparel,0
T01942,C0195,3438.02,2026-08-02 09:51:00,Hyderabad,H&M,Apparel,0
T06972,C0698,1783.19,2026-08-02 09:51:00,Bengaluru,Amazon,E-commerce,0
T02052,C0206,3398.94,2026-08-02 09:51:00,Kolkata,Big Chill,Restaurant,0
T02532,C0254,1535.84,2026-08-02 09:53:00,,Burger King,Restaurant,0
T05712,C0572,797.17,2026-08-02 09:54:00,Chennai,H&M,Apparel,0
T01052,C0106,1214.84,2026-08-02 09:55:00,Bengaluru,Spar,Grocery,0
T01802,C0181,3488.98,2026-08-02 09:55:00,Goa,Flipkart,E-commerce,0
T02172,C0218,2524.8,2026-08-02 09:56:00,Pune,Big Chill,Restaurant,0
T05202,C0521,1601.35,2026-08-02 09:58:00,Chennai,Reliance,Retail,0
T00382,C0039,4728.29,2026-08-02 09:58:00,Mumbai,Flipkart,E-commerce,0
T03792,C0380,1706.64,2026-08-02 10:01:00,Hyderabad,Zara,Apparel,0
T07072,C0708,2907.66,2026-08-02 10:01:00,,Big Chill,Restaurant,0
T01912,C0192,407.47,2026-08-02 10:01:00,Kolkata,Max,Apparel,0
T08732,C0874,4156.7,2026-08-02 10:02:00,Chennai,Max,Apparel,0
T02902,C0291,4018.6,2026-08-02 10:02:00,Hyderabad,Flipkart,E-commerce,0
T05942,C0595,1127.35,2026-08-02 10:03:00,Mumbai,Max,Apparel,0
T00152,C0016,2356.42,2026-08-02 10:03:00,Hyderabad,H&M,Apparel,0
T00882,C0089,1960.77,2026-08-02 10:05:00,,Big Chill,Restaurant,0
T07092,C0710,3202.44,2026-08-02 10:06:00,Mumbai,Flipkart,E-commerce,0
T08942,C0895,3549.99,2026-08-02 10:06:00,Kolkata,Burger King,Restaurant,0
T03232,C0324,2563.21,2026-08-02 10:06:00,Delhi,H&M,Apparel,0
T02992,C0300,2249.59,2026-08-02 10:07:00,Mumbai,Spar,Grocery,0
T08872,C0888,5691.65,2026-08-02 10:07:00,Mumbai,Big Chill,Restaurant,0
T06692,C0670,1663.24,2026-08-02 10:08:00,Pune,Max,Apparel,0
T08252,C0826,3183.12,2026-08-02 10:09:00,Bengaluru,Zara,Apparel,0
T07192,C0720,613.15,2026-08-02 10:09:00,Kolkata,Max,Apparel,0
T00912,C0092,3067.86,2026-08-02 10:11:00,Kolkata,H&M,Apparel,0
T04592,C0460,4032.54,2026-08-02 10:11:00,Pune,H&M,Apparel,0
T02082,C0209,1694.46,2026-08-02 10:12:00,Delhi,Reliance,Retail,0
T07802,C0781,1019.44,2026-08-02 10:14:00,Bengaluru,H&M,Apparel,0
T08932,C0894,2313.98,2026-08-02 10:15:00,Goa,Max,Apparel,0
T09472,C0948,1199.3,2026-08-02 10:15:00,Goa,Reliance,Retail,0
T02112,C0212,5057.54,2026-08-02 10:15:00,Mumbai,Zara,Apparel,0
T00902,C0091,3516.06,2026-08-02 10:16:00,Pune,Myntra,E-commerce,0
T09592,C0960,2618.47,2026-08-02 10:16:00,Goa,Burger King,Restaurant,0
T09612,C0962,2185.91,2026-08-02 10:18:00,Hyderabad,Zara,Apparel,0
T07252,C0726,2134.46,2026-08-02 10:20:00,Kolkata,Flipkart,E-commerce,0
T06352,C0636,2723.66,2026-08-02 10:20:00,Delhi,Reliance,Retail,0
T01782,C0179,3306.81,2026-08-02 10:20:00,Bengaluru,Burger King,Restaurant,0
T01162,C0117,2090.11,2026-08-02 10:21:00,Bengaluru,Spar,Grocery,0
T06242,C0625,830.04,2026-08-02 10:21:00,Pune,Big Chill,Restaurant,0
T08762,C0877,4493.95,2026-08-02 10:21:00,Kolkata,Reliance,Retail,0
T02582,C0259,4071.6,2026-08-02 10:23:00,Delhi,Amazon,E-commerce,0
T07492,C0750,3461.08,2026-08-02 10:24:00,,Spar,Grocery,0
T08032,C0804,3142.25,2026-08-02 10:25:00,Kolkata,Burger King,Restaurant,0
T04842,C0485,3722.56,2026-08-02 10:27:00,Goa,Myntra,E-commerce,0
T05112,C0512,1173.51,2026-08-02 10:28:00,,Max,Apparel,0
T07052,C0706,6303.43,2026-08-02 10:28:00,Pune,Max,Apparel,0
T07212,C0722,5141.65,2026-08-02 10:29:00,Kolkata,Amazon,E-commerce,0
T02862,C0287,576.76,2026-08-02 10:30:00,Kolkata,Reliance,Retail,0
T07542,C0755,934.03,2026-08-02 10:31:00,Hyderabad,Reliance,Retail,0
T06172,C0618,4667.18,2026-08-02 10:32:00,Kolkata,Flipkart,E-commerce,0
T07742,C0775,5243.96,2026-08-02 10:32:00,,Flipkart,E-commerce,0
T03042,C0305,1343.76,2026-08-02 10:33:00,Goa,Myntra,E-commerce,0
T08212,C0822,562.94,2026-08-02 10:36:00,Kolkata,Amazon,E-commerce,0
T09732,C0974,5980.7,2026-08-02 10:36:00,Bengaluru,Big Chill,Restaurant,0
T08782,C0879,2375.1,2026-08-02 10:38:00,Hyderabad,Burger King,Restaurant,0
T03472,C0348,437.77,2026-08-02 10:39:00,Goa,Spar,Grocery,0
T04092,C0410,5353.46,2026-08-02 10:41:00,Pune,H&M,Apparel,0
T06372,C0638,2819.48,2026-08-02 10:42:00,Delhi,Zara,Apparel,0
T01312,C0132,3580.12,2026-08-02 10:43:00,Kolkata,Myntra,E-commerce,0
T02962,C0297,1102.87,2026-08-02 10:44:00,Hyderabad,Max,Apparel,0
T00892,C0090,1331.1,2026-08-02 10:45:00,,Zara,Apparel,0
T00562,C0057,2315.51,2026-08-02 10:45:00,,Myntra,E-commerce,0
T06062,C0607,2551.1,2026-08-02 10:47:00,Chennai,Spar,Grocery,0
T09812,C0982,2664.07,2026-08-02 10:48:00,Pune,Max,Apparel,0
T04572,C0458,4895.3,2026-08-02 10:48:00,Chennai,Myntra,E-commerce,0
T02922,C0293,2212.58,2026-08-02 10:48:00,Goa,Myntra,E-commerce,0
T05742,C0575,5736.25,2026-08-02 10:49:00,Bengaluru,Max,Apparel,0
T02322,C0233,1317.51,2026-08-02 10:49:00,Hyderabad,Myntra,E-commerce,0
T00782,C0079,2590.34,2026-08-02 10:50:00,Hyderabad,Amazon,E-commerce,0
T00642,C0065,2175.52,2026-08-02 10:51:00,,Max,Apparel,0
T03452,C0346,3218.29,2026-08-02 10:52:00,Hyderabad,Amazon,E-commerce,0
T03832,C0384,6523.39,2026-08-02 10:52:00,Kolkata,Amazon,E-commerce,0
T02252,C0226,2272.5,2026-08-02 10:54:00,Hyderabad,Flipkart,E-commerce,0
T04762,C0477,1983.43,2026-08-02 10:55:00,Pune,Burger King,Restaurant,0
T05912,C0592,1111.03,2026-08-02 10:57:00,Mumbai,Flipkart,E-commerce,0
T01612,C0162,1420.79,2026-08-02 10:57:00,Chennai,Spar,Grocery,0
T03282,C0329,1632.2,2026-08-02 10:58:00,Hyderabad,Spar,Grocery,0
T05892,C0590,1939.54,2026-08-02 10:58:00,Chennai,H&M,Apparel,0
T03172,C0318,679.38,2026-08-02 11:00:00,Goa,Max,Apparel,0
T07632,C0764,1489.76,2026-08-02 11:00:00,Chennai,Big Chill,Restaurant,0
T08892,C0890,4953.24,2026-08-02 11:00:00,Kolkata,Amazon,E-commerce,0
T09622,C0963,887.43,2026-08-02 11:01:00,Kolkata,Zara,Apparel,0
T03392,C0340,3964.84,2026-08-02 11:02:00,Bengaluru,Reliance,Retail,0
T05192,C0520,1235.54,2026-08-02 11:03:00,Bengaluru,Zara,Apparel,0
T07672,C0768,1084.52,2026-08-02 11:04:00,Bengaluru,H&M,Apparel,0
T08922,C0893,2543.54,2026-08-02 11:05:00,Delhi,Flipkart,E-commerce,0
T06462,C0647,1608.64,2026-08-02 11:06:00,Kolkata,Myntra,E-commerce,0
T03292,C0330,2031.84,2026-08-02 11:08:00,Hyderabad,Spar,Grocery,0
T00992,C0100,535.12,2026-08-02 11:09:00,Kolkata,Reliance,Retail,0
T07882,C0789,5216.21,2026-08-02 11:09:00,Hyderabad,Max,Apparel,0
T00742,C0075,6933.26,2026-08-02 11:10:00,Goa,,Restaurant,0
T06072,C0608,680.46,2026-08-02 11:11:00,Mumbai,Amazon,E-commerce,0
T04052,C0406,4528.01,2026-08-02 11:11:00,Hyderabad,Reliance,Retail,0
T04262,C0427,5800.86,2026-08-02 11:13:00,Kolkata,Flipkart,E-commerce,0
T04412,C0442,1163.7,2026-08-02 11:14:00,Mumbai,Flipkart,E-commerce,0
T00792,C0080,2636.46,2026-08-02 11:14:00,Pune,Burger King,Restaurant,0
T05072,C0508,3348.32,2026-08-02 11:15:00,Hyderabad,Big Chill,Restaurant,0
T01922,C0193,3283.04,2026-08-02 11:16:00,Mumbai,Burger King,Restaurant,0
T04922,C0493,838.16,2026-08-02 11:17:00,Bengaluru,Big Chill,Restaurant,0
T00462,C0047,3337.61,2026-08-02 11:18:00,Bengaluru,Flipkart,E-commerce,0
T03382,C0339,2675.49,2026-08-02 11:18:00,Hyderabad,H&M,Apparel,0
T01822,C0183,3794.39,2026-08-02 11:19:00,Kolkata,H&M,Apparel,0
T01622,C0163,1131.15,2026-08-02 11:19:00,Goa,H&M,Apparel,0
T05082,C0509,496.13,2026-08-02 11:20:00,Hyderabad,,E-commerce,0
T09892,C0990,2816.3,2026-08-02 11:20:00,Kolkata,Myntra,E-commerce,0
T00032,C0004,1893.5,2026-08-02 11:20:00,Delhi,Spar,Grocery,0
T02652,C0266,2543.87,2026-08-02 11:20:00,Bengaluru,Myntra,E-commerce,0
T00172,C0018,4594.84,2026-08-02 11:21:00,Pune,Burger King,Restaurant,0
T01202,C0121,4287.13,2026-08-02 11:22:00,Delhi,H&M,Apparel,0
T04752,C0476,3795.25,2026-08-02 11:23:00,Pune,H&M,Apparel,0
T08092,C0810,3526.06,2026-08-02 11:23:00,Delhi,H&M,Apparel,0
T02042,C0205,2590.07,2026-08-02 11:24:00,Hyderabad,Big Chill,Restaurant,0
T05532,C0554,3994.02,2026-08-02 11:25:00,Chennai,Reliance,Retail,0
T08392,C0840,403.87,2026-08-02 11:28:00,Delhi,Burger King,Restaurant,0
T07812,C0782,5503.8,2026-08-02 11:29:00,Pune,H&M,Apparel,0
T06732,C0674,903.24,2026-08-02 11:29:00,Mumbai,H&M,Apparel,0
T07502,C0751,4335.59,2026-08-02 11:29:00,Bengaluru,Flipkart,E-commerce,0
T06052,C0606,6515.21,2026-08-02 11:29:00,Delhi,Max,Apparel,0
T04022,C0403,632.95,2026-08-02 11:30:00,Pune,Max,Apparel,0
T02732,C0274,2610.29,2026-08-02 11:31:00,Delhi,Amazon,E-commerce,0
T02132,C0214,2434.22,2026-08-02 11:33:00,Bengaluru,H&M,Apparel,0
T00132,C0014,4465.51,2026-08-02 11:33:00,Mumbai,Flipkart,E-commerce,0
T06132,C0614,2351.75,2026-08-02 11:34:00,Bengaluru,Amazon,E-commerce,0
T01502,C0151,1048.78,2026-08-02 11:35:00,Delhi,Max,Apparel,0
T04332,C0434,2862.31,2026-08-02 11:36:00,Pune,Spar,Grocery,0
T09202,C0921,4824.1,2026-08-02 11:40:00,Pune,Big Chill,Restaurant,0
T06502,C0651,1964.68,2026-08-02 11:40:00,Bengaluru,Big Chill,Restaurant,0
T00112,C0012,4584.97,2026-08-02 11:41:00,Pune,Zara,Apparel,0
T04652,C0466,2202.72,2026-08-02 11:41:00,Hyderabad,Zara,Apparel,0
T09242,C0925,4133.37,2026-08-02 11:43:00,Mumbai,Spar,Grocery,0
T07692,C0770,2587.66,2026-08-02 11:43:00,Kolkata,Flipkart,E-commerce,0
T04102,C0411,1641.4,2026-08-02 11:44:00,Kolkata,Zara,Apparel,0
T05492,C0550,1982.27,2026-08-02 11:45:00,Kolkata,H&M,Apparel,0
T02542,C0255,4485.25,2026-08-02 11:47:00,Bengaluru,Reliance,Retail,0
T09322,C0933,5446.95,2026-08-02 11:48:00,Chennai,Myntra,E-commerce,0
T09212,C0922,1915.71,2026-08-02 11:48:00,Mumbai,H&M,Apparel,0
T03112,C0312,5468.32,2026-08-02 11:51:00,Mumbai,Reliance,Retail,0
T01932,C0194,2280.68,2026-08-02 11:53:00,Mumbai,,E-commerce,0
T06012,C0602,2320.07,2026-08-02 11:53:00,Bengaluru,Zara,Apparel,0
T08992,C0900,2971.28,2026-08-02 11:55:00,Goa,Spar,Grocery,0
T05992,C0600,2500.85,2026-08-02 11:55:00,Chennai,Burger King,Restaurant,0
T07102,C0711,810.88,2026-08-02 11:56:00,Goa,Big Chill,Restaurant,0
T01682,C0169,5495.91,2026-08-02 11:58:00,Kolkata,Flipkart,E-commerce,0
T04802,C0481,670.29,2026-08-02 12:00:00,Goa,Myntra,E-commerce,0
T09972,C0998,3870.21,2026-08-02 12:01:00,Bengaluru,Max,Apparel,0
T01742,C0175,1529.08,2026-08-02 12:01:00,Kolkata,Spar,Grocery,0
T03322,C0333,3089.23,2026-08-02 12:01:00,Mumbai,Amazon,E-commerce,0
T00432,C0044,2715.38,2026-08-02 12:02:00,Kolkata,Reliance,Retail,0
T01882,C0189,4989.74,2026-08-02 12:03:00,Kolkata,Big Chill,Restaurant,0
T09292,C0930,2859.19,2026-08-02 12:04:00,Bengaluru,Big Chill,Restaurant,0
T08332,C0834,2524.75,2026-08-02 12:06:00,Pune,Myntra,E-commerce,0
T09122,C0913,5223.72,2026-08-02 12:07:00,Pune,Myntra,E-commerce,0
T04772,C0478,2296.31,2026-08-02 12:09:00,Hyderabad,Burger King,Restaurant,0
T06472,C0648,4434.81,2026-08-02 12:10:00,Goa,Myntra,E-commerce,0
T04292,C0430,5840.3,2026-08-02 12:11:00,Hyderabad,Max,Apparel,0
T05302,C0531,5452.43,2026-08-02 12:14:00,Delhi,Big Chill,Restaurant,0
T07912,C0792,2937.3,2026-08-02 12:15:00,Mumbai,Myntra,E-commerce,0
T01772,C0178,7081.79,2026-08-02 12:16:00,Delhi,,Apparel,0
T07202,C0721,353.75,2026-08-02 12:17:00,Chennai,H&M,Apparel,0
T02182,C0219,1083.03,2026-08-02 12:17:00,Hyderabad,Zara,Apparel,0
T02462,C0247,2029.95,2026-08-02 12:19:00,Kolkata,Flipkart,E-commerce,0
T02592,C0260,2301.25,2026-08-02 12:21:00,Goa,Spar,Grocery,0
T03932,C0394,4096.13,2026-08-02 12:21:00,Chennai,Amazon,E-commerce,0
T04012,C0402,2804.83,2026-08-02 12:22:00,Goa,Reliance,Retail,0
T03242,C0325,3599.07,2026-08-02 12:23:00,Bengaluru,Big Chill,Restaurant,0
T00482,C0049,832.22,2026-08-02 12:23:00,Pune,H&M,Apparel,0
T03312,C0332,5068.83,2026-08-02 12:25:00,Kolkata,Myntra,E-commerce,0
T00182,C0019,1365.11,2026-08-02 12:26:00,Bengaluru,Flipkart,E-commerce,0
T03582,C0359,3841.46,2026-08-02 12:26:00,Pune,Burger King,Restaurant,0
T04662,C0467,1103.78,2026-08-02 12:28:00,Chennai,Burger King,Restaurant,0
T08692,C0870,3794.35,2026-08-02 12:29:00,Chennai,Max,Apparel,0
T07942,C0795,5302.75,2026-08-02 12:30:00,Goa,Max,Apparel,0
T01532,C0154,4253.11,2026-08-02 12:31:00,Mumbai,H&M,Apparel,0
T03602,C0361,4294.98,2026-08-02 12:33:00,Goa,Zara,Apparel,0
T02422,C0243,3149.48,2026-08-02 12:34:00,Chennai,Flipkart,E-commerce,0
T04992,C0500,1532.28,2026-08-02 12:34:00,Hyderabad,Flipkart,E-commerce,0
T01082,C0109,1888.16,2026-08-02 12:35:00,Kolkata,Big Chill,Restaurant,0
T09072,C0908,2029.75,2026-08-02 12:35:00,Delhi,Myntra,E-commerce,0
T08612,C0862,1045.09,2026-08-02 12:37:00,Mumbai,Zara,Apparel,0
T05732,C0574,1880.33,2026-08-02 12:38:00,Goa,Myntra,E-commerce,0
T06022,C0603,3746.41,2026-08-02 12:40:00,Pune,Big Chill,Restaurant,0
T05702,C0571,2057.32,2026-08-02 12:42:00,Mumbai,Spar,Grocery,0
T05652,C0566,3825.65,2026-08-02 12:42:00,Goa,Burger King,Restaurant,0
T03412,C0342,1362.03,2026-08-02 12:42:00,Hyderabad,,Restaurant,0
T08852,C0886,872.45,2026-08-02 12:42:00,Mumbai,Zara,Apparel,0
T05432,C0544,2292.39,2026-08-02 12:43:00,Kolkata,Myntra,E-commerce,0
T06402,C0641,3407.86,2026-08-02 12:44:00,Goa,H&M,Apparel,0
T01562,C0157,4546.04,2026-08-02 12:44:00,Pune,Max,Apparel,0
T07662,C0767,3242.48,2026-08-02 12:44:00,Delhi,Spar,Grocery,0
T01262,C0127,2608.43,2026-08-02 12:45:00,Bengaluru,Reliance,Retail,0
T08362,C0837,4517.75,2026-08-02 12:46:00,Pune,H&M,Apparel,0
T04152,C0416,2538.73,2026-08-02 12:46:00,Bengaluru,Max,Apparel,0
T01892,C0190,3110.36,2026-08-02 12:48:00,Kolkata,Flipkart,E-commerce,0
T06412,C0642,3312.72,2026-08-02 12:49:00,Chennai,Spar,Grocery,0
T04822,C0483,3829.48,2026-08-02 12:49:00,Pune,Spar,Grocery,0
T09262,C0927,5180.42,2026-08-02 12:49:00,Bengaluru,Spar,Grocery,0
T01412,C0142,1940.49,2026-08-02 12:50:00,Hyderabad,H&M,Apparel,0
T00252,C0026,1401.12,2026-08-02 12:51:00,Chennai,Zara,Apparel,0
T01352,C0136,1225.86,2026-08-02 12:53:00,,Reliance,Retail,0
T06872,C0688,1677.19,2026-08-02 12:53:00,Chennai,Max,Apparel,0
T07612,C0762,2509.87,2026-08-02 12:53:00,Delhi,H&M,Apparel,0
T04442,C0445,2328.94,2026-08-02 12:54:00,Kolkata,Flipkart,E-commerce,0
T02722,C0273,946.65,2026-08-02 12:56:00,Hyderabad,Amazon,E-commerce,0
T02632,C0264,1171.53,2026-08-02 12:57:00,Hyderabad,Reliance,Retail,0
T07042,C0705,1003.36,2026-08-02 12:57:00,Kolkata,Burger King,Restaurant,0
T09252,C0926,2235.88,2026-08-02 12:57:00,Chennai,,Apparel,0
T02552,C0256,1785.76,2026-08-02 13:01:00,Pune,H&M,Apparel,0
T05572,C0558,3429.12,2026-08-02 13:02:00,Chennai,Myntra,E-commerce,0
T02762,C0277,849.35,2026-08-02 13:02:00,Hyderabad,Big Chill,Restaurant,0
T08182,C0819,3570.84,2026-08-02 13:02:00,Pune,Zara,Apparel,0
T05752,C0576,3781.01,2026-08-02 13:04:00,Chennai,Max,Apparel,0
T07362,C0737,2591.07,2026-08-02 13:04:00,Chennai,Burger King,Restaurant,0
T06792,C0680,2704.14,2026-08-02 13:07:00,Kolkata,Flipkart,E-commerce,0
T08662,C0867,2401.04,2026-08-02 13:07:00,Hyderabad,Zara,Apparel,0
T06332,C0634,1621.59,2026-08-02 13:07:00,Pune,Amazon,E-commerce,0
T09452,C0946,6866.2,2026-08-02 13:08:00,Hyderabad,H&M,Apparel,0
T07782,C0779,2574.49,2026-08-02 13:08:00,Chennai,Zara,Apparel,0
T02852,C0286,2243.0,2026-08-02 13:08:00,Delhi,Burger King,Restaurant,0
T04942,C0495,4186.5,2026-08-02 13:08:00,Pune,Zara,Apparel,0
T08492,C0850,2272.77,2026-08-02 13:08:00,Goa,Big Chill,Restaurant,0
T05142,C0515,1162.53,2026-08-02 13:11:00,Mumbai,Max,Apparel,0
T00802,C0081,3542.55,2026-08-02 13:12:00,Hyderabad,Spar,Grocery,0
T09712,C0972,3100.81,2026-08-02 13:13:00,Hyderabad,Zara,Apparel,0
T06522,C0653,982.52,2026-08-02 13:14:00,Kolkata,Reliance,Retail,0
T04502,C0451,4832.39,2026-08-02 13:14:00,Hyderabad,Big Chill,Restaurant,0
T07732,C0774,1130.38,2026-08-02 13:17:00,Goa,Amazon,E-commerce,0
T02072,C0208,716.59,2026-08-02 13:23:00,Bengaluru,Big Chill,Restaurant,0
T00442,C0045,2571.54,2026-08-02 13:24:00,Chennai,H&M,Apparel,0
T08482,C0849,2952.92,2026-08-02 13:26:00,Hyderabad,Reliance,Retail,0
T03272,C0328,2032.02,2026-08-02 13:26:00,Delhi,Big Chill,Restaurant,0
T04912,C0492,765.37,2026-08-02 13:27:00,Delhi,Zara,Apparel,0
T06892,C0690,2951.52,2026-08-02 13:29:00,Mumbai,Max,Apparel,0
T00702,C0071,3273.84,2026-08-02 13:29:00,Delhi,Flipkart,E-commerce,0
T09372,C0938,3847.92,2026-08-02 13:29:00,Bengaluru,Max,Apparel,0
T05482,C0549,2446.26,2026-08-02 13:32:00,Chennai,Max,Apparel,0
T08292,C0830,4109.85,2026-08-02 13:33:00,Goa,Spar,Grocery,0
T07462,C0747,4488.49,2026-08-02 13:36:00,Hyderabad,Amazon,E-commerce,0
T03202,C0321,921.77,2026-08-02 13:36:00,Chennai,H&M,Apparel,0
T05872,C0588,1001.3,2026-08-02 13:37:00,Bengaluru,Reliance,Retail,0
T04682,C0469,2302.31,2026-08-02 13:38:00,Delhi,,E-commerce,0
T06742,C0675,440.18,2026-08-02 13:38:00,Kolkata,H&M,Apparel,0
T00922,C0093,3962.81,2026-08-02 13:38:00,Kolkata,Reliance,Retail,0
T05062,C0507,606.88,2026-08-02 13:39:00,Hyderabad,H&M,Apparel,0
T09542,C0955,2001.12,2026-08-02 13:42:00,Mumbai,Spar,Grocery,0
T02192,C0220,2660.09,2026-08-02 13:42:00,Mumbai,Flipkart,E-commerce,0
T07232,C0724,2633.29,2026-08-02 13:42:00,Goa,,Restaurant,0
T06822,C0683,1755.46,2026-08-02 13:45:00,Delhi,H&M,Apparel,0
T06432,C0644,2467.4,2026-08-02 13:45:00,Kolkata,Max,Apparel,0
T08152,C0816,3429.23,2026-08-02 13:47:00,Hyderabad,Max,Apparel,0
T06932,C0694,1689.83,2026-08-02 13:47:00,,Amazon,E-commerce,0
T02092,C0210,2996.91,2026-08-02 13:47:00,Bengaluru,Myntra,E-commerce,0
T04082,C0409,6454.51,2026-08-02 13:48:00,Pune,Amazon,E-commerce,0
T09442,C0945,3828.07,2026-08-02 13:48:00,Bengaluru,Myntra,E-commerce,0
T08052,C0806,3926.44,2026-08-02 13:48:00,Pune,H&M,Apparel,0
T03252,C0326,1471.75,2026-08-02 13:50:00,Chennai,Myntra,E-commerce,0
T03122,C0313,5773.87,2026-08-02 13:51:00,,Flipkart,E-commerce,0
T09112,C0912,1344.91,2026-08-02 13:51:00,Pune,Burger King,Restaurant,0
T00722,C0073,1694.29,2026-08-02 13:52:00,Hyderabad,Spar,Grocery,0
T05632,C0564,1115.99,2026-08-02 13:53:00,Kolkata,H&M,Apparel,0
T03152,C0316,2326.65,2026-08-02 13:56:00,Hyderabad,Spar,Grocery,0
T01512,C0152,3273.91,2026-08-02 13:57:00,Chennai,Big Chill,Restaurant,0
T08902,C0891,5236.29,2026-08-02 13:58:00,Pune,Zara,Apparel,0
T01002,C0101,4681.99,2026-08-02 13:58:00,Goa,Myntra,E-commerce,0
T06762,C0677,3225.71,2026-08-02 13:59:00,Goa,Flipkart,E-commerce,0
T03402,C0341,4120.77,2026-08-02 13:59:00,Chennai,Burger King,Restaurant,0
T05162,C0517,3287.91,2026-08-02 14:02:00,Mumbai,Amazon,E-commerce,0
T02222,C0223,5114.02,2026-08-02 14:02:00,Bengaluru,Reliance,Retail,0
T05552,C0556,4990.18,2026-08-02 14:03:00,,Reliance,Retail,0
T09182,C0919,4559.5,2026-08-02 14:04:00,Delhi,Big Chill,Restaurant,0
T03102,C0311,598.86,2026-08-02 14:05:00,Bengaluru,Spar,Grocery,0
T02202,C0221,1308.21,2026-08-02 14:05:00,Hyderabad,Reliance,Retail,0
T07792,C0780,1748.03,2026-08-02 14:06:00,Goa,Flipkart,E-commerce,0
T00752,C0076,5149.36,2026-08-02 14:06:00,Goa,H&M,Apparel,0
T05882,C0589,1024.63,2026-08-02 14:06:00,Bengaluru,Max,Apparel,0
T07682,C0769,765.2,2026-08-02 14:07:00,Goa,Myntra,E-commerce,0
T01662,C0167,1051.3,2026-08-02 14:09:00,Delhi,Amazon,E-commerce,0
T08172,C0818,4637.64,2026-08-02 14:09:00,Bengaluru,Reliance,Retail,0
T06752,C0676,4011.46,2026-08-02 14:11:00,,,Restaurant,0
T07702,C0771,2516.27,2026-08-02 14:11:00,Chennai,Big Chill,Restaurant,0
T04642,C0465,3316.77,2026-08-02 14:11:00,Chennai,Myntra,E-commerce,0
T02142,C0215,4630.38,2026-08-02 14:11:00,Goa,Flipkart,E-commerce,0
T03942,C0395,6040.81,2026-08-02 14:12:00,Hyderabad,Max,Apparel,0
T01992,C0200,1575.86,2026-08-02 14:13:00,Pune,Reliance,Retail,0
T02302,C0231,1163.97,2026-08-02 14:13:00,Chennai,Reliance,Retail,0
T00772,C0078,5704.5,2026-08-02 14:13:00,,H&M,Apparel,0
T03092,C0310,2731.33,2026-08-02 14:14:00,Chennai,Spar,Grocery,0
T04512,C0452,861.3,2026-08-02 14:15:00,Chennai,Flipkart,E-commerce,0
T00972,C0098,3070.66,2026-08-02 14:15:00,Chennai,Max,Apparel,0
T00362,C0037,3158.61,2026-08-02 14:17:00,Delhi,H&M,Apparel,0
T02262,C0227,3899.25,2026-08-02 14:17:00,Goa,Burger King,Restaurant,0
T09352,C0936,1540.96,2026-08-02 14:17:00,Mumbai,Reliance,Retail,0
T02212,C0222,3426.27,2026-08-02 14:19:00,Hyderabad,Flipkart,E-commerce,0
T05522,C0553,4642.54,2026-08-02 14:19:00,Bengaluru,Zara,Apparel,0
T06222,C0623,1584.84,2026-08-02 14:20:00,Hyderabad,Reliance,Retail,0
T06852,C0686,3665.25,2026-08-02 14:25:00,Hyderabad,Myntra,E-commerce,0
T01042,C0105,1793.85,2026-08-02 14:26:00,Kolkata,Burger King,Restaurant,0
T01252,C0126,1922.58,2026-08-02 14:27:00,Mumbai,Reliance,Retail,0
T07982,C0799,752.87,2026-08-02 14:28:00,Kolkata,Spar,Grocery,0
T07322,C0733,2949.84,2026-08-02 14:29:00,Goa,Flipkart,E-commerce,0
T08702,C0871,4752.26,2026-08-02 14:29:00,Bengaluru,Spar,Grocery,0
T05382,C0539,739.11,2026-08-02 14:29:00,Chennai,Zara,Apparel,0
T05412,C0542,2997.98,2026-08-02 14:29:00,Bengaluru,Max,Apparel,0
T00262,C0027,1858.98,2026-08-02 14:30:00,Goa,Zara,Apparel,0
T02982,C0299,2107.78,2026-08-02 14:31:00,Mumbai,Max,Apparel,0
T08632,C0864,3746.57,2026-08-02 14:32:00,Chennai,Big Chill,Restaurant,0
T05952,C0596,4439.84,2026-08-02 14:33:00,,Reliance,Retail,0
T09792,C0980,1815.41,2026-08-02 14:34:00,Hyderabad,Myntra,E-commerce,0
T05692,C0570,2924.71,2026-08-02 14:35:00,Delhi,Reliance,Retail,0
T05272,C0528,4755.88,2026-08-02 14:35:00,Kolkata,Big Chill,Restaurant,0
T08512,C0852,2631.18,2026-08-02 14:37:00,Hyderabad,Burger King,Restaurant,0
T09602,C0961,4056.78,2026-08-02 14:37:00,Delhi,Amazon,E-commerce,0
T04972,C0498,3166.03,2026-08-02 14:38:00,Chennai,Amazon,E-commerce,0
T05252,C0526,1913.76,2026-08-02 14:40:00,Bengaluru,H&M,Apparel,0
T07532,C0754,1336.44,2026-08-02 14:40:00,,Spar,Grocery,0
T04072,C0408,3138.98,2026-08-02 14:41:00,Hyderabad,Zara,Apparel,0
T07872,C0788,380.78,2026-08-02 14:41:00,Kolkata,Zara,Apparel,0
T06282,C0629,1280.07,2026-08-02 14:42:00,Goa,Amazon,E-commerce,0
T04782,C0479,1402.79,2026-08-02 14:43:00,Kolkata,Burger King,Restaurant,0
T02712,C0272,633.87,2026-08-02 14:43:00,Goa,Spar,Grocery,0
T01592,C0160,1352.5,2026-08-02 14:45:00,Delhi,Burger King,Restaurant,0
T01012,C0102,5626.19,2026-08-02 14:45:00,Hyderabad,Flipkart,E-commerce,0
T05662,C0567,2228.35,2026-08-02 14:48:00,Mumbai,Spar,Grocery,0
T00872,C0088,1449.1,2026-08-02 14:48:00,Chennai,Zara,Apparel,0
T04172,C0418,3825.49,2026-08-02 14:49:00,Delhi,H&M,Apparel,0
T03562,C0357,2959.08,2026-08-02 14:49:00,Mumbai,Zara,Apparel,0
T02442,C0245,897.2,2026-08-02 14:50:00,Mumbai,Myntra,E-commerce,0
T03052,C0306,480.22,2026-08-02 14:50:00,,H&M,Apparel,0
T09342,C0935,1430.96,2026-08-02 14:50:00,Goa,Amazon,E-commerce,0
T06162,C0617,2099.41,2026-08-02 14:51:00,,Max,Apparel,0
T05722,C0573,3145.85,2026-08-02 14:52:00,Delhi,Flipkart,E-commerce,0
T05802,C0581,3139.2,2026-08-02 14:53:00,Hyderabad,Burger King,Restaurant,0
T05782,C0579,1827.27,2026-08-02 14:53:00,Chennai,Big Chill,Restaurant,0
T07562,C0757,5343.17,2026-08-02 14:54:00,Kolkata,Myntra,E-commerce,0
T02602,C0261,709.78,2026-08-02 14:54:00,Delhi,Myntra,E-commerce,0
T03532,C0354,1543.73,2026-08-02 14:55:00,Kolkata,Zara,Apparel,0
T05452,C0546,1820.67,2026-08-02 14:55:00,Hyderabad,Zara,Apparel,0
T05282,C0529,5215.23,2026-08-02 14:59:00,Bengaluru,Reliance,Retail,0
T06042,C0605,2247.38,2026-08-02 15:01:00,Mumbai,Reliance,Retail,0
T00092,C0010,3407.52,2026-08-02 15:01:00,Bengaluru,Spar,Grocery,0
T05932,C0594,1460.6,2026-08-02 15:03:00,Goa,Burger King,Restaurant,0
T02832,C0284,3602.29,2026-08-02 15:04:00,Hyderabad,Spar,Grocery,0
T06952,C0696,802.9,2026-08-02 15:05:00,Goa,Myntra,E-commerce,0
T06292,C0630,4888.75,2026-08-02 15:06:00,Mumbai,Zara,Apparel,0
T09362,C0937,2796.08,2026-08-02 15:08:00,Chennai,Flipkart,E-commerce,0
T00122,C0013,1463.72,2026-08-02 15:08:00,Hyderabad,Zara,Apparel,0
T06592,C0660,1518.69,2026-08-02 15:09:00,Hyderabad,H&M,Apparel,0
T06802,C0681,4892.61,2026-08-02 15:10:00,Pune,Zara,Apparel,0
T07842,C0785,835.82,2026-08-02 15:10:00,Delhi,Reliance,Retail,0
T01452,C0146,7139.01,2026-08-02 15:11:00,Bengaluru,H&M,Apparel,0
T07112,C0712,3680.37,2026-08-02 15:11:00,Pune,Max,Apparel,0
T03302,C0331,894.92,2026-08-02 15:12:00,Goa,Max,Apparel,0
T01972,C0198,5073.05,2026-08-02 15:12:00,Goa,Spar,Grocery,0
T07552,C0756,629.06,2026-08-02 15:13:00,Kolkata,Reliance,Retail,0
T02512,C0252,3975.74,2026-08-02 15:14:00,Mumbai,Max,Apparel,0
T06942,C0695,3687.23,2026-08-02 15:14:00,Chennai,Big Chill,Restaurant,0
T00862,C0087,3324.57,2026-08-02 15:14:00,Mumbai,Zara,Apparel,0
T07762,C0777,2785.07,2026-08-02 15:16:00,Chennai,Zara,Apparel,0
T09192,C0920,1742.07,2026-08-02 15:16:00,Chennai,Flipkart,E-commerce,0
T01062,C0107,799.32,2026-08-02 15:17:00,Mumbai,Reliance,Retail,0
T04272,C0428,864.73,2026-08-02 15:17:00,Bengaluru,Max,Apparel,0
T06532,C0654,6035.26,2026-08-02 15:17:00,Delhi,H&M,Apparel,0
T00342,C0035,4846.19,2026-08-02 15:17:00,Chennai,Burger King,Restaurant,0
T01372,C0138,5170.74,2026-08-02 15:17:00,Pune,Flipkart,E-commerce,0
T09652,C0966,1582.52,2026-08-02 15:17:00,Hyderabad,Max,Apparel,0
T09662,C0967,3255.37,2026-08-02 15:18:00,Mumbai,Amazon,E-commerce,0
T01552,C0156,3245.41,2026-08-02 15:18:00,,Flipkart,E-commerce,0
T03362,C0337,3410.43,2026-08-02 15:18:00,Delhi,Reliance,Retail,0
T05812,C0582,4600.28,2026-08-02 15:20:00,Hyderabad,Big Chill,Restaurant,0
T03012,C0302,1071.04,2026-08-02 15:21:00,Kolkata,Max,Apparel,0
T06622,C0663,1138.99,2026-08-02 15:25:00,Mumbai,Big Chill,Restaurant,0
T05612,C0562,1471.83,2026-08-02 15:25:00,Goa,Flipkart,E-commerce,0
T03872,C0388,5649.48,2026-08-02 15:26:00,Bengaluru,Spar,Grocery,0
T09172,C0918,1193.1,2026-08-02 15:26:00,Mumbai,Flipkart,E-commerce,0
T01122,C0113,1918.25,2026-08-02 15:27:00,Delhi,Max,Apparel,0
T03662,C0367,1464.89,2026-08-02 15:28:00,Goa,H&M,Apparel,0
T00062,C0007,788.94,2026-08-02 15:28:00,Mumbai,,E-commerce,0
T03902,C0391,5766.1,2026-08-02 15:29:00,Bengaluru,Amazon,E-commerce,0
T03612,C0362,6664.55,2026-08-02 15:29:00,Chennai,Flipkart,E-commerce,0
T07832,C0784,4291.85,2026-08-02 15:29:00,Pune,H&M,Apparel,0
T01192,C0120,7209.12,2026-08-02 15:30:00,Delhi,H&M,Apparel,0
T06342,C0635,4826.23,2026-08-02 15:31:00,Hyderabad,Spar,Grocery,0
T07652,C0766,3538.63,2026-08-02 15:31:00,,H&M,Apparel,0
T02942,C0295,486.35,2026-08-02 15:32:00,Hyderabad,Big Chill,Restaurant,0
T08102,C0811,3987.85,2026-08-02 15:32:00,Pune,Spar,Grocery,0
T04812,C0482,671.15,2026-08-02 15:33:00,Bengaluru,H&M,Apparel,0
T06002,C0601,1846.94,2026-08-02 15:34:00,Pune,H&M,Apparel,0
T02772,C0278,3693.16,2026-08-02 15:34:00,Chennai,Spar,Grocery,0
T03192,C0320,6033.35,2026-08-02 15:34:00,Pune,Myntra,E-commerce,0
T00082,C0009,6157.48,2026-08-02 15:35:00,Mumbai,Flipkart,E-commerce,0
T08232,C0824,5161.33,2026-08-02 15:35:00,Goa,Reliance,Retail,0
T00102,C0011,706.67,2026-08-02 15:35:00,Mumbai,Amazon,E-commerce,0
T05332,C0534,5833.7,2026-08-02 15:36:00,Chennai,Myntra,E-commerce,0
T03632,C0364,2506.98,2026-08-02 15:36:00,Hyderabad,Flipkart,E-commerce,0
T05832,C0584,1959.84,2026-08-02 15:37:00,Bengaluru,Burger King,Restaurant,0
T05512,C0552,1342.07,2026-08-02 15:37:00,Goa,Amazon,E-commerce,0
T02282,C0229,2814.89,2026-08-02 15:38:00,Pune,Reliance,Retail,0
T06612,C0662,2697.05,2026-08-02 15:39:00,Bengaluru,Amazon,E-commerce,0
T01812,C0182,2544.89,2026-08-02 15:39:00,Bengaluru,Burger King,Restaurant,0
T07342,C0735,2109.36,2026-08-02 15:41:00,Delhi,H&M,Apparel,0
T08072,C0808,1770.79,2026-08-02 15:41:00,Kolkata,Amazon,E-commerce,0
T02402,C0241,3325.95,2026-08-02 15:42:00,Mumbai,Spar,Grocery,0
T06672,C0668,4645.26,2026-08-02 15:42:00,Hyderabad,Reliance,Retail,0
T03132,C0314,5105.29,2026-08-02 15:43:00,Goa,H&M,Apparel,0
T00392,C0040,1820.49,2026-08-02 15:43:00,Pune,H&M,Apparel,0
T00512,C0052,1251.33,2026-08-02 15:43:00,Kolkata,Amazon,E-commerce,0
T09462,C0947,6494.63,2026-08-02 15:44:00,Kolkata,Zara,Apparel,0
T03682,C0369,1447.21,2026-08-02 15:44:00,Bengaluru,,Apparel,0
T04632,C0464,1433.47,2026-08-02 15:45:00,Chennai,Flipkart,E-commerce,0
T02352,C0236,5063.57,2026-08-02 15:46:00,Bengaluru,Flipkart,E-commerce,0
T08952,C0896,1071.71,2026-08-02 15:46:00,Pune,H&M,Apparel,0
T07482,C0749,3119.46,2026-08-02 15:50:00,Delhi,H&M,Apparel,0
T02522,C0253,4477.06,2026-08-02 15:52:00,Delhi,Big Chill,Restaurant,0
T09742,C0975,596.83,2026-08-02 15:52:00,Pune,Max,Apparel,0
T05012,C0502,945.66,2026-08-02 15:52:00,Bengaluru,Flipkart,E-commerce,0
T09562,C0957,6691.55,2026-08-02 15:53:00,Goa,H&M,Apparel,0
T01792,C0180,5548.84,2026-08-02 15:54:00,Pune,Burger King,Restaurant,0
T01292,C0130,4271.61,2026-08-02 15:55:00,Chennai,Burger King,Restaurant,0
T07402,C0741,2522.86,2026-08-02 15:56:00,Kolkata,Myntra,E-commerce,0
T04032,C0404,2341.66,2026-08-02 15:59:00,Chennai,Flipkart,E-commerce,0
T01242,C0125,3419.09,2026-08-02 16:01:00,Bengaluru,Big Chill,Restaurant,0
T09932,C0994,2303.31,2026-08-02 16:01:00,Mumbai,Reliance,Retail,0
T06312,C0632,1534.08,2026-08-02 16:02:00,Bengaluru,H&M,Apparel,0
T08972,C0898,2778.57,2026-08-02 16:03:00,Kolkata,Reliance,Retail,0
T05042,C0505,1130.75,2026-08-02 16:04:00,Bengaluru,Myntra,E-commerce,0
T05422,C0543,2557.74,2026-08-02 16:05:00,Hyderabad,Big Chill,Restaurant,0
T00272,C0028,1082.36,2026-08-02 16:06:00,Pune,Myntra,E-commerce,0
T01542,C0155,3172.09,2026-08-02 16:06:00,Chennai,Big Chill,Restaurant,0
T06422,C0643,5232.12,2026-08-02 16:08:00,Bengaluru,Myntra,E-commerce,0
T01872,C0188,1771.73,2026-08-02 16:08:00,Chennai,Spar,Grocery,0
T04722,C0473,1948.71,2026-08-02 16:10:00,Mumbai,Flipkart,E-commerce,0
T08742,C0875,902.42,2026-08-02 16:10:00,Goa,H&M,Apparel,0
T04122,C0413,3124.72,2026-08-02 16:11:00,Chennai,Amazon,E-commerce,0
T09902,C0991,2827.51,2026-08-02 16:12:00,,H&M,Apparel,0
T01342,C0135,399.94,2026-08-02 16:12:00,Hyderabad,Max,Apparel,0
T02812,C0282,4352.88,2026-08-02 16:13:00,Goa,Max,Apparel,0
T09092,C0910,1540.64,2026-08-02 16:14:00,Delhi,H&M,Apparel,0
T05502,C0551,1782.57,2026-08-02 16:15:00,Pune,Reliance,Retail,0
T04402,C0441,2455.58,2026-08-02 16:18:00,Mumbai,Reliance,Retail,0
T02642,C0265,707.65,2026-08-02 16:18:00,Delhi,Reliance,Retail,0
T07242,C0725,5123.89,2026-08-02 16:18:00,Bengaluru,Reliance,Retail,0
T02492,C0250,2379.76,2026-08-02 16:18:00,Chennai,Spar,Grocery,0
T01142,C0115,4489.51,2026-08-02 16:19:00,Chennai,Reliance,Retail,0
T05852,C0586,361.1,2026-08-02 16:21:00,Kolkata,Burger King,Restaurant,0
T05312,C0532,4106.33,2026-08-02 16:21:00,Bengaluru,Big Chill,Restaurant,0
T01702,C0171,2200.27,2026-08-02 16:22:00,Hyderabad,Spar,Grocery,0
T06142,C0615,508.53,2026-08-02 16:24:00,Pune,Burger King,Restaurant,0
T05032,C0504,2414.68,2026-08-02 16:25:00,Goa,Reliance,Retail,0
T01712,C0172,3629.88,2026-08-02 16:25:00,Chennai,Flipkart,E-commerce,0
T06632,C0664,1975.18,2026-08-02 16:26:00,Pune,Amazon,E-commerce,0
T00592,C0060,4743.37,2026-08-02 16:27:00,Hyderabad,Burger King,Restaurant,0
T09772,C0978,2282.96,2026-08-02 16:27:00,Delhi,Amazon,E-commerce,0
T04142,C0415,2319.76,2026-08-02 16:27:00,Bengaluru,Flipkart,E-commerce,0
T03652,C0366,3519.66,2026-08-02 16:29:00,Goa,Flipkart,E-commerce,0
T01442,C0145,5194.58,2026-08-02 16:29:00,Pune,Flipkart,E-commerce,0
T05582,C0559,1212.5,2026-08-02 16:30:00,Chennai,Max,Apparel,0
T01982,C0199,1099.95,2026-08-02 16:30:00,Delhi,Max,Apparel,0
T09522,C0953,5485.29,2026-08-02 16:30:00,Pune,Flipkart,E-commerce,0
T08532,C0854,6676.61,2026-08-02 16:32:00,Pune,Spar,Grocery,0
T01582,C0159,3624.88,2026-08-02 16:34:00,Chennai,Burger King,Restaurant,0
T09952,C0996,1283.99,2026-08-02 16:34:00,Goa,Amazon,E-commerce,0
T09782,C0979,4116.67,2026-08-02 16:34:00,Pune,Spar,Grocery,0
T09042,C0905,811.57,2026-08-02 16:35:00,Goa,Amazon,E-commerce,0
T08542,C0855,3085.59,2026-08-02 16:36:00,Mumbai,Myntra,E-commerce,0
T06602,C0661,5536.5,2026-08-02 16:36:00,Kolkata,H&M,Apparel,0
T08682,C0869,1400.01,2026-08-02 16:37:00,Delhi,H&M,Apparel,0
T00692,C0070,1768.02,2026-08-02 16:38:00,Chennai,Reliance,Retail,0
T09502,C0951,5118.72,2026-08-02 16:39:00,Pune,Burger King,Restaurant,0
T00372,C0038,1093.95,2026-08-02 16:41:00,Delhi,H&M,Apparel,0
T09852,C0986,4274.65,2026-08-02 16:41:00,Chennai,Reliance,Retail,0
T07822,C0783,2255.21,2026-08-02 16:42:00,Chennai,Zara,Apparel,0
T01952,C0196,1002.73,2026-08-02 16:43:00,Mumbai,Zara,Apparel,0
T01572,C0158,822.53,2026-08-02 16:43:00,Pune,Amazon,E-commerce,0
T04672,C0468,1813.39,2026-08-02 16:43:00,Pune,Amazon,E-commerce,0
T02432,C0244,3680.52,2026-08-02 16:44:00,Mumbai,Myntra,E-commerce,0
T05592,C0560,3926.13,2026-08-02 16:48:00,Goa,Spar,Grocery,0
T08042,C0805,2521.65,2026-08-02 16:49:00,Pune,Max,Apparel,0
T08802,C0881,2356.81,2026-08-02 16:49:00,Kolkata,Zara,Apparel,0
T08442,C0845,863.56,2026-08-02 16:51:00,Bengaluru,Zara,Apparel,0
T08912,C0892,1435.68,2026-08-02 16:54:00,Kolkata,,E-commerce,0
T00672,C0068,6212.81,2026-08-02 16:55:00,Chennai,Amazon,E-commerce,0
T04252,C0426,1288.81,2026-08-02 16:55:00,Hyderabad,Flipkart,E-commerce,0
T07182,C0719,2836.71,2026-08-02 16:55:00,Hyderabad,Big Chill,Restaurant,0
T02362,C0237,4408.67,2026-08-02 16:56:00,Bengaluru,Spar,Grocery,0
T08202,C0821,2912.86,2026-08-02 16:57:00,Kolkata,Flipkart,E-commerce,0
T03482,C0349,3552.11,2026-08-02 16:57:00,,Myntra,E-commerce,0
T09962,C0997,2864.2,2026-08-02 16:58:00,,Flipkart,E-commerce,0
T08242,C0825,3496.06,2026-08-02 16:59:00,Hyderabad,Max,Apparel,0
T06302,C0631,1765.16,2026-08-02 16:59:00,Mumbai,Spar,Grocery,0
T00292,C0030,2767.0,2026-08-02 16:59:00,Hyderabad,Spar,Grocery,0
T05342,C0535,3640.34,2026-08-02 17:00:00,Chennai,Big Chill,Restaurant,0
T04042,C0405,4690.94,2026-08-02 17:01:00,Delhi,Flipkart,E-commerce,0
T03592,C0360,2932.31,2026-08-02 17:01:00,Hyderabad,Burger King,Restaurant,0
T09312,C0932,2251.25,2026-08-02 17:01:00,Kolkata,H&M,Apparel,0
T02022,C0203,2263.02,2026-08-02 17:03:00,Bengaluru,Myntra,E-commerce,0
T02692,C0270,1146.0,2026-08-02 17:03:00,Delhi,Max,Apparel,0
T08672,C0868,2386.58,2026-08-02 17:03:00,Mumbai,Big Chill,Restaurant,0
T02682,C0269,844.75,2026-08-02 17:04:00,Bengaluru,Amazon,E-commerce,0
T07582,C0759,3033.19,2026-08-02 17:04:00,Hyderabad,Burger King,Restaurant,0
T06082,C0609,715.69,2026-08-02 17:05:00,Pune,Reliance,Retail,0
T05182,C0519,3700.37,2026-08-02 17:05:00,Goa,Max,Apparel,0
T05922,C0593,313.58,2026-08-02 17:05:00,Delhi,Flipkart,E-commerce,0
T03462,C0347,2608.6,2026-08-02 17:07:00,Goa,Amazon,E-commerce,0
T08522,C0853,1430.5,2026-08-02 17:07:00,Delhi,Burger King,Restaurant,0
T04482,C0449,2148.91,2026-08-02 17:08:00,Mumbai,Reliance,Retail,0
T00582,C0059,3201.97,2026-08-02 17:08:00,Bengaluru,Zara,Apparel,0
T04852,C0486,669.9,2026-08-02 17:11:00,Kolkata,Amazon,E-commerce,0
T08272,C0828,2053.77,2026-08-02 17:13:00,Hyderabad,Myntra,E-commerce,0
T04522,C0453,1273.62,2026-08-02 17:13:00,Hyderabad,Big Chill,Restaurant,0
T03912,C0392,2975.37,2026-08-02 17:14:00,Goa,Spar,Grocery,0
T02122,C0213,785.44,2026-08-02 17:15:00,Kolkata,H&M,Apparel,0
T04232,C0424,4027.67,2026-08-02 17:16:00,Delhi,Max,Apparel,0
T01602,C0161,5108.01,2026-08-02 17:17:00,Mumbai,H&M,Apparel,0
T02292,C0230,3160.27,2026-08-02 17:17:00,Hyderabad,Reliance,Retail,0
T07622,C0763,4785.37,2026-08-02 17:20:00,Kolkata,Big Chill,Restaurant,0
T09332,C0934,2653.56,2026-08-02 17:21:00,Goa,Amazon,E-commerce,0
T00762,C0077,1179.32,2026-08-02 17:21:00,Bengaluru,Reliance,Retail,0
T06492,C0650,5407.2,2026-08-02 17:24:00,Pune,Flipkart,E-commerce,0
T01182,C0119,3586.28,2026-08-02 17:31:00,Bengaluru,Flipkart,E-commerce,0
T05262,C0527,1676.07,2026-08-02 17:31:00,Hyderabad,Zara,Apparel,0
T04492,C0450,1206.43,2026-08-02 17:32:00,Delhi,Max,Apparel,0
T03522,C0353,3656.32,2026-08-02 17:34:00,Chennai,Myntra,E-commerce,0
T03742,C0375,949.1,2026-08-02 17:35:00,Kolkata,Zara,Apparel,0
T01152,C0116,649.77,2026-08-02 17:36:00,Chennai,Amazon,E-commerce,0
T08792,C0880,1715.53,2026-08-02 17:36:00,Bengaluru,Burger King,Restaurant,0
T03952,C0396,1040.19,2026-08-02 17:37:00,Goa,Max,Apparel,0
T06442,C0645,738.32,2026-08-02 17:37:00,Mumbai,Myntra,E-commerce,0
T09722,C0973,1614.73,2026-08-02 17:39:00,Goa,H&M,Apparel,0
T04132,C0414,3034.81,2026-08-02 17:39:00,Bengaluru,Burger King,Restaurant,0
T07522,C0753,5934.92,2026-08-02 17:39:00,Goa,Reliance,Retail,0
T01422,C0143,1251.65,2026-08-02 17:41:00,Bengaluru,Zara,Apparel,0
T09272,C0928,6537.01,2026-08-02 17:41:00,Bengaluru,H&M,Apparel,0
T09922,C0993,340.34,2026-08-02 17:42:00,Delhi,Flipkart,E-commerce,0
T02872,C0288,2845.66,2026-08-02 17:43:00,Mumbai,Burger King,Restaurant,0
T03982,C0399,2563.99,2026-08-02 17:44:00,,Zara,Apparel,0
T03442,C0345,3366.92,2026-08-02 17:44:00,Bengaluru,Big Chill,Restaurant,0
T04432,C0444,3575.89,2026-08-02 17:47:00,Pune,Flipkart,E-commerce,0
T04702,C0471,5179.61,2026-08-02 17:49:00,Mumbai,Flipkart,E-commerce,0
T04282,C0429,4586.38,2026-08-02 17:50:00,Kolkata,Amazon,E-commerce,0
T06662,C0667,851.06,2026-08-02 17:51:00,Pune,Burger King,Restaurant,0
T08832,C0884,1523.89,2026-08-02 17:53:00,Hyderabad,Spar,Grocery,0
T03512,C0352,6686.63,2026-08-02 17:55:00,Pune,Burger King,Restaurant,0
T02502,C0251,417.33,2026-08-02 17:56:00,Kolkata,Big Chill,Restaurant,0
T07472,C0748,2337.61,2026-08-02 17:57:00,Bengaluru,H&M,Apparel,0
T03752,C0376,839.43,2026-08-02 17:59:00,Kolkata,Max,Apparel,0
T08592,C0860,1776.54,2026-08-02 17:59:00,Mumbai,Big Chill,Restaurant,0
T08062,C0807,2571.06,2026-08-02 17:59:00,Mumbai,Burger King,Restaurant,0
T05152,C0516,975.55,2026-08-02 18:00:00,Chennai,,E-commerce,0
T09012,C0902,2903.28,2026-08-02 18:01:00,Hyderabad,Myntra,E-commerce,0
T05052,C0506,1459.56,2026-08-02 18:01:00,Hyderabad,Reliance,Retail,0
T01232,C0124,6150.27,2026-08-02 18:03:00,Goa,Myntra,E-commerce,0
T03672,C0368,6384.22,2026-08-02 18:04:00,Hyderabad,,Retail,0
T09062,C0907,1867.23,2026-08-02 18:05:00,Kolkata,Max,Apparel,0
T01282,C0129,633.18,2026-08-02 18:07:00,Hyderabad,Burger King,Restaurant,0
T02232,C0224,1732.65,2026-08-02 18:09:00,Delhi,Reliance,Retail,0
T03892,C0390,561.22,2026-08-02 18:09:00,Bengaluru,Burger King,Restaurant,0
T00232,C0024,5089.57,2026-08-02 18:11:00,Bengaluru,Reliance,Retail,0
T03022,C0303,3564.43,2026-08-02 18:12:00,Bengaluru,Flipkart,E-commerce,0
T05172,C0518,1361.44,2026-08-02 18:12:00,Bengaluru,H&M,Apparel,0
T09942,C0995,1229.71,2026-08-02 18:13:00,Bengaluru,Zara,Apparel,0
T09882,C0989,2087.69,2026-08-02 18:13:00,Kolkata,Myntra,E-commerce,0
T09302,C0931,5984.28,2026-08-02 18:16:00,Goa,Spar,Grocery,0
T04882,C0489,626.04,2026-08-02 18:16:00,Goa,Spar,Grocery,0
T02162,C0217,3676.8,2026-08-02 18:18:00,Hyderabad,Max,Apparel,0
T00022,C0003,625.55,2026-08-02 18:19:00,Chennai,Max,Apparel,0
T07972,C0798,1951.0,2026-08-02 18:21:00,Goa,Amazon,E-commerce,0
T07952,C0796,3966.16,2026-08-02 18:21:00,Chennai,Myntra,E-commerce,0
T02032,C0204,2218.37,2026-08-02 18:22:00,Bengaluru,Burger King,Restaurant,0
T08022,C0803,389.16,2026-08-02 18:23:00,Delhi,Flipkart,E-commerce,0
T02272,C0228,3260.6,2026-08-02 18:23:00,Chennai,Spar,Grocery,0
T03062,C0307,5721.56,2026-08-02 18:24:00,Bengaluru,,Apparel,0
T08862,C0887,5540.2,2026-08-02 18:24:00,Goa,Zara,Apparel,0
T09482,C0949,1783.15,2026-08-02 18:25:00,,Zara,Apparel,0
T01222,C0123,2526.54,2026-08-02 18:25:00,Kolkata,Myntra,E-commerce,0
T08452,C0846,1966.34,2026-08-02 18:27:00,Hyderabad,Max,Apparel,0
T07272,C0728,3080.74,2026-08-02 18:27:00,Bengaluru,Flipkart,E-commerce,0
T07992,C0800,4720.66,2026-08-02 18:28:00,Pune,Flipkart,E-commerce,0
T09282,C0929,1862.26,2026-08-02 18:29:00,Kolkata,Burger King,Restaurant,0
T06772,C0678,6914.28,2026-08-02 18:29:00,Hyderabad,Big Chill,Restaurant,0
T01382,C0139,3404.63,2026-08-02 18:30:00,Kolkata,Burger King,Restaurant,0
T00042,C0005,1739.46,2026-08-02 18:31:00,Pune,Amazon,E-commerce,0
T03882,C0389,940.66,2026-08-02 18:33:00,Chennai,Myntra,E-commerce,0
T06092,C0610,3515.16,2026-08-02 18:33:00,Bengaluru,Myntra,E-commerce,0
T00492,C0050,3502.55,2026-08-02 18:34:00,Chennai,Big Chill,Restaurant,0
T04302,C0431,2924.61,2026-08-02 18:34:00,Chennai,Spar,Grocery,0
T02802,C0281,1379.4,2026-08-02 18:35:00,Goa,Zara,Apparel,0
T06652,C0666,1703.0,2026-08-02 18:35:00,Hyderabad,Amazon,E-commerce,0
T06552,C0656,516.71,2026-08-02 18:37:00,Mumbai,Burger King,Restaurant,0
T01092,C0110,5966.86,2026-08-02 18:38:00,Delhi,Burger King,Restaurant,0
T02702,C0271,2538.67,2026-08-02 18:38:00,Bengaluru,Big Chill,Restaurant,0
T07122,C0713,5523.78,2026-08-02 18:38:00,Mumbai,Burger King,Restaurant,0
T02672,C0268,579.52,2026-08-02 18:38:00,Chennai,Burger King,Restaurant,0
T06882,C0689,5129.7,2026-08-02 18:40:00,Kolkata,Big Chill,Restaurant,0
T05212,C0522,1897.22,2026-08-02 18:40:00,Hyderabad,Spar,Grocery,0
T03032,C0304,1793.5,2026-08-02 18:41:00,Delhi,Big Chill,Restaurant,0
T00662,C0067,3369.84,2026-08-02 18:42:00,Bengaluru,Amazon,E-commerce,0
T03072,C0308,1840.52,2026-08-02 18:42:00,Pune,H&M,Apparel,0
T09232,C0924,628.37,2026-08-02 18:43:00,Pune,Amazon,E-commerce,0
T08472,C0848,3638.17,2026-08-02 18:43:00,,Big Chill,Restaurant,0
T06262,C0627,2754.05,2026-08-02 18:43:00,Pune,Spar,Grocery,0
T06252,C0626,5875.63,2026-08-02 18:43:00,Goa,,Restaurant,0
T03262,C0327,832.04,2026-08-02 18:46:00,Hyderabad,Myntra,E-commerce,0
T03082,C0309,3108.71,2026-08-02 18:47:00,Kolkata,Flipkart,E-commerce,0
T07392,C0740,2944.26,2026-08-02 18:49:00,Chennai,Zara,Apparel,0
T02972,C0298,2711.74,2026-08-02 18:49:00,Bengaluru,Max,Apparel,0
T08372,C0838,3336.99,2026-08-02 18:50:00,Bengaluru,Max,Apparel,0
T08602,C0861,665.13,2026-08-02 18:50:00,Goa,Amazon,E-commerce,0
T08652,C0866,3202.0,2026-08-02 18:50:00,Mumbai,Amazon,E-commerce,0
T05362,C0537,2696.42,2026-08-02 18:52:00,Mumbai,Max,Apparel,0
T01902,C0191,3674.91,2026-08-02 18:53:00,Mumbai,Flipkart,E-commerce,0
T07022,C0703,2300.22,2026-08-02 18:55:00,Kolkata,,Retail,0
T09582,C0959,709.13,2026-08-02 18:56:00,Pune,Myntra,E-commerce,0
T04192,C0420,713.57,2026-08-02 18:57:00,,Max,Apparel,0
T07892,C0790,3593.11,2026-08-02 18:58:00,Mumbai,Amazon,E-commerce,0
T01102,C0111,5991.69,2026-08-02 18:59:00,Delhi,Big Chill,Restaurant,0
T08712,C0872,806.11,2026-08-02 19:00:00,,Big Chill,Restaurant,0
T08622,C0863,2824.73,2026-08-02 19:00:00,Mumbai,Flipkart,E-commerce,0
T08812,C0882,5982.85,2026-08-02 19:01:00,Hyderabad,Max,Apparel,0
T02882,C0289,3720.59,2026-08-02 19:03:00,Delhi,H&M,Apparel,0
T04872,C0488,843.94,2026-08-02 19:04:00,Chennai,Reliance,Retail,0
T00052,C0006,2090.08,2026-08-02 19:04:00,Chennai,Reliance,Retail,0
T06192,C0620,2777.51,2026-08-02 19:04:00,Delhi,Burger King,Restaurant,0
T03812,C0382,882.33,2026-08-02 19:06:00,Chennai,Big Chill,Restaurant,0
T07452,C0746,3470.92,2026-08-02 19:09:00,Goa,Amazon,E-commerce,0
T04952,C0496,886.79,2026-08-02 19:09:00,Chennai,H&M,Apparel,0
T07572,C0758,2621.09,2026-08-02 19:11:00,Bengaluru,H&M,Apparel,0
T09572,C0958,1288.76,2026-08-02 19:11:00,Pune,H&M,Apparel,0
T04472,C0448,2107.17,2026-08-02 19:12:00,Pune,Big Chill,Restaurant,0
T04002,C0401,1926.47,2026-08-02 19:12:00,Delhi,Big Chill,Restaurant,0
T05562,C0557,871.61,2026-08-02 19:14:00,Bengaluru,Flipkart,E-commerce,0
T08552,C0856,2108.97,2026-08-02 19:15:00,Hyderabad,Burger King,Restaurant,0
T06642,C0665,3153.0,2026-08-02 19:15:00,Hyderabad,Flipkart,E-commerce,0
T03802,C0381,789.31,2026-08-02 19:17:00,Pune,Zara,Apparel,0
T02012,C0202,5845.13,2026-08-02 19:20:00,Kolkata,H&M,Apparel,0
T09672,C0968,5122.33,2026-08-02 19:20:00,Delhi,Reliance,Retail,0
T08402,C0841,4672.76,2026-08-02 19:22:00,Pune,Spar,Grocery,0
T00242,C0025,4228.47,2026-08-02 19:23:00,Bengaluru,Zara,Apparel,0
T03352,C0336,2479.18,2026-08-02 19:24:00,Delhi,Zara,Apparel,0
T09142,C0915,1070.21,2026-08-02 19:26:00,Mumbai,Max,Apparel,0
T03002,C0301,2016.82,2026-08-02 19:26:00,Delhi,H&M,Apparel,0
T05242,C0525,3370.72,2026-08-02 19:26:00,Hyderabad,Myntra,E-commerce,0
T05352,C0536,2992.08,2026-08-02 19:30:00,Delhi,Zara,Apparel,0
T04242,C0425,6640.54,2026-08-02 19:30:00,Bengaluru,Reliance,Retail,0
T04962,C0497,2124.62,2026-08-02 19:30:00,Pune,Big Chill,Restaurant,0
T09692,C0970,947.78,2026-08-02 19:32:00,Bengaluru,,E-commerce,0
T03692,C0370,3481.63,2026-08-02 19:32:00,Bengaluru,Flipkart,E-commerce,0
T01022,C0103,5145.08,2026-08-02 19:34:00,Chennai,Burger King,Restaurant,0
T00712,C0072,585.58,2026-08-02 19:34:00,Chennai,,E-commerce,0
T02312,C0232,2006.78,2026-08-02 19:35:00,Pune,Amazon,E-commerce,0
T07312,C0732,2220.89,2026-08-02 19:35:00,Delhi,Myntra,E-commerce,0
T00412,C0042,3519.69,2026-08-02 19:36:00,Pune,Reliance,Retail,0
T00162,C0017,2267.58,2026-08-02 19:38:00,Hyderabad,Zara,Apparel,0
T09432,C0944,2000.36,2026-08-02 19:40:00,Delhi,Flipkart,E-commerce,0
T08012,C0802,2650.97,2026-08-02 19:40:00,Hyderabad,Big Chill,Restaurant,0
T02842,C0285,892.73,2026-08-02 19:43:00,Kolkata,Zara,Apparel,0
T01132,C0114,2862.7,2026-08-02 19:45:00,Kolkata,Flipkart,E-commerce,0
T05322,C0533,2473.43,2026-08-02 19:47:00,Goa,Max,Apparel,0
T01212,C0122,949.85,2026-08-02 19:48:00,Goa,Reliance,Retail,0
T09982,C0999,3884.63,2026-08-02 19:48:00,Kolkata,Big Chill,Restaurant,0
T07032,C0704,1664.32,2026-08-02 19:49:00,Chennai,Spar,Grocery,0
T07722,C0773,809.65,2026-08-02 19:49:00,Pune,H&M,Apparel,0
T00212,C0022,3533.1,2026-08-02 19:50:00,Mumbai,Max,Apparel,0
T05002,C0501,1488.86,2026-08-02 19:50:00,Pune,Flipkart,E-commerce,0
T02392,C0240,3059.92,2026-08-02 19:52:00,Mumbai,Burger King,Restaurant,0
T04392,C0440,3972.87,2026-08-02 19:52:00,Kolkata,H&M,Apparel,0
T07962,C0797,3906.22,2026-08-02 19:53:00,Goa,Myntra,E-commerce,0
T08962,C0897,3854.34,2026-08-02 19:54:00,Pune,Big Chill,Restaurant,0
T08162,C0817,2175.45,2026-08-02 19:55:00,Goa,Flipkart,E-commerce,0
T04712,C0472,691.44,2026-08-02 19:56:00,Pune,Myntra,E-commerce,0
T03702,C0371,815.49,2026-08-02 19:58:00,Goa,Amazon,E-commerce,0
T03962,C0397,5407.44,2026-08-02 19:59:00,Chennai,Zara,Apparel,0
T05092,C0510,2723.34,2026-08-02 19:59:00,Pune,Reliance,Retail,0
T07152,C0716,4627.85,2026-08-02 19:59:00,Kolkata,Myntra,E-commerce,0
T08642,C0865,3276.99,2026-08-02 20:00:00,Delhi,Flipkart,E-commerce,0
T00552,C0056,5729.93,2026-08-02 20:02:00,Mumbai,Amazon,E-commerce,0
T02562,C0257,4310.27,2026-08-02 20:02:00,Hyderabad,Zara,Apparel,0
T02452,C0246,1372.18,2026-08-02 20:02:00,Hyderabad,Zara,Apparel,0
T07512,C0752,1306.05,2026-08-02 20:04:00,Bengaluru,Flipkart,E-commerce,0
T07412,C0742,692.43,2026-08-02 20:04:00,Mumbai,Flipkart,E-commerce,0
T04932,C0494,3357.75,2026-08-02 20:05:00,Mumbai,Max,Apparel,0
T06962,C0697,5364.98,2026-08-02 20:06:00,Chennai,Flipkart,E-commerce,0
T03622,C0363,5254.0,2026-08-02 20:06:00,Chennai,Reliance,Retail,0
T07292,C0730,2772.69,2026-08-02 20:08:00,Delhi,H&M,Apparel,0
T01392,C0140,1283.3,2026-08-02 20:08:00,Mumbai,Spar,Grocery,0
T03332,C0334,904.8,2026-08-02 20:11:00,,Spar,Grocery,0
T08352,C0836,1889.46,2026-08-02 20:12:00,Delhi,Reliance,Retail,0
T06382,C0639,4345.55,2026-08-02 20:12:00,Delhi,Big Chill,Restaurant,0
T01632,C0164,625.96,2026-08-02 20:13:00,Kolkata,,Restaurant,0
T01842,C0185,2352.74,2026-08-02 20:13:00,Bengaluru,Zara,Apparel,0
T03542,C0355,644.79,2026-08-02 20:13:00,Pune,Burger King,Restaurant,0
T09802,C0981,1931.42,2026-08-02 20:13:00,Bengaluru,Reliance,Retail,0
T08462,C0847,4320.72,2026-08-02 20:15:00,Hyderabad,Max,Apparel,0
T06512,C0652,3927.77,2026-08-02 20:16:00,Kolkata,Reliance,Retail,0
T09872,C0988,4123.17,2026-08-02 20:16:00,Bengaluru,Flipkart,E-commerce,0
T08432,C0844,2021.22,2026-08-02 20:17:00,Mumbai,Zara,Apparel,0
T07712,C0772,3935.85,2026-08-02 20:18:00,Hyderabad,Amazon,E-commerce,0
T05972,C0598,4503.44,2026-08-02 20:18:00,Pune,Burger King,Restaurant,0
T09822,C0983,2345.49,2026-08-02 20:18:00,Bengaluru,Burger King,Restaurant,0
T06842,C0685,1396.46,2026-08-02 20:19:00,Pune,Max,Apparel,0
T01272,C0128,1679.79,2026-08-02 20:20:00,Hyderabad,Spar,Grocery,0
T07602,C0761,2024.08,2026-08-02 20:20:00,Hyderabad,Amazon,E-commerce,0
T05622,C0563,1533.9,2026-08-02 20:20:00,Kolkata,Big Chill,Restaurant,0
T09702,C0971,1254.42,2026-08-02 20:22:00,Hyderabad,Big Chill,Restaurant,0
T03182,C0319,2008.96,2026-08-02 20:22:00,Kolkata,H&M,Apparel,0
T02612,C0262,988.06,2026-08-02 20:22:00,Mumbai,Amazon,E-commerce,0
T01462,C0147,1080.69,2026-08-02 20:23:00,Hyderabad,Max,Apparel,0
T09392,C0940,395.51,2026-08-02 20:23:00,Pune,Myntra,E-commerce,0
T00962,C0097,3799.36,2026-08-02 20:25:00,Mumbai,H&M,Apparel,0
T04312,C0432,3585.46,2026-08-02 20:26:00,Chennai,Max,Apparel,0
T05792,C0580,4185.31,2026-08-02 20:26:00,Bengaluru,Myntra,E-commerce,0
T04222,C0423,2360.41,2026-08-02 20:26:00,Delhi,Max,Apparel,0
T08282,C0829,1942.33,2026-08-02 20:27:00,Pune,Spar,Grocery,0
T06032,C0604,5047.25,2026-08-02 20:28:00,Bengaluru,Burger King,Restaurant,0
T09382,C0939,2209.64,2026-08-02 20:29:00,,Zara,Apparel,0
T06122,C0613,4048.82,2026-08-02 20:31:00,Goa,Myntra,E-commerce,0
T08192,C0820,356.35,2026-08-02 20:31:00,Chennai,Myntra,E-commerce,0
T04352,C0436,2260.99,2026-08-02 20:33:00,Mumbai,Reliance,Retail,0
T02662,C0267,2190.08,2026-08-02 20:33:00,Chennai,Spar,Grocery,0
T03712,C0372,5193.24,2026-08-02 20:34:00,Delhi,Zara,Apparel,0
T05102,C0511,1240.97,2026-08-02 20:35:00,Chennai,H&M,Apparel,0
T08082,C0809,3305.98,2026-08-02 20:36:00,Mumbai,Burger King,Restaurant,0
T08822,C0883,2196.83,2026-08-02 20:37:00,Hyderabad,Big Chill,Restaurant,0
T02952,C0296,3222.38,2026-08-02 20:38:00,Bengaluru,Myntra,E-commerce,0
T08112,C0812,2774.43,2026-08-02 20:40:00,Delhi,Spar,Grocery,0
T00522,C0053,5332.87,2026-08-02 20:41:00,Delhi,Amazon,E-commerce,0
T09412,C0942,4064.31,2026-08-02 20:41:00,Pune,Spar,Grocery,0
T02062,C0207,2340.01,2026-08-02 20:42:00,Mumbai,Zara,Apparel,0
T02752,C0276,745.87,2026-08-02 20:43:00,Chennai,Burger King,Restaurant,0
T04322,C0433,3172.33,2026-08-02 20:44:00,Hyderabad,Zara,Apparel,0
T07852,C0786,3914.76,2026-08-02 20:44:00,Goa,Reliance,Retail,0
T06212,C0622,4128.07,2026-08-02 20:45:00,Kolkata,Burger King,Restaurant,0
T09752,C0976,1201.78,2026-08-02 20:45:00,Delhi,Max,Apparel,0
T09222,C0923,1074.22,2026-08-02 20:47:00,Mumbai,Big Chill,Restaurant,0
T05402,C0541,1122.81,2026-08-02 20:48:00,Goa,Burger King,Restaurant,0
T06362,C0637,2177.86,2026-08-02 20:51:00,Pune,Big Chill,Restaurant,0
T06112,C0612,1274.07,2026-08-02 20:54:00,Bengaluru,H&M,Apparel,0
T01072,C0108,1098.0,2026-08-02 20:54:00,Pune,Flipkart,E-commerce,0
T03572,C0358,2492.39,2026-08-02 20:54:00,Goa,Reliance,Retail,0
T05392,C0540,3078.94,2026-08-02 20:55:00,Pune,Burger King,Restaurant,0
T03222,C0323,959.41,2026-08-02 20:56:00,Mumbai,Big Chill,Restaurant,0
T09162,C0917,1091.51,2026-08-02 20:56:00,Mumbai,Myntra,E-commerce,0
T03342,C0335,3214.16,2026-08-02 20:58:00,Bengaluru,Burger King,Restaurant,0
T09422,C0943,2426.75,2026-08-02 20:58:00,Chennai,Big Chill,Restaurant,0
T07752,C0776,2738.0,2026-08-02 20:58:00,Mumbai,H&M,Apparel,0
T07932,C0794,2709.8,2026-08-02 20:59:00,Kolkata,Max,Apparel,0
T06702,C0671,1232.03,2026-08-02 20:59:00,Goa,Amazon,E-commerce,0
T08002,C0801,2348.59,2026-08-02 20:59:00,Mumbai,H&M,Apparel,0
T07132,C0714,2520.51,2026-08-02 21:00:00,Bengaluru,Myntra,E-commerce,0
T05132,C0514,3447.25,2026-08-02 21:01:00,Bengaluru,H&M,Apparel,0
T06102,C0611,715.09,2026-08-02 21:01:00,Chennai,Flipkart,E-commerce,0
T06392,C0640,2970.39,2026-08-02 21:03:00,Kolkata,Myntra,E-commerce,0
T05022,C0503,1554.46,2026-08-02 21:03:00,,Amazon,E-commerce,0
T07642,C0765,4052.01,2026-08-02 21:04:00,Delhi,Zara,Apparel,0
T04162,C0417,1756.41,2026-08-02 21:04:00,Mumbai,Myntra,E-commerce,0
T07162,C0717,666.42,2026-08-02 21:05:00,Chennai,Max,Apparel,0
T06912,C0692,2307.12,2026-08-02 21:07:00,Hyderabad,Reliance,Retail,0
T07772,C0778,3130.1,2026-08-02 21:08:00,Kolkata,Zara,Apparel,0
T09492,C0950,3074.62,2026-08-02 21:09:00,Bengaluru,H&M,Apparel,0
T08502,C0851,2006.06,2026-08-02 21:10:00,Hyderabad,Myntra,E-commerce,0
T05962,C0597,3559.57,2026-08-02 21:10:00,Delhi,Spar,Grocery,0
T00622,C0063,1572.52,2026-08-02 21:10:00,Bengaluru,Flipkart,E-commerce,0
T09912,C0992,2983.26,2026-08-02 21:12:00,Goa,Burger King,Restaurant,0
T01722,C0173,2679.3,2026-08-02 21:12:00,Delhi,Max,Apparel,0
T00422,C0043,3477.14,2026-08-02 21:12:00,Mumbai,Big Chill,Restaurant,0
T00332,C0034,5990.24,2026-08-02 21:12:00,Chennai,H&M,Apparel,0
T01522,C0153,5718.43,2026-08-02 21:14:00,Goa,Burger King,Restaurant,0
T00732,C0074,6999.04,2026-08-02 21:14:00,Chennai,Zara,Apparel,0
T09642,C0965,3835.81,2026-08-02 21:14:00,Chennai,Amazon,E-commerce,0
T03842,C0385,3107.45,2026-08-02 21:14:00,Chennai,Spar,Grocery,0
T01362,C0137,4449.66,2026-08-02 21:15:00,Bengaluru,Flipkart,E-commerce,0
T09552,C0956,2324.57,2026-08-02 21:16:00,Goa,H&M,Apparel,0
T02742,C0275,4576.65,2026-08-02 21:17:00,Chennai,Zara,Apparel,0
T09402,C0941,4876.7,2026-08-02 21:19:00,Pune,,Grocery,0
T02782,C0279,2597.08,2026-08-02 21:20:00,Pune,Reliance,Retail,0
T05842,C0585,3907.91,2026-08-02 21:20:00,Hyderabad,Amazon,E-commerce,0
T05292,C0530,4213.24,2026-08-02 21:21:00,Pune,Max,Apparel,0
T09832,C0984,4265.74,2026-08-02 21:21:00,Kolkata,Myntra,E-commerce,0
T00352,C0036,715.44,2026-08-02 21:23:00,Kolkata,Reliance,Retail,0
T02382,C0239,1016.27,2026-08-02 21:23:00,Delhi,Big Chill,Restaurant,0
T02892,C0290,3919.16,2026-08-02 21:27:00,Kolkata,Big Chill,Restaurant,0
T02342,C0235,2744.3,2026-08-02 21:27:00,Pune,,E-commerce,0
T07352,C0736,4912.16,2026-08-02 21:28:00,Pune,Zara,Apparel,0
T00952,C0096,592.23,2026-08-02 21:29:00,Pune,Burger King,Restaurant,0
T04212,C0422,1849.74,2026-08-02 21:29:00,Bengaluru,H&M,Apparel,0
T07422,C0743,1607.08,2026-08-02 21:29:00,Bengaluru,Reliance,Retail,0
T09532,C0954,5227.55,2026-08-02 21:30:00,Delhi,Zara,Apparel,0
T08572,C0858,6361.68,2026-08-02 21:30:00,Mumbai,Flipkart,E-commerce,0
T06272,C0628,2489.54,2026-08-02 21:30:00,Mumbai,Flipkart,E-commerce,0
T00612,C0062,6953.1,2026-08-02 21:31:00,Goa,Spar,Grocery,0
T03142,C0315,3667.76,2026-08-02 21:31:00,Hyderabad,Big Chill,Restaurant,0
T07282,C0729,1897.5,2026-08-02 21:32:00,Delhi,H&M,Apparel,0
T06982,C0699,622.17,2026-08-02 21:33:00,Kolkata,Amazon,E-commerce,0
T06322,C0633,1882.85,2026-08-02 21:34:00,Kolkata,Flipkart,E-commerce,0
T01472,C0148,542.14,2026-08-02 21:36:00,Bengaluru,Flipkart,E-commerce,0
T00982,C0099,2257.36,2026-08-02 21:37:00,Mumbai,Max,Apparel,0
T05642,C0565,861.21,2026-08-02 21:37:00,Bengaluru,Myntra,E-commerce,0
T00682,C0069,4493.14,2026-08-02 21:38:00,Goa,Max,Apparel,0
T00602,C0061,666.06,2026-08-02 21:39:00,Mumbai,Zara,Apparel,0
T01172,C0118,3536.66,2026-08-02 21:39:00,Hyderabad,Max,Apparel,0
T00852,C0086,2559.83,2026-08-02 21:40:00,Pune,Reliance,Retail,0
T03772,C0378,6510.64,2026-08-02 21:40:00,Hyderabad,Spar,Grocery,0
T03642,C0365,1115.67,2026-08-02 21:40:00,Hyderabad,Big Chill,Restaurant,0
T02152,C0216,2340.94,2026-08-02 21:44:00,Bengaluru,Burger King,Restaurant,0
T06572,C0658,681.08,2026-08-02 21:45:00,Kolkata,Max,Apparel,0
T01732,C0174,4566.68,2026-08-02 21:46:00,Mumbai,Amazon,E-commerce,0
T06202,C0621,1783.54,2026-08-02 21:46:00,Mumbai,Reliance,Retail,0
T00532,C0054,719.29,2026-08-02 21:47:00,Goa,Reliance,Retail,0
T07592,C0760,3021.47,2026-08-02 21:47:00,Hyderabad,Spar,Grocery,0
T00632,C0064,4553.44,2026-08-02 21:48:00,Delhi,Zara,Apparel,0
T08322,C0833,396.99,2026-08-02 21:48:00,,Myntra,E-commerce,0
T06902,C0691,975.18,2026-08-02 21:51:00,Kolkata,H&M,Apparel,0
T07002,C0701,968.22,2026-08-02 21:52:00,Pune,Max,Apparel,0
T00542,C0055,2194.31,2026-08-02 21:52:00,Mumbai,Big Chill,Restaurant,0
T09022,C0903,1477.52,2026-08-02 21:53:00,Delhi,Max,Apparel,0
T06542,C0655,3253.58,2026-08-02 21:53:00,Chennai,Reliance,Retail,0
T08382,C0839,3398.21,2026-08-02 21:53:00,Chennai,Flipkart,E-commerce,0
T03732,C0374,4858.93,2026-08-02 21:54:00,,Zara,Apparel,0
T02472,C0248,1630.12,2026-08-02 21:55:00,Pune,Big Chill,Restaurant,0
T03922,C0393,4885.46,2026-08-02 21:55:00,Hyderabad,Myntra,E-commerce,0
T09512,C0952,849.44,2026-08-02 21:57:00,Kolkata,H&M,Apparel,0
T01852,C0186,3722.45,2026-08-02 21:57:00,Goa,Spar,Grocery,0
T08122,C0813,4773.12,2026-08-02 21:59:00,Kolkata,Reliance,Retail,0
T09052,C0906,1206.91,2026-08-02 22:00:00,Pune,Burger King,Restaurant,0
T09082,C0909,2853.6,2026-08-02 22:00:00,Goa,Myntra,E-commerce,0
T00192,C0020,3217.8,2026-08-02 22:02:00,Bengaluru,Big Chill,Restaurant,0
T04622,C0463,1364.45,2026-08-02 22:02:00,Hyderabad,H&M,Apparel,0
T07262,C0727,4478.83,2026-08-02 22:08:00,Hyderabad,Max,Apparel,0
T04832,C0484,4355.29,2026-08-02 22:08:00,Kolkata,Burger King,Restaurant,0
T02242,C0225,6319.46,2026-08-02 22:08:00,Pune,Big Chill,Restaurant,0
T00452,C0046,3616.65,2026-08-02 22:10:00,Pune,Big Chill,Restaurant,0
T01692,C0170,5369.29,2026-08-02 22:11:00,Kolkata,Big Chill,Restaurant,0
T01642,C0165,4047.72,2026-08-02 22:14:00,Bengaluru,Burger King,Restaurant,0
T04382,C0439,4070.72,2026-08-02 22:14:00,Kolkata,Big Chill,Restaurant,0
T04692,C0470,3286.95,2026-08-02 22:15:00,Goa,Spar,Grocery,0
T07372,C0738,2264.33,2026-08-02 22:16:00,Goa,Amazon,E-commerce,0
T08582,C0859,2945.21,2026-08-02 22:16:00,Delhi,Big Chill,Restaurant,0
T00402,C0041,3415.11,2026-08-02 22:17:00,Goa,Burger King,Restaurant,0
T09762,C0977,5010.13,2026-08-02 22:19:00,Hyderabad,Zara,Apparel,0
T05462,C0547,4382.43,2026-08-02 22:20:00,,Big Chill,Restaurant,0
T08262,C0827,875.17,2026-08-02 22:21:00,,Zara,Apparel,0
T04792,C0480,2915.53,2026-08-02 22:21:00,Pune,Amazon,E-commerce,0
T08772,C0878,1105.52,2026-08-02 22:22:00,Bengaluru,Burger King,Restaurant,0
T08132,C0814,3413.2,2026-08-02 22:22:00,Mumbai,Spar,Grocery,0
T09632,C0964,3714.42,2026-08-02 22:23:00,Pune,Amazon,E-commerce,0
T01752,C0176,2238.46,2026-08-02 22:24:00,Kolkata,H&M,Apparel,0
T00822,C0083,690.48,2026-08-02 22:24:00,Delhi,Spar,Grocery,0
T02622,C0263,1617.57,2026-08-02 22:25:00,Pune,Spar,Grocery,0
T03782,C0379,5411.06,2026-08-02 22:26:00,Goa,Burger King,Restaurant,0
T07302,C0731,4412.97,2026-08-02 22:27:00,Hyderabad,Big Chill,Restaurant,0
T06722,C0673,3873.46,2026-08-02 22:28:00,Kolkata,Burger King,Restaurant,0
T02102,C0211,3242.38,2026-08-02 22:29:00,Pune,Zara,Apparel,0
T00832,C0084,3700.18,2026-08-02 22:29:00,Chennai,Big Chill,Restaurant,0
T04742,C0475,2534.1,2026-08-02 22:29:00,Pune,Reliance,Retail,0
T05822,C0583,2135.52,2026-08-02 22:31:00,Chennai,Zara,Apparel,0
T03502,C0351,1777.91,2026-08-02 22:32:00,Goa,Zara,Apparel,0
T02412,C0242,2640.25,2026-08-02 22:33:00,,Myntra,E-commerce,0
T04362,C0437,2003.77,2026-08-02 22:35:00,Bengaluru,Spar,Grocery,0
T00942,C0095,5738.7,2026-08-02 22:36:00,Mumbai,Zara,Apparel,0
T00222,C0023,4193.22,2026-08-02 22:37:00,,Amazon,E-commerce,0
T00202,C0021,1791.28,2026-08-02 22:37:00,Hyderabad,Burger King,Restaurant,0
T01032,C0104,3624.87,2026-08-02 22:39:00,Kolkata,Amazon,E-commerce,0
T09102,C0911,5663.28,2026-08-02 22:40:00,,Reliance,Retail,0
T04342,C0435,2075.8,2026-08-02 22:43:00,Delhi,H&M,Apparel,0
T04452,C0446,3269.85,2026-08-02 22:43:00,Chennai,Burger King,Restaurant,0
T04982,C0499,4349.17,2026-08-02 22:45:00,Delhi,Big Chill,Restaurant,0
T09862,C0987,1054.54,2026-08-02 22:45:00,Mumbai,Spar,Grocery,0
T09682,C0969,2380.55,2026-08-02 22:47:00,Hyderabad,Max,Apparel,0
T08142,C0815,5230.19,2026-08-02 22:48:00,Hyderabad,Flipkart,E-commerce,0
T00652,C0066,2117.01,2026-08-02 22:51:00,Bengaluru,H&M,Apparel,0
T08842,C0885,2838.9,2026-08-02 22:52:00,Kolkata,Flipkart,E-commerce,0
T05222,C0523,660.96,2026-08-02 22:53:00,Kolkata,Amazon,E-commerce,0
T01862,C0187,2751.36,2026-08-02 22:54:00,Chennai,Myntra,E-commerce,0
T06562,C0657,651.67,2026-08-02 22:55:00,Goa,Amazon,E-commerce,0
T02372,C0238,2692.84,2026-08-02 22:56:00,Delhi,Spar,Grocery,0
T07012,C0702,2857.1,2026-08-02 22:57:00,Mumbai,,Restaurant,0
T00932,C0094,2391.9,2026-08-02 22:59:00,Bengaluru,Myntra,E-commerce,0
T05232,C0524,4918.15,2026-08-02 22:59:00,Hyderabad,Spar,Grocery,0
T07983,C0799,822.67,2026-08-03 08:00:00,Kolkata,Amazon,E-commerce,0
T09623,C0963,1685.4,2026-08-03 08:00:00,Kolkata,Zara,Apparel,0
T00893,C0090,3295.82,2026-08-03 08:00:00,Bengaluru,Spar,Grocery,0
T07113,C0712,5597.3,2026-08-03 08:01:00,Pune,Big Chill,Restaurant,0
T01413,C0142,1086.24,2026-08-03 08:01:00,Hyderabad,Zara,Apparel,0
T01683,C0169,4941.59,2026-08-03 08:04:00,Kolkata,Myntra,E-commerce,0
T09823,C0983,2132.37,2026-08-03 08:04:00,Bengaluru,Flipkart,E-commerce,0
T07933,C0794,5714.84,2026-08-03 08:05:00,Kolkata,Burger King,Restaurant,0
T03803,C0381,847.21,2026-08-03 08:07:00,Pune,Zara,Apparel,0
T04573,C0458,4552.52,2026-08-03 08:08:00,Chennai,Myntra,E-commerce,0
T03343,C0335,3413.99,2026-08-03 08:08:00,Bengaluru,Zara,Apparel,0
T05393,C0540,2259.23,2026-08-03 08:08:00,Pune,Flipkart,E-commerce,0
T00413,C0042,2671.8,2026-08-03 08:09:00,Pune,H&M,Apparel,0
T05743,C0575,6839.24,2026-08-03 08:10:00,Bengaluru,Myntra,E-commerce,0
T08503,C0851,1969.29,2026-08-03 08:15:00,Hyderabad,Myntra,E-commerce,0
T05083,C0509,573.06,2026-08-03 08:16:00,Hyderabad,Burger King,Restaurant,0
T02573,C0258,2585.98,2026-08-03 08:17:00,Pune,,Retail,0
T07473,C0748,1986.8,2026-08-03 08:18:00,Bengaluru,Big Chill,Restaurant,0
T08443,C0845,934.75,2026-08-03 08:18:00,Bengaluru,Flipkart,E-commerce,0
T04023,C0403,685.86,2026-08-03 08:19:00,Pune,Max,Apparel,0
T01533,C0154,3421.67,2026-08-03 08:19:00,Mumbai,Myntra,E-commerce,0
T09003,C0901,2822.02,2026-08-03 08:19:00,Bengaluru,Flipkart,E-commerce,0
T08573,C0858,7121.36,2026-08-03 08:19:00,Mumbai,Flipkart,E-commerce,0
T04313,C0432,2778.31,2026-08-03 08:22:00,Chennai,Burger King,Restaurant,0
T03643,C0365,1431.19,2026-08-03 08:23:00,Hyderabad,Amazon,E-commerce,0
T03463,C0347,4562.05,2026-08-03 08:24:00,Goa,Amazon,E-commerce,0
T05413,C0542,3220.34,2026-08-03 08:24:00,Bengaluru,Max,Apparel,0
T06993,C0700,2081.18,2026-08-03 08:24:00,Mumbai,Myntra,E-commerce,0
T09613,C0962,2437.58,2026-08-03 08:25:00,Hyderabad,Myntra,E-commerce,0
T03133,C0314,2832.93,2026-08-03 08:25:00,Goa,Burger King,Restaurant,0
T08243,C0825,1699.06,2026-08-03 08:28:00,Hyderabad,Burger King,Restaurant,0
T03333,C0334,819.09,2026-08-03 08:29:00,Pune,Myntra,E-commerce,0
T03093,C0310,4411.91,2026-08-03 08:29:00,Chennai,Myntra,E-commerce,0
T06773,C0678,4107.36,2026-08-03 08:31:00,Hyderabad,Reliance,Retail,0
T02423,C0243,3482.05,2026-08-03 08:32:00,Chennai,Zara,Apparel,0
T01403,C0141,2364.65,2026-08-03 08:34:00,Hyderabad,Spar,Grocery,0
T09633,C0964,5445.85,2026-08-03 08:35:00,Pune,Flipkart,E-commerce,0
T04843,C0485,3342.47,2026-08-03 08:35:00,Goa,Flipkart,E-commerce,0
T09753,C0976,1328.56,2026-08-03 08:41:00,Delhi,Max,Apparel,0
T00153,C0016,2770.48,2026-08-03 08:42:00,Hyderabad,Amazon,E-commerce,0
T09453,C0946,4287.98,2026-08-03 08:42:00,Hyderabad,Myntra,E-commerce,0
T02473,C0248,3627.75,2026-08-03 08:43:00,Pune,Spar,Grocery,0
T01963,C0197,3635.18,2026-08-03 08:43:00,Mumbai,Reliance,Retail,0
T01953,C0196,2289.39,2026-08-03 08:45:00,Mumbai,Zara,Apparel,0
T08863,C0887,5502.87,2026-08-03 08:45:00,Goa,Reliance,Retail,0
T09573,C0958,1857.41,2026-08-03 08:47:00,Pune,H&M,Apparel,0
T00023,C0003,726.08,2026-08-03 08:47:00,Chennai,Flipkart,E-commerce,0
T00673,C0068,4043.46,2026-08-03 08:47:00,Chennai,Spar,Grocery,0
T06103,C0611,1116.29,2026-08-03 08:48:00,Chennai,H&M,Apparel,0
T09893,C0990,2369.46,2026-08-03 08:50:00,Kolkata,Max,Apparel,0
T09033,C0904,1018.46,2026-08-03 08:50:00,,Zara,Apparel,0
T09163,C0917,949.39,2026-08-03 08:52:00,Mumbai,Amazon,E-commerce,0
T09043,C0905,1214.98,2026-08-03 08:53:00,Goa,Reliance,Retail,0
T09053,C0906,1372.93,2026-08-03 08:53:00,Pune,Burger King,Restaurant,0
T07573,C0758,3509.9,2026-08-03 08:53:00,Bengaluru,H&M,Apparel,0
T02853,C0286,1824.47,2026-08-03 08:53:00,Delhi,H&M,Apparel,0
T05433,C0544,2566.91,2026-08-03 08:53:00,Kolkata,Burger King,Restaurant,0
T05703,C0571,3434.16,2026-08-03 08:54:00,Mumbai,Myntra,E-commerce,0
T09563,C0957,5429.64,2026-08-03 08:55:00,Goa,H&M,Apparel,0
T06563,C0657,1087.63,2026-08-03 08:55:00,Goa,Amazon,E-commerce,0
T08263,C0827,965.73,2026-08-03 08:55:00,Goa,Zara,Apparel,0
T06143,C0615,787.36,2026-08-03 08:55:00,Pune,Burger King,Restaurant,0
T09943,C0995,2146.54,2026-08-03 08:56:00,Bengaluru,Reliance,Retail,0
T01993,C0200,4116.62,2026-08-03 08:57:00,Pune,Myntra,E-commerce,0
T01303,C0131,930.14,2026-08-03 08:57:00,Chennai,Flipkart,E-commerce,0
T04433,C0444,3405.17,2026-08-03 09:00:00,Pune,Flipkart,E-commerce,0
T05653,C0566,4119.95,2026-08-03 09:01:00,Goa,Flipkart,E-commerce,0
T08483,C0849,2344.58,2026-08-03 09:01:00,Hyderabad,Reliance,Retail,0
T00743,C0075,5509.41,2026-08-03 09:01:00,Goa,Big Chill,Restaurant,0
T02383,C0239,1497.35,2026-08-03 09:02:00,Delhi,Big Chill,Restaurant,0
T04953,C0496,891.27,2026-08-03 09:02:00,Chennai,Burger King,Restaurant,0
T07803,C0781,1279.69,2026-08-03 09:02:00,Bengaluru,H&M,Apparel,0
T01333,C0134,5139.04,2026-08-03 09:03:00,Pune,Myntra,E-commerce,0
T02523,C0253,4355.39,2026-08-03 09:05:00,Delhi,Flipkart,E-commerce,0
T03633,C0364,4373.28,2026-08-03 09:06:00,Hyderabad,Burger King,Restaurant,0
T05283,C0529,4692.05,2026-08-03 09:06:00,Bengaluru,Spar,Grocery,0
T03013,C0302,1835.3,2026-08-03 09:07:00,Kolkata,Max,Apparel,0
T02623,C0263,2235.28,2026-08-03 09:07:00,Pune,Max,Apparel,0
T00253,C0026,953.39,2026-08-03 09:08:00,Chennai,Flipkart,E-commerce,0
T07023,C0703,1406.37,2026-08-03 09:08:00,Kolkata,Reliance,Retail,0
T04703,C0471,6354.13,2026-08-03 09:08:00,Mumbai,Flipkart,E-commerce,0
T02283,C0229,2212.97,2026-08-03 09:08:00,Pune,Reliance,Retail,0
T00603,C0061,1082.42,2026-08-03 09:08:00,Mumbai,Flipkart,E-commerce,0
T02843,C0285,712.5,2026-08-03 09:08:00,Kolkata,Amazon,E-commerce,0
T00243,C0025,5786.57,2026-08-03 09:09:00,Bengaluru,Zara,Apparel,0
T04093,C0410,6631.31,2026-08-03 09:11:00,Pune,H&M,Apparel,0
T06483,C0649,2531.33,2026-08-03 09:14:00,Pune,Reliance,Retail,0
T04423,C0443,1725.72,2026-08-03 09:14:00,Goa,Reliance,Retail,0
T08373,C0838,3918.5,2026-08-03 09:15:00,Bengaluru,Big Chill,Restaurant,0
T07853,C0786,4261.24,2026-08-03 09:15:00,Goa,Myntra,E-commerce,0
T02933,C0294,2592.82,2026-08-03 09:16:00,Hyderabad,Reliance,Retail,0
T03473,C0348,1039.97,2026-08-03 09:18:00,Goa,Spar,Grocery,0
T00013,C0002,2616.25,2026-08-03 09:18:00,Goa,Reliance,Retail,0
T04983,C0499,4275.28,2026-08-03 09:19:00,Delhi,,Restaurant,0
T04463,C0447,5500.83,2026-08-03 09:19:00,Bengaluru,Zara,Apparel,0
T03773,C0378,2656.96,2026-08-03 09:21:00,Hyderabad,Big Chill,Restaurant,0
T00773,C0078,3765.05,2026-08-03 09:22:00,Delhi,H&M,Apparel,0
T02893,C0290,3646.92,2026-08-03 09:22:00,Kolkata,Burger King,Restaurant,0
T00353,C0036,1420.95,2026-08-03 09:24:00,Kolkata,Spar,Grocery,0
T04513,C0452,786.17,2026-08-03 09:25:00,Chennai,Flipkart,E-commerce,0
T09883,C0989,4780.48,2026-08-03 09:25:00,Kolkata,Myntra,E-commerce,0
T09153,C0916,1055.36,2026-08-03 09:26:00,Delhi,Big Chill,Restaurant,0
T06923,C0693,6619.97,2026-08-03 09:27:00,Goa,Flipkart,E-commerce,0
T00883,C0089,1003.8,2026-08-03 09:27:00,,Max,Apparel,0
T05293,C0530,3504.15,2026-08-03 09:29:00,Pune,Flipkart,E-commerce,0
T06633,C0664,2649.69,2026-08-03 09:30:00,Pune,Big Chill,Restaurant,0
T07873,C0788,408.31,2026-08-03 09:30:00,Kolkata,Myntra,E-commerce,0
T02813,C0282,2461.97,2026-08-03 09:31:00,Goa,Max,Apparel,0
T05363,C0537,5641.57,2026-08-03 09:33:00,Mumbai,Max,Apparel,0
T02053,C0206,2854.57,2026-08-03 09:34:00,Kolkata,Big Chill,Restaurant,0
T01873,C0188,2062.99,2026-08-03 09:35:00,Chennai,Amazon,E-commerce,0
T02253,C0226,3438.72,2026-08-03 09:36:00,Hyderabad,Big Chill,Restaurant,0
T02513,C0252,4581.23,2026-08-03 09:36:00,,,Apparel,0
T06153,C0616,2556.26,2026-08-03 09:38:00,Delhi,Max,Apparel,0
T02333,C0234,5682.04,2026-08-03 09:38:00,Mumbai,Big Chill,Restaurant,0
T09423,C0943,1778.55,2026-08-03 09:40:00,Chennai,H&M,Apparel,0
T07713,C0772,3027.9,2026-08-03 09:40:00,Hyderabad,Big Chill,Restaurant,0
T03043,C0305,800.74,2026-08-03 09:41:00,Goa,Max,Apparel,0
T00623,C0063,1440.58,2026-08-03 09:42:00,Bengaluru,Zara,Apparel,0
T06553,C0656,873.2,2026-08-03 09:44:00,Mumbai,H&M,Apparel,0
T05663,C0567,2257.88,2026-08-03 09:44:00,,Flipkart,E-commerce,0
T04103,C0411,1929.05,2026-08-03 09:44:00,Kolkata,Zara,Apparel,0
T06263,C0627,2294.33,2026-08-03 09:44:00,,Spar,Grocery,0
T01903,C0191,2585.35,2026-08-03 09:45:00,Mumbai,H&M,Apparel,0
T08993,C0900,2800.29,2026-08-03 09:45:00,Goa,Spar,Grocery,0
T06723,C0673,1896.84,2026-08-03 09:45:00,Kolkata,Burger King,Restaurant,0
T09263,C0927,5714.54,2026-08-03 09:48:00,,Burger King,Restaurant,0
T07623,C0763,2073.71,2026-08-03 09:49:00,Kolkata,Max,Apparel,0
T05233,C0524,5936.66,2026-08-03 09:51:00,Hyderabad,Spar,Grocery,0
T05113,C0512,957.03,2026-08-03 09:51:00,Mumbai,Big Chill,Restaurant,0
T00523,C0053,2992.34,2026-08-03 09:52:00,Delhi,Burger King,Restaurant,0
T05033,C0504,3333.49,2026-08-03 09:52:00,Goa,Reliance,Retail,0
T01353,C0136,1747.57,2026-08-03 09:52:00,Pune,Zara,Apparel,0
T03413,C0342,1182.54,2026-08-03 09:53:00,Hyderabad,Burger King,Restaurant,0
T05693,C0570,1920.04,2026-08-03 09:59:00,Delhi,Zara,Apparel,0
T09973,C0998,3536.5,2026-08-03 09:59:00,Bengaluru,Max,Apparel,0
T05633,C0564,1005.55,2026-08-03 10:00:00,Kolkata,H&M,Apparel,0
T09013,C0902,6078.32,2026-08-03 10:01:00,Hyderabad,Flipkart,E-commerce,0
T03453,C0346,3269.77,2026-08-03 10:02:00,Hyderabad,Max,Apparel,0
T06493,C0650,4309.38,2026-08-03 10:02:00,Pune,Amazon,E-commerce,0
T01583,C0159,1459.44,2026-08-03 10:06:00,Chennai,Zara,Apparel,0
T09683,C0969,2653.57,2026-08-03 10:10:00,Hyderabad,Max,Apparel,0
T06453,C0646,3406.28,2026-08-03 10:10:00,Hyderabad,Flipkart,E-commerce,0
T07223,C0723,2735.73,2026-08-03 10:11:00,Bengaluru,H&M,Apparel,0
T05623,C0563,1180.33,2026-08-03 10:15:00,Kolkata,Big Chill,Restaurant,0
T05063,C0507,396.94,2026-08-03 10:15:00,Hyderabad,Reliance,Retail,0
T09063,C0907,2829.52,2026-08-03 10:16:00,Kolkata,Max,Apparel,0
T03953,C0396,1611.12,2026-08-03 10:17:00,Goa,Spar,Grocery,0
T02493,C0250,2633.27,2026-08-03 10:18:00,Chennai,Max,Apparel,0
T02533,C0254,2062.31,2026-08-03 10:23:00,Mumbai,Big Chill,Restaurant,0
T07443,C0745,2296.61,2026-08-03 10:24:00,Bengaluru,H&M,Apparel,0
T09473,C0948,1912.91,2026-08-03 10:26:00,Goa,Flipkart,E-commerce,0
T02373,C0238,2777.53,2026-08-03 10:26:00,Delhi,Myntra,E-commerce,0
T09283,C0929,1558.82,2026-08-03 10:29:00,,Burger King,Restaurant,0
T02773,C0278,3894.06,2026-08-03 10:31:00,Chennai,Spar,Grocery,0
T00913,C0092,1736.7,2026-08-03 10:32:00,Kolkata,Burger King,Restaurant,0
T01763,C0177,6573.05,2026-08-03 10:33:00,Goa,Burger King,Restaurant,0
T03123,C0313,3563.81,2026-08-03 10:34:00,Mumbai,Flipkart,E-commerce,0
T04453,C0446,2507.32,2026-08-03 10:34:00,Chennai,H&M,Apparel,0
T02943,C0295,873.41,2026-08-03 10:35:00,Hyderabad,Zara,Apparel,0
T04053,C0406,4503.47,2026-08-03 10:36:00,Hyderabad,Amazon,E-commerce,0
T06793,C0680,4449.9,2026-08-03 10:37:00,Kolkata,Spar,Grocery,0
T02863,C0287,520.61,2026-08-03 10:38:00,,Reliance,Retail,0
T05533,C0554,3965.12,2026-08-03 10:38:00,Chennai,Reliance,Retail,0
T08793,C0880,2602.53,2026-08-03 10:39:00,Bengaluru,Spar,Grocery,0
T07303,C0731,5609.43,2026-08-03 10:39:00,Hyderabad,Big Chill,Restaurant,0
T00283,C0029,3547.69,2026-08-03 10:41:00,Delhi,Amazon,E-commerce,0
T02243,C0225,2634.4,2026-08-03 10:42:00,,Burger King,Restaurant,0
T03733,C0374,5942.45,2026-08-03 10:43:00,Kolkata,Myntra,E-commerce,0
T02763,C0277,1302.49,2026-08-03 10:44:00,Hyderabad,Reliance,Retail,0
T09803,C0981,2363.96,2026-08-03 10:45:00,Bengaluru,,Retail,0
T03813,C0382,2238.4,2026-08-03 10:48:00,Chennai,Spar,Grocery,0
T03743,C0375,1329.18,2026-08-03 10:48:00,,Zara,Apparel,0
T07073,C0708,1751.03,2026-08-03 10:48:00,Pune,Big Chill,Restaurant,0
T08273,C0828,4604.26,2026-08-03 10:48:00,Hyderabad,H&M,Apparel,0
T03683,C0369,1984.08,2026-08-03 10:49:00,Bengaluru,Max,Apparel,0
T03403,C0341,4353.86,2026-08-03 10:49:00,Chennai,Zara,Apparel,0
T03083,C0309,2281.39,2026-08-03 10:50:00,Kolkata,Big Chill,Restaurant,0
T04863,C0487,2222.62,2026-08-03 10:51:00,Delhi,Amazon,E-commerce,0
T08543,C0855,1295.48,2026-08-03 10:54:00,Mumbai,Amazon,E-commerce,0
T02433,C0244,2619.93,2026-08-03 10:55:00,Mumbai,Myntra,E-commerce,0
T05893,C0590,4633.73,2026-08-03 10:56:00,Chennai,H&M,Apparel,0
T03263,C0327,1142.28,2026-08-03 10:59:00,Hyderabad,Myntra,E-commerce,0
T03383,C0339,6486.95,2026-08-03 10:59:00,Hyderabad,Burger King,Restaurant,0
T04763,C0477,2764.92,2026-08-03 11:00:00,Pune,Burger King,Restaurant,0
T01693,C0170,2454.93,2026-08-03 11:01:00,Kolkata,Spar,Grocery,0
T06113,C0612,1191.37,2026-08-03 11:03:00,Bengaluru,H&M,Apparel,0
T04473,C0448,1714.99,2026-08-03 11:03:00,Pune,Spar,Grocery,0
T01293,C0130,6174.23,2026-08-03 11:04:00,Chennai,Burger King,Restaurant,0
T06433,C0644,2467.75,2026-08-03 11:04:00,Kolkata,Max,Apparel,0
T07333,C0734,1764.32,2026-08-03 11:04:00,Hyderabad,Zara,Apparel,0
T05853,C0586,704.0,2026-08-03 11:05:00,Kolkata,Burger King,Restaurant,0
T07963,C0797,3336.2,2026-08-03 11:08:00,Goa,Myntra,E-commerce,0
T04683,C0469,2667.02,2026-08-03 11:08:00,Delhi,Flipkart,E-commerce,0
T08813,C0882,3658.46,2026-08-03 11:11:00,Hyderabad,Max,Apparel,0
T09673,C0968,3476.48,2026-08-03 11:12:00,Delhi,Reliance,Retail,0
T07233,C0724,2040.31,2026-08-03 11:12:00,Goa,Spar,Grocery,0
T05163,C0517,3030.25,2026-08-03 11:13:00,Mumbai,Big Chill,Restaurant,0
T03303,C0331,441.41,2026-08-03 11:13:00,Goa,Max,Apparel,0
T00343,C0035,6153.91,2026-08-03 11:15:00,Chennai,Spar,Grocery,0
T08563,C0857,1307.81,2026-08-03 11:15:00,Delhi,Burger King,Restaurant,0
T05173,C0518,2395.5,2026-08-03 11:17:00,,Big Chill,Restaurant,0
T01083,C0109,1293.64,2026-08-03 11:18:00,Kolkata,Big Chill,Restaurant,0
T02753,C0276,430.07,2026-08-03 11:19:00,Chennai,Max,Apparel,0
T09233,C0924,411.72,2026-08-03 11:25:00,Pune,Flipkart,E-commerce,0
T07043,C0705,770.65,2026-08-03 11:25:00,Kolkata,Max,Apparel,0
T08673,C0868,1531.78,2026-08-03 11:26:00,Mumbai,Burger King,Restaurant,0
T08213,C0822,668.81,2026-08-03 11:26:00,Kolkata,Flipkart,E-commerce,0
T04833,C0484,4408.81,2026-08-03 11:27:00,Kolkata,Myntra,E-commerce,0
T02413,C0242,3653.74,2026-08-03 11:27:00,Bengaluru,Amazon,E-commerce,0
T01933,C0194,3229.56,2026-08-03 11:28:00,Mumbai,Flipkart,E-commerce,0
T01043,C0105,2192.48,2026-08-03 11:30:00,Kolkata,,Apparel,0
T07843,C0785,661.91,2026-08-03 11:32:00,Delhi,Reliance,Retail,0
T02743,C0275,5045.38,2026-08-03 11:34:00,Chennai,Myntra,E-commerce,0
T05183,C0519,4416.61,2026-08-03 11:34:00,Goa,Zara,Apparel,0
T03393,C0340,2292.51,2026-08-03 11:34:00,Bengaluru,Reliance,Retail,0
T00083,C0009,5621.84,2026-08-03 11:35:00,Mumbai,Reliance,Retail,0
T07643,C0765,1499.46,2026-08-03 11:36:00,Delhi,Amazon,E-commerce,0
T07763,C0777,2680.34,2026-08-03 11:36:00,Chennai,Flipkart,E-commerce,0
T07773,C0778,1846.57,2026-08-03 11:37:00,Kolkata,Zara,Apparel,0
T09173,C0918,1355.33,2026-08-03 11:39:00,Mumbai,Spar,Grocery,0
T08283,C0829,2527.0,2026-08-03 11:41:00,,Max,Apparel,0
T00983,C0099,5017.66,2026-08-03 11:42:00,Mumbai,Max,Apparel,0
T06043,C0605,2204.82,2026-08-03 11:43:00,Mumbai,Reliance,Retail,0
T04253,C0426,973.48,2026-08-03 11:43:00,Hyderabad,Flipkart,E-commerce,0
T04993,C0500,2746.48,2026-08-03 11:44:00,Hyderabad,Spar,Grocery,0
T06873,C0688,1832.0,2026-08-03 11:44:00,Chennai,Big Chill,Restaurant,0
T02303,C0231,1576.21,2026-08-03 11:45:00,Chennai,Burger King,Restaurant,0
T05873,C0588,1786.06,2026-08-03 11:45:00,Bengaluru,Reliance,Retail,0
T09833,C0984,5752.14,2026-08-03 11:47:00,Kolkata,Zara,Apparel,0
T02503,C0251,603.26,2026-08-03 11:48:00,,Flipkart,E-commerce,0
T08323,C0833,464.66,2026-08-03 11:48:00,Mumbai,Reliance,Retail,0
T02023,C0203,1591.28,2026-08-03 11:48:00,Bengaluru,Amazon,E-commerce,0
T08153,C0816,5197.54,2026-08-03 11:50:00,Hyderabad,Max,Apparel,0
T05813,C0582,2625.46,2026-08-03 11:50:00,Hyderabad,Big Chill,Restaurant,0
T06243,C0625,425.57,2026-08-03 11:51:00,Pune,Max,Apparel,0
T08043,C0805,2204.55,2026-08-03 11:51:00,Pune,Amazon,E-commerce,0
T09383,C0939,2343.36,2026-08-03 11:51:00,Kolkata,Zara,Apparel,0
T03103,C0311,914.01,2026-08-03 11:52:00,Bengaluru,Burger King,Restaurant,0
T05123,C0513,1825.9,2026-08-03 11:53:00,Chennai,Amazon,E-commerce,0
T04243,C0425,4632.31,2026-08-03 11:54:00,Bengaluru,Zara,Apparel,0
T02703,C0271,2701.12,2026-08-03 11:55:00,Bengaluru,H&M,Apparel,0
T06543,C0655,1660.86,2026-08-03 11:56:00,Chennai,Zara,Apparel,0
T03053,C0306,987.3,2026-08-03 11:57:00,Kolkata,Burger King,Restaurant,0
T09143,C0915,1079.23,2026-08-03 11:59:00,Mumbai,Max,Apparel,0
T07093,C0710,1732.03,2026-08-03 11:59:00,Mumbai,Amazon,E-commerce,0
T07893,C0790,4532.01,2026-08-03 12:01:00,Mumbai,Max,Apparel,0
T03363,C0337,6053.74,2026-08-03 12:01:00,Delhi,Zara,Apparel,0
T04403,C0441,3078.22,2026-08-03 12:01:00,Mumbai,H&M,Apparel,0
T05323,C0533,3162.54,2026-08-03 12:01:00,Goa,Max,Apparel,0
T01143,C0115,4528.42,2026-08-03 12:05:00,Chennai,Amazon,E-commerce,0
T03673,C0368,5785.89,2026-08-03 12:06:00,Hyderabad,Max,Apparel,0
T06033,C0604,3916.33,2026-08-03 12:06:00,Bengaluru,Big Chill,Restaurant,0
T06583,C0659,319.11,2026-08-03 12:08:00,Kolkata,Big Chill,Restaurant,0
T04443,C0445,3867.09,2026-08-03 12:08:00,Kolkata,Big Chill,Restaurant,0
T01103,C0111,6023.33,2026-08-03 12:09:00,Delhi,Myntra,E-commerce,0
T02983,C0299,2440.57,2026-08-03 12:10:00,Mumbai,Max,Apparel,0
T08933,C0894,3113.41,2026-08-03 12:12:00,Goa,Max,Apparel,0
T01093,C0110,3138.59,2026-08-03 12:13:00,Delhi,Burger King,Restaurant,0
T09343,C0935,3636.55,2026-08-03 12:13:00,Goa,Reliance,Retail,0
T07813,C0782,4825.62,2026-08-03 12:13:00,Pune,Spar,Grocery,0
T06463,C0647,2176.96,2026-08-03 12:13:00,Kolkata,Flipkart,E-commerce,0
T01753,C0176,2791.89,2026-08-03 12:13:00,Kolkata,Zara,Apparel,0
T06303,C0631,4413.62,2026-08-03 12:15:00,Mumbai,Spar,Grocery,0
T08713,C0872,1460.6,2026-08-03 12:16:00,Goa,Burger King,Restaurant,0
T05863,C0587,4556.76,2026-08-03 12:16:00,Delhi,Spar,Grocery,0
T00273,C0028,854.51,2026-08-03 12:16:00,Pune,,E-commerce,0
T04153,C0416,6351.51,2026-08-03 12:17:00,Bengaluru,Zara,Apparel,0
T01543,C0155,1370.53,2026-08-03 12:19:00,Chennai,Zara,Apparel,0
T06943,C0695,2924.76,2026-08-03 12:20:00,Chennai,Big Chill,Restaurant,0
T00203,C0021,1659.89,2026-08-03 12:21:00,Hyderabad,Flipkart,E-commerce,0
T07153,C0716,5025.71,2026-08-03 12:21:00,Kolkata,Max,Apparel,0
T02723,C0273,945.74,2026-08-03 12:22:00,Hyderabad,Big Chill,Restaurant,0
T07523,C0753,4215.25,2026-08-03 12:22:00,Goa,Reliance,Retail,0
T05593,C0560,1630.79,2026-08-03 12:22:00,Goa,,E-commerce,0
T06313,C0632,2792.97,2026-08-03 12:24:00,Bengaluru,H&M,Apparel,0
T08033,C0804,4284.26,2026-08-03 12:26:00,Kolkata,Burger King,Restaurant,0
T08523,C0853,1089.79,2026-08-03 12:26:00,Delhi,Amazon,E-commerce,0
T03763,C0377,1926.46,2026-08-03 12:27:00,Chennai,Spar,Grocery,0
T02313,C0232,3473.22,2026-08-03 12:28:00,Pune,Amazon,E-commerce,0
T00853,C0086,1905.03,2026-08-03 12:28:00,Pune,Spar,Grocery,0
T07973,C0798,1570.58,2026-08-03 12:29:00,Goa,Big Chill,Restaurant,0
T04593,C0460,1966.69,2026-08-03 12:30:00,Pune,Burger King,Restaurant,0
T01573,C0158,1307.01,2026-08-03 12:30:00,Pune,Amazon,E-commerce,0
T01063,C0107,1045.11,2026-08-03 12:31:00,Mumbai,Max,Apparel,0
T08773,C0878,1387.58,2026-08-03 12:31:00,Bengaluru,Zara,Apparel,0
T04793,C0480,1562.51,2026-08-03 12:32:00,Pune,Amazon,E-commerce,0
T03843,C0385,2890.56,2026-08-03 12:32:00,Chennai,H&M,Apparel,0
T03553,C0356,6986.58,2026-08-03 12:34:00,Kolkata,Myntra,E-commerce,0
T09183,C0919,4263.32,2026-08-03 12:34:00,Delhi,Max,Apparel,0
T04223,C0423,6178.41,2026-08-03 12:34:00,Delhi,Max,Apparel,0
T09693,C0970,823.56,2026-08-03 12:37:00,Bengaluru,Myntra,E-commerce,0
T00933,C0094,3480.08,2026-08-03 12:38:00,Bengaluru,Myntra,E-commerce,0
T00063,C0007,1124.97,2026-08-03 12:38:00,Mumbai,Spar,Grocery,0
T00573,C0058,4489.96,2026-08-03 12:38:00,Hyderabad,H&M,Apparel,0
T09953,C0996,1487.95,2026-08-03 12:38:00,Goa,Myntra,E-commerce,0
T08333,C0834,1929.39,2026-08-03 12:40:00,Pune,Myntra,E-commerce,0
T02903,C0291,6435.5,2026-08-03 12:41:00,Hyderabad,Burger King,Restaurant,0
T08783,C0879,2538.88,2026-08-03 12:41:00,Hyderabad,H&M,Apparel,0
T05313,C0532,3067.14,2026-08-03 12:41:00,Bengaluru,Burger King,Restaurant,0
T00663,C0067,2359.12,2026-08-03 12:42:00,Bengaluru,Amazon,E-commerce,0
T00113,C0012,5994.27,2026-08-03 12:44:00,Pune,Zara,Apparel,0
T00973,C0098,2443.09,2026-08-03 12:44:00,Chennai,Max,Apparel,0
T09873,C0988,4675.35,2026-08-03 12:44:00,Bengaluru,Zara,Apparel,0
T06083,C0609,478.13,2026-08-03 12:47:00,Pune,H&M,Apparel,0
T03703,C0371,1376.28,2026-08-03 12:47:00,Goa,Burger King,Restaurant,0
T02583,C0259,2313.3,2026-08-03 12:49:00,Delhi,Amazon,E-commerce,0
T06093,C0610,3919.15,2026-08-03 12:51:00,Bengaluru,Big Chill,Restaurant,0
T04813,C0482,1552.92,2026-08-03 12:54:00,Bengaluru,Amazon,E-commerce,0
T08193,C0820,575.2,2026-08-03 12:54:00,Chennai,Reliance,Retail,0
T03253,C0326,1183.49,2026-08-03 12:54:00,Chennai,Reliance,Retail,0
T06613,C0662,1543.04,2026-08-03 12:55:00,Bengaluru,Amazon,E-commerce,0
T04913,C0492,725.44,2026-08-03 12:56:00,Delhi,Flipkart,E-commerce,0
T07993,C0800,4627.46,2026-08-03 12:57:00,Pune,Spar,Grocery,0
T03273,C0328,1136.21,2026-08-03 12:58:00,Delhi,Amazon,E-commerce,0
T03543,C0355,576.01,2026-08-03 12:58:00,Pune,Max,Apparel,0
T05563,C0557,1140.43,2026-08-03 12:59:00,Bengaluru,Max,Apparel,0
T09903,C0991,2300.91,2026-08-03 13:00:00,Pune,Spar,Grocery,0
T05933,C0594,2796.09,2026-08-03 13:01:00,Goa,Big Chill,Restaurant,0
T04893,C0490,2623.87,2026-08-03 13:01:00,Delhi,,E-commerce,0
T03293,C0330,930.61,2026-08-03 13:02:00,Hyderabad,Reliance,Retail,0
T00863,C0087,4299.52,2026-08-03 13:02:00,Mumbai,Flipkart,E-commerce,0
T04203,C0421,3520.51,2026-08-03 13:02:00,Kolkata,Zara,Apparel,0
T03623,C0363,2149.83,2026-08-03 13:03:00,,Zara,Apparel,0
T07213,C0722,6787.87,2026-08-03 13:03:00,Kolkata,Reliance,Retail,0
T02693,C0270,1937.54,2026-08-03 13:03:00,Delhi,Zara,Apparel,0
T09443,C0945,2134.47,2026-08-03 13:04:00,Bengaluru,Myntra,E-commerce,0
T01153,C0116,606.06,2026-08-03 13:05:00,Chennai,Amazon,E-commerce,0
T01243,C0125,2214.17,2026-08-03 13:07:00,Bengaluru,Amazon,E-commerce,0
T03653,C0366,3069.24,2026-08-03 13:07:00,Goa,H&M,Apparel,0
T02073,C0208,543.16,2026-08-03 13:08:00,,Zara,Apparel,0
T00123,C0013,1493.13,2026-08-03 13:11:00,Hyderabad,Burger King,Restaurant,0
T08183,C0819,3236.95,2026-08-03 13:11:00,Pune,Reliance,Retail,0
T04633,C0464,2260.02,2026-08-03 13:15:00,Chennai,Big Chill,Restaurant,0
T07013,C0702,3442.22,2026-08-03 13:16:00,Mumbai,Big Chill,Restaurant,0
T07693,C0770,5328.51,2026-08-03 13:17:00,Kolkata,Spar,Grocery,0
T03943,C0395,3331.3,2026-08-03 13:17:00,Hyderabad,Burger King,Restaurant,0
T02633,C0264,2435.5,2026-08-03 13:19:00,Hyderabad,Myntra,E-commerce,0
T00923,C0093,4812.31,2026-08-03 13:20:00,Kolkata,Spar,Grocery,0
T03153,C0316,2278.82,2026-08-03 13:22:00,Hyderabad,Spar,Grocery,0
T08953,C0896,801.34,2026-08-03 13:22:00,Pune,H&M,Apparel,0
T09533,C0954,3141.87,2026-08-03 13:22:00,Delhi,Zara,Apparel,0
T04163,C0417,3299.6,2026-08-03 13:22:00,,H&M,Apparel,0
T07703,C0771,6326.71,2026-08-03 13:24:00,Chennai,Spar,Grocery,0
T02823,C0283,1642.51,2026-08-03 13:25:00,Kolkata,Myntra,E-commerce,0
T07553,C0756,734.38,2026-08-03 13:25:00,Kolkata,Reliance,Retail,0
T09583,C0959,1053.18,2026-08-03 13:25:00,Pune,Spar,Grocery,0
T00043,C0005,2806.46,2026-08-03 13:26:00,Pune,Amazon,E-commerce,0
T01833,C0184,5483.76,2026-08-03 13:26:00,Goa,Big Chill,Restaurant,0
T07143,C0715,4274.17,2026-08-03 13:26:00,Chennai,Zara,Apparel,0
T05833,C0584,2589.18,2026-08-03 13:29:00,Bengaluru,Burger King,Restaurant,0
T06373,C0638,3854.19,2026-08-03 13:29:00,Delhi,Burger King,Restaurant,0
T01463,C0147,1827.08,2026-08-03 13:30:00,Hyderabad,Zara,Apparel,0
T00873,C0088,1101.83,2026-08-03 13:31:00,Chennai,Zara,Apparel,0
T08623,C0863,1661.92,2026-08-03 13:31:00,Mumbai,Amazon,E-commerce,0
T01593,C0160,2063.72,2026-08-03 13:33:00,Delhi,Zara,Apparel,0
T07083,C0709,3057.59,2026-08-03 13:33:00,Kolkata,Zara,Apparel,0
T02363,C0237,4631.68,2026-08-03 13:33:00,Bengaluru,Max,Apparel,0
T02713,C0272,556.71,2026-08-03 13:34:00,Goa,Reliance,Retail,0
T00313,C0032,3274.07,2026-08-03 13:35:00,Mumbai,Max,Apparel,0
T02143,C0215,4619.44,2026-08-03 13:36:00,Goa,Flipkart,E-commerce,0
T06273,C0628,1852.86,2026-08-03 13:36:00,Mumbai,Flipkart,E-commerce,0
T03353,C0336,2137.63,2026-08-03 13:37:00,Delhi,Zara,Apparel,0
T06913,C0692,1576.64,2026-08-03 13:37:00,Hyderabad,Spar,Grocery,0
T08923,C0893,2062.64,2026-08-03 13:37:00,Delhi,Flipkart,E-commerce,0
T00783,C0079,2237.45,2026-08-03 13:38:00,Hyderabad,H&M,Apparel,0
T08513,C0852,2372.53,2026-08-03 13:38:00,Hyderabad,Flipkart,E-commerce,0
T08093,C0810,5805.33,2026-08-03 13:39:00,Delhi,Spar,Grocery,0
T09993,C1000,3843.15,2026-08-03 13:40:00,Bengaluru,Burger King,Restaurant,0
T01563,C0157,3465.94,2026-08-03 13:41:00,Pune,Max,Apparel,0
T07103,C0711,1291.73,2026-08-03 13:43:00,Goa,Max,Apparel,0
T06223,C0623,1172.73,2026-08-03 13:43:00,Hyderabad,Myntra,E-commerce,0
T07673,C0768,820.06,2026-08-03 13:44:00,Bengaluru,Zara,Apparel,0
T05383,C0539,880.32,2026-08-03 13:45:00,Chennai,H&M,Apparel,0
T08343,C0835,4553.78,2026-08-03 13:46:00,Goa,H&M,Apparel,0
T09743,C0975,1259.94,2026-08-03 13:46:00,,Max,Apparel,0
T01793,C0180,3689.8,2026-08-03 13:46:00,Pune,Reliance,Retail,0
T05243,C0525,3218.04,2026-08-03 13:46:00,Hyderabad,Max,Apparel,0
T06903,C0691,750.1,2026-08-03 13:46:00,Kolkata,Amazon,E-commerce,0
T02193,C0220,2650.35,2026-08-03 13:47:00,Mumbai,Big Chill,Restaurant,0
T07483,C0749,4227.22,2026-08-03 13:48:00,Delhi,Big Chill,Restaurant,0
T05943,C0595,756.3,2026-08-03 13:49:00,Mumbai,Max,Apparel,0
T03073,C0308,1635.37,2026-08-03 13:51:00,Pune,H&M,Apparel,0
T07453,C0746,1896.15,2026-08-03 13:52:00,Goa,Big Chill,Restaurant,0
T04923,C0493,466.66,2026-08-03 13:54:00,Bengaluru,Zara,Apparel,0
T05643,C0565,404.58,2026-08-03 13:54:00,Bengaluru,Myntra,E-commerce,0
T09483,C0949,1561.19,2026-08-03 13:54:00,Bengaluru,Reliance,Retail,0
T05423,C0543,988.94,2026-08-03 13:54:00,Hyderabad,Flipkart,E-commerce,0
T05223,C0523,901.41,2026-08-03 13:54:00,Kolkata,Big Chill,Restaurant,0
T02013,C0202,6674.71,2026-08-03 13:55:00,Kolkata,Max,Apparel,0
T09403,C0941,4531.15,2026-08-03 13:55:00,Pune,Spar,Grocery,0
T04073,C0408,4171.08,2026-08-03 13:56:00,Hyderabad,Zara,Apparel,0
T01803,C0181,3996.65,2026-08-03 13:57:00,Goa,Zara,Apparel,0
T06023,C0603,2774.23,2026-08-03 13:57:00,Pune,H&M,Apparel,0
T04173,C0418,2595.44,2026-08-03 13:58:00,Delhi,Flipkart,E-commerce,0
T06393,C0640,2483.08,2026-08-03 13:58:00,Kolkata,Myntra,E-commerce,0
T04693,C0470,2635.97,2026-08-03 13:59:00,Goa,Spar,Grocery,0
T06523,C0653,1178.48,2026-08-03 13:59:00,Kolkata,,Retail,0
T07833,C0784,2500.0,2026-08-03 14:00:00,Pune,Spar,Grocery,0
T08143,C0815,2612.43,2026-08-03 14:00:00,Hyderabad,Flipkart,E-commerce,0
T04543,C0455,1527.22,2026-08-03 14:00:00,Bengaluru,Myntra,E-commerce,0
T01553,C0156,3079.0,2026-08-03 14:01:00,Bengaluru,Big Chill,Restaurant,0
T08693,C0870,4707.76,2026-08-03 14:02:00,Chennai,Max,Apparel,0
T05143,C0515,1936.29,2026-08-03 14:02:00,Mumbai,,E-commerce,0
T00143,C0015,2267.14,2026-08-03 14:02:00,Goa,H&M,Apparel,0
T01603,C0161,4102.3,2026-08-03 14:02:00,Mumbai,Zara,Apparel,0
T00293,C0030,5264.19,2026-08-03 14:03:00,Hyderabad,H&M,Apparel,0
T03003,C0301,2427.13,2026-08-03 14:04:00,Delhi,H&M,Apparel,0
T06003,C0601,2455.67,2026-08-03 14:04:00,Pune,Flipkart,E-commerce,0
T04623,C0463,1008.4,2026-08-03 14:05:00,Hyderabad,Big Chill,Restaurant,0
T05963,C0597,4307.22,2026-08-03 14:07:00,Delhi,Burger King,Restaurant,0
T00543,C0055,3960.77,2026-08-03 14:08:00,Mumbai,H&M,Apparel,0
T04483,C0449,1606.14,2026-08-03 14:08:00,Mumbai,Reliance,Retail,0
T08223,C0823,2810.68,2026-08-03 14:08:00,Chennai,Flipkart,E-commerce,0
T06893,C0690,5093.95,2026-08-03 14:08:00,Mumbai,H&M,Apparel,0
T08393,C0840,600.14,2026-08-03 14:10:00,Delhi,Burger King,Restaurant,0
T03433,C0344,1618.64,2026-08-03 14:11:00,Hyderabad,Big Chill,Restaurant,0
T00393,C0040,2587.37,2026-08-03 14:12:00,Pune,H&M,Apparel,0
T01053,C0106,1813.9,2026-08-03 14:12:00,Bengaluru,Spar,Grocery,0
T00793,C0080,3125.88,2026-08-03 14:13:00,Pune,Zara,Apparel,0
T07193,C0720,559.34,2026-08-03 14:13:00,Kolkata,Big Chill,Restaurant,0
T06413,C0642,4757.98,2026-08-03 14:13:00,Chennai,Zara,Apparel,0
T06953,C0696,556.98,2026-08-03 14:14:00,Goa,Myntra,E-commerce,0
T06133,C0614,4354.11,2026-08-03 14:16:00,Bengaluru,Amazon,E-commerce,0
T05253,C0526,2158.3,2026-08-03 14:17:00,Bengaluru,H&M,Apparel,0
T07913,C0792,2558.64,2026-08-03 14:18:00,Mumbai,Reliance,Retail,0
T04133,C0414,6396.1,2026-08-03 14:19:00,,Spar,Grocery,0
T01433,C0144,2989.7,2026-08-03 14:19:00,Mumbai,Reliance,Retail,0
T05993,C0600,1099.71,2026-08-03 14:21:00,Chennai,Spar,Grocery,0
T01193,C0120,7327.35,2026-08-03 14:22:00,Delhi,Myntra,E-commerce,0
T07753,C0776,3378.53,2026-08-03 14:22:00,Mumbai,Reliance,Retail,0
T01133,C0114,5547.54,2026-08-03 14:23:00,Kolkata,Flipkart,E-commerce,0
T08833,C0884,1501.26,2026-08-03 14:23:00,Hyderabad,Spar,Grocery,0
T07273,C0728,4774.23,2026-08-03 14:24:00,Bengaluru,Max,Apparel,0
T06513,C0652,3469.54,2026-08-03 14:24:00,Kolkata,Reliance,Retail,0
T05153,C0516,1189.7,2026-08-03 14:25:00,Chennai,Flipkart,E-commerce,0
T09783,C0979,2554.62,2026-08-03 14:25:00,Pune,Reliance,Retail,0
T00073,C0008,5701.41,2026-08-03 14:26:00,,Reliance,Retail,0
T02103,C0211,4165.12,2026-08-03 14:26:00,Pune,Max,Apparel,0
T02133,C0214,1474.19,2026-08-03 14:27:00,Bengaluru,Max,Apparel,0
T03173,C0318,395.61,2026-08-03 14:28:00,Goa,Max,Apparel,0
T02883,C0289,2544.91,2026-08-03 14:28:00,Delhi,H&M,Apparel,0
T02033,C0204,3269.36,2026-08-03 14:29:00,Bengaluru,Burger King,Restaurant,0
T01443,C0145,2533.4,2026-08-03 14:29:00,Pune,Myntra,E-commerce,0
T02563,C0257,2325.91,2026-08-03 14:29:00,Hyderabad,Reliance,Retail,0
T06863,C0687,1858.1,2026-08-03 14:30:00,Mumbai,H&M,Apparel,0
T01423,C0143,968.14,2026-08-03 14:30:00,Bengaluru,H&M,Apparel,0
T00613,C0062,2523.8,2026-08-03 14:31:00,Goa,Spar,Grocery,0
T02113,C0212,5951.45,2026-08-03 14:31:00,Mumbai,Zara,Apparel,0
T09513,C0952,1405.12,2026-08-03 14:32:00,Kolkata,H&M,Apparel,0
T08003,C0801,2125.33,2026-08-03 14:32:00,Mumbai,H&M,Apparel,0
T09963,C0997,5903.9,2026-08-03 14:33:00,Hyderabad,Amazon,E-commerce,0
T06883,C0689,4688.15,2026-08-03 14:33:00,Kolkata,Flipkart,E-commerce,0
T06253,C0626,5024.95,2026-08-03 14:34:00,,Big Chill,Restaurant,0
T07463,C0747,2789.67,2026-08-03 14:36:00,Hyderabad,Burger King,Restaurant,0
T07543,C0755,2021.44,2026-08-03 14:36:00,Hyderabad,Max,Apparel,0
T04113,C0412,717.67,2026-08-03 14:36:00,Bengaluru,Flipkart,E-commerce,0
T03503,C0351,4237.2,2026-08-03 14:37:00,Goa,H&M,Apparel,0
T03323,C0333,4005.95,2026-08-03 14:37:00,Mumbai,Myntra,E-commerce,0
T03933,C0394,1996.85,2026-08-03 14:37:00,Chennai,Max,Apparel,0
T03833,C0384,5745.1,2026-08-03 14:38:00,Kolkata,Reliance,Retail,0
T03193,C0320,2414.62,2026-08-03 14:38:00,Pune,Flipkart,E-commerce,0
T09103,C0911,4066.53,2026-08-03 14:38:00,Delhi,Reliance,Retail,0
T04263,C0427,5732.68,2026-08-03 14:40:00,Kolkata,Flipkart,E-commerce,0
T00703,C0071,4188.32,2026-08-03 14:40:00,Delhi,Flipkart,E-commerce,0
T07373,C0738,3670.27,2026-08-03 14:42:00,Goa,H&M,Apparel,0
T00553,C0056,3801.62,2026-08-03 14:42:00,Mumbai,H&M,Apparel,0
T08883,C0889,4317.7,2026-08-03 14:43:00,Pune,Flipkart,E-commerce,0
T07263,C0727,4030.43,2026-08-03 14:43:00,Hyderabad,Reliance,Retail,0
T05203,C0521,2581.74,2026-08-03 14:44:00,Chennai,Burger King,Restaurant,0
T08683,C0869,3728.63,2026-08-03 14:44:00,Delhi,H&M,Apparel,0
T07383,C0739,1916.2,2026-08-03 14:44:00,Bengaluru,Big Chill,Restaurant,0
T08403,C0841,6866.2,2026-08-03 14:49:00,Pune,Flipkart,E-commerce,0
T02673,C0268,553.77,2026-08-03 14:49:00,Chennai,,E-commerce,0
T04523,C0453,1529.11,2026-08-03 14:50:00,Hyderabad,Flipkart,E-commerce,0
T03713,C0372,4124.95,2026-08-03 14:50:00,Delhi,Flipkart,E-commerce,0
T09133,C0914,980.34,2026-08-03 14:51:00,Bengaluru,Spar,Grocery,0
T01843,C0185,3654.59,2026-08-03 14:52:00,Bengaluru,Zara,Apparel,0
T04973,C0498,1862.7,2026-08-03 14:52:00,Chennai,Burger King,Restaurant,0
T02873,C0288,2849.2,2026-08-03 14:53:00,Mumbai,Big Chill,Restaurant,0
T02913,C0292,1074.11,2026-08-03 14:54:00,Delhi,Max,Apparel,0
T08303,C0831,4342.79,2026-08-03 14:56:00,Hyderabad,Burger King,Restaurant,0
T06383,C0639,3577.53,2026-08-03 14:56:00,Delhi,Spar,Grocery,0
T07173,C0718,4453.76,2026-08-03 14:58:00,Mumbai,Zara,Apparel,0
T06443,C0645,860.35,2026-08-03 14:58:00,Mumbai,Burger King,Restaurant,0
T00943,C0095,4785.19,2026-08-03 14:58:00,Mumbai,H&M,Apparel,0
T02543,C0255,3394.17,2026-08-03 14:58:00,Bengaluru,Reliance,Retail,0
T03373,C0338,3325.18,2026-08-03 14:59:00,Hyderabad,Burger King,Restaurant,0
T03223,C0323,733.03,2026-08-03 14:59:00,Mumbai,Flipkart,E-commerce,0
T03603,C0361,4551.09,2026-08-03 15:00:00,Goa,Myntra,E-commerce,0
T06053,C0606,4081.62,2026-08-03 15:01:00,Delhi,Big Chill,Restaurant,0
T02783,C0279,1646.97,2026-08-03 15:02:00,Pune,Flipkart,E-commerce,0
T01663,C0167,1070.64,2026-08-03 15:02:00,Delhi,Amazon,E-commerce,0
T09543,C0955,2903.76,2026-08-03 15:02:00,Mumbai,Reliance,Retail,0
T01183,C0119,2615.25,2026-08-03 15:02:00,Bengaluru,Flipkart,E-commerce,0
T08893,C0890,3683.16,2026-08-03 15:04:00,Kolkata,Zara,Apparel,0
T03863,C0387,3868.09,2026-08-03 15:07:00,Bengaluru,Max,Apparel,0
T01453,C0146,3731.09,2026-08-03 15:08:00,Bengaluru,Zara,Apparel,0
T05613,C0562,1406.23,2026-08-03 15:08:00,Goa,Flipkart,E-commerce,0
T09733,C0974,4937.29,2026-08-03 15:09:00,Bengaluru,H&M,Apparel,0
T03693,C0370,3771.27,2026-08-03 15:09:00,Bengaluru,Flipkart,E-commerce,0
T03513,C0352,3704.12,2026-08-03 15:09:00,Pune,Burger King,Restaurant,0
T08203,C0821,3062.54,2026-08-03 15:10:00,Kolkata,Flipkart,E-commerce,0
T04643,C0465,3301.75,2026-08-03 15:10:00,Chennai,Big Chill,Restaurant,0
T01493,C0150,2297.18,2026-08-03 15:11:00,Bengaluru,Max,Apparel,0
T03883,C0389,928.83,2026-08-03 15:12:00,Chennai,H&M,Apparel,0
T09023,C0903,3967.39,2026-08-03 15:15:00,Delhi,Max,Apparel,0
T06703,C0671,954.69,2026-08-03 15:15:00,Goa,Max,Apparel,0
T02233,C0224,1307.11,2026-08-03 15:15:00,Delhi,Reliance,Retail,0
T08533,C0854,4690.06,2026-08-03 15:15:00,Pune,Big Chill,Restaurant,0
T05753,C0576,3498.35,2026-08-03 15:17:00,Chennai,Max,Apparel,0
T08063,C0807,1748.21,2026-08-03 15:18:00,Mumbai,Reliance,Retail,0
T01713,C0172,3602.82,2026-08-03 15:18:00,Chennai,Burger King,Restaurant,0
T09213,C0922,3300.43,2026-08-03 15:21:00,Mumbai,H&M,Apparel,0
T05843,C0585,6432.4,2026-08-03 15:21:00,Hyderabad,Amazon,E-commerce,0
T06833,C0684,5342.72,2026-08-03 15:21:00,Mumbai,Reliance,Retail,0
T07663,C0767,2710.37,2026-08-03 15:22:00,,Spar,Grocery,0
T09773,C0978,3169.79,2026-08-03 15:23:00,Delhi,Spar,Grocery,0
T05133,C0514,2441.77,2026-08-03 15:26:00,Bengaluru,Max,Apparel,0
T07613,C0762,2759.67,2026-08-03 15:30:00,Delhi,Myntra,E-commerce,0
T03963,C0397,6304.6,2026-08-03 15:31:00,Chennai,Spar,Grocery,0
T06673,C0668,5237.46,2026-08-03 15:32:00,Hyderabad,Max,Apparel,0
T00363,C0037,2660.26,2026-08-03 15:32:00,Delhi,Myntra,E-commerce,0
T03423,C0343,1988.83,2026-08-03 15:32:00,Kolkata,Burger King,Restaurant,0
T08733,C0874,6504.23,2026-08-03 15:33:00,Chennai,Myntra,E-commerce,0
T08553,C0856,2595.81,2026-08-03 15:33:00,Hyderabad,Zara,Apparel,0
T05193,C0520,871.44,2026-08-03 15:34:00,Bengaluru,Reliance,Retail,0
T05333,C0534,4353.14,2026-08-03 15:34:00,Chennai,Burger King,Restaurant,0
T00003,C0001,516.92,2026-08-03 15:34:00,Mumbai,Myntra,E-commerce,0
T04853,C0486,1358.56,2026-08-03 15:35:00,Kolkata,Burger King,Restaurant,0
T01313,C0132,2835.58,2026-08-03 15:37:00,Kolkata,Myntra,E-commerce,0
T02273,C0228,3329.12,2026-08-03 15:37:00,Chennai,Amazon,E-commerce,0
T08083,C0809,1926.73,2026-08-03 15:37:00,Mumbai,Flipkart,E-commerce,0
T08363,C0837,2631.51,2026-08-03 15:38:00,Pune,H&M,Apparel,0
T04653,C0466,4065.75,2026-08-03 15:38:00,Hyderabad,Max,Apparel,0
T03233,C0324,3456.82,2026-08-03 15:38:00,Delhi,Myntra,E-commerce,0
T07293,C0730,2538.59,2026-08-03 15:38:00,,H&M,Apparel,0
T04943,C0495,3247.32,2026-08-03 15:41:00,Pune,Spar,Grocery,0
T09843,C0985,1769.9,2026-08-03 15:42:00,Kolkata,Max,Apparel,0
T00953,C0096,1555.3,2026-08-03 15:43:00,Pune,Burger King,Restaurant,0
T04723,C0473,1488.48,2026-08-03 15:46:00,Mumbai,Flipkart,E-commerce,0
T00033,C0004,3950.0,2026-08-03 15:46:00,Delhi,Big Chill,Restaurant,0
T04963,C0497,2035.31,2026-08-03 15:47:00,Pune,Reliance,Retail,0
T07363,C0737,3849.39,2026-08-03 15:48:00,,Amazon,E-commerce,0
T00683,C0069,3383.05,2026-08-03 15:48:00,Goa,Burger King,Restaurant,0
T06963,C0697,4511.34,2026-08-03 15:49:00,Chennai,Flipkart,E-commerce,0
T06973,C0698,1842.12,2026-08-03 15:49:00,Bengaluru,Amazon,E-commerce,0
T08943,C0895,6133.22,2026-08-03 15:50:00,Kolkata,Burger King,Restaurant,0
T08593,C0860,1779.56,2026-08-03 15:50:00,Mumbai,Big Chill,Restaurant,0
T09113,C0912,2730.73,2026-08-03 15:50:00,Pune,Max,Apparel,0
T03533,C0354,2089.1,2026-08-03 15:50:00,Kolkata,Zara,Apparel,0
T07403,C0741,1020.42,2026-08-03 15:52:00,Kolkata,Max,Apparel,0
T05093,C0510,1758.08,2026-08-03 15:53:00,Pune,Max,Apparel,0
T03823,C0383,5032.43,2026-08-03 15:53:00,Pune,Flipkart,E-commerce,0
T08453,C0846,3766.27,2026-08-03 15:54:00,Hyderabad,Max,Apparel,0
T04563,C0457,2557.99,2026-08-03 15:54:00,Goa,Amazon,E-commerce,0
T02123,C0213,642.72,2026-08-03 15:56:00,Kolkata,Max,Apparel,0
T09713,C0972,2135.95,2026-08-03 15:57:00,Hyderabad,Zara,Apparel,0
T07253,C0726,1216.9,2026-08-03 15:58:00,Kolkata,Flipkart,E-commerce,0
T05343,C0535,1589.22,2026-08-03 15:58:00,Chennai,Max,Apparel,0
T05373,C0538,4309.38,2026-08-03 15:58:00,Delhi,Big Chill,Restaurant,0
T00383,C0039,5802.7,2026-08-03 15:59:00,Mumbai,Reliance,Retail,0
T03183,C0319,3967.65,2026-08-03 16:00:00,Kolkata,Zara,Apparel,0
T05923,C0593,633.3,2026-08-03 16:01:00,,Reliance,Retail,0
T02203,C0221,1471.96,2026-08-03 16:02:00,Hyderabad,Burger King,Restaurant,0
T00823,C0083,781.46,2026-08-03 16:04:00,Delhi,Myntra,E-commerce,0
T02223,C0223,3335.6,2026-08-03 16:05:00,Bengaluru,Max,Apparel,0
T08903,C0891,4372.44,2026-08-03 16:05:00,Pune,Zara,Apparel,0
T01893,C0190,4941.55,2026-08-03 16:06:00,,Spar,Grocery,0
T00053,C0006,2934.18,2026-08-03 16:06:00,Chennai,H&M,Apparel,0
T04353,C0436,2513.18,2026-08-03 16:09:00,Mumbai,Big Chill,Restaurant,0
T07313,C0732,1561.13,2026-08-03 16:11:00,Delhi,Zara,Apparel,0
T07503,C0751,2844.38,2026-08-03 16:11:00,Bengaluru,Flipkart,E-commerce,0
T09333,C0934,2485.07,2026-08-03 16:12:00,Goa,Amazon,E-commerce,0
T07063,C0707,939.1,2026-08-03 16:12:00,Mumbai,Big Chill,Restaurant,0
T00583,C0059,3038.47,2026-08-03 16:12:00,Bengaluru,Burger King,Restaurant,0
T09703,C0971,817.83,2026-08-03 16:14:00,Hyderabad,H&M,Apparel,0
T09763,C0977,3683.27,2026-08-03 16:16:00,Hyderabad,Zara,Apparel,0
T05973,C0598,3688.44,2026-08-03 16:17:00,Pune,Burger King,Restaurant,0
T09503,C0951,4402.42,2026-08-03 16:17:00,Pune,Amazon,E-commerce,0
T09093,C0910,1325.96,2026-08-03 16:18:00,Delhi,Big Chill,Restaurant,0
T04033,C0404,1843.64,2026-08-03 16:19:00,Chennai,Burger King,Restaurant,0
T02003,C0201,484.56,2026-08-03 16:20:00,Goa,H&M,Apparel,0
T02733,C0274,3315.22,2026-08-03 16:20:00,Delhi,Spar,Grocery,0
T03563,C0357,3324.51,2026-08-03 16:20:00,Mumbai,Max,Apparel,0
T09463,C0947,4145.91,2026-08-03 16:21:00,Kolkata,Amazon,E-commerce,0
T09553,C0956,3612.57,2026-08-03 16:21:00,Goa,Zara,Apparel,0
T00463,C0047,2594.21,2026-08-03 16:21:00,,Flipkart,E-commerce,0
T06233,C0624,2248.51,2026-08-03 16:21:00,Pune,Amazon,E-commerce,0
T08383,C0839,2459.94,2026-08-03 16:22:00,Chennai,Flipkart,E-commerce,0
T03723,C0373,3684.19,2026-08-03 16:26:00,Bengaluru,Amazon,E-commerce,0
T09083,C0909,4613.25,2026-08-03 16:27:00,Goa,Myntra,E-commerce,0
T04043,C0405,3705.71,2026-08-03 16:27:00,Delhi,,E-commerce,0
T06983,C0699,666.08,2026-08-03 16:27:00,Kolkata,,Restaurant,0
T00213,C0022,5041.8,2026-08-03 16:29:00,Mumbai,Myntra,E-commerce,0
T07603,C0761,1784.5,2026-08-03 16:31:00,Hyderabad,,E-commerce,0
T04083,C0409,4604.37,2026-08-03 16:32:00,Pune,Zara,Apparel,0
T05713,C0572,1462.12,2026-08-03 16:32:00,Chennai,H&M,Apparel,0
T03023,C0303,3547.44,2026-08-03 16:32:00,Bengaluru,Zara,Apparel,0
T07953,C0796,5329.1,2026-08-03 16:33:00,Chennai,Max,Apparel,0
T09243,C0925,2184.66,2026-08-03 16:33:00,Mumbai,Spar,Grocery,0
T04343,C0435,1176.35,2026-08-03 16:33:00,Delhi,H&M,Apparel,0
T05803,C0581,3755.42,2026-08-03 16:34:00,Hyderabad,Reliance,Retail,0
T04393,C0440,3170.15,2026-08-03 16:34:00,Kolkata,H&M,Apparel,0
T06203,C0621,936.75,2026-08-03 16:35:00,Mumbai,Max,Apparel,0
T02343,C0235,1691.19,2026-08-03 16:35:00,Pune,Amazon,E-commerce,0
T05103,C0511,1179.15,2026-08-03 16:37:00,Chennai,H&M,Apparel,0
T01213,C0122,1783.55,2026-08-03 16:37:00,Goa,Zara,Apparel,0
T02263,C0227,3603.17,2026-08-03 16:38:00,Goa,Burger King,Restaurant,0
T08983,C0899,4457.5,2026-08-03 16:39:00,Bengaluru,Myntra,E-commerce,0
T07633,C0764,3316.66,2026-08-03 16:40:00,Chennai,Big Chill,Restaurant,0
T04873,C0488,1562.08,2026-08-03 16:42:00,Chennai,Spar,Grocery,0
T05573,C0558,1939.95,2026-08-03 16:42:00,Chennai,Big Chill,Restaurant,0
T09913,C0992,2552.15,2026-08-03 16:43:00,Goa,H&M,Apparel,0
T07163,C0717,698.37,2026-08-03 16:44:00,Chennai,Max,Apparel,0
T03483,C0349,6850.2,2026-08-03 16:44:00,Chennai,Max,Apparel,0
T04903,C0491,587.07,2026-08-03 16:45:00,Kolkata,Big Chill,Restaurant,0
T09863,C0987,698.15,2026-08-03 16:46:00,Mumbai,Myntra,E-commerce,0
T00133,C0014,3428.1,2026-08-03 16:48:00,Mumbai,Flipkart,E-commerce,0
T00093,C0010,2978.71,2026-08-03 16:48:00,Bengaluru,H&M,Apparel,0
T03493,C0350,3124.41,2026-08-03 16:50:00,Kolkata,Burger King,Restaurant,0
T08163,C0817,5742.31,2026-08-03 16:51:00,Goa,Reliance,Retail,0
T04013,C0402,5440.48,2026-08-03 16:52:00,Goa,Reliance,Retail,0
T09653,C0966,3087.44,2026-08-03 16:52:00,Hyderabad,H&M,Apparel,0
T02453,C0246,1651.78,2026-08-03 16:52:00,Hyderabad,Flipkart,E-commerce,0
T01173,C0118,3693.25,2026-08-03 16:54:00,Hyderabad,Big Chill,Restaurant,0
T03613,C0362,4076.63,2026-08-03 16:55:00,Chennai,Flipkart,E-commerce,0
T02803,C0281,1395.16,2026-08-03 16:55:00,Goa,H&M,Apparel,0
T08653,C0866,5443.13,2026-08-03 16:59:00,Mumbai,Burger King,Restaurant,0
T01203,C0121,5731.05,2026-08-03 17:00:00,Delhi,Amazon,E-commerce,0
T05953,C0596,3076.46,2026-08-03 17:02:00,Chennai,Max,Apparel,0
T06643,C0665,1975.31,2026-08-03 17:02:00,Hyderabad,Spar,Grocery,0
T09223,C0923,2425.27,2026-08-03 17:03:00,Mumbai,Max,Apparel,0
T02613,C0262,656.03,2026-08-03 17:04:00,Mumbai,Flipkart,E-commerce,0
T04183,C0419,1045.49,2026-08-03 17:05:00,Delhi,Reliance,Retail,0
T09663,C0967,2433.61,2026-08-03 17:06:00,Mumbai,Spar,Grocery,0
T03033,C0304,2577.44,2026-08-03 17:07:00,Delhi,,Restaurant,0
T06783,C0679,1720.05,2026-08-03 17:07:00,,Big Chill,Restaurant,0
T08633,C0864,3312.84,2026-08-03 17:09:00,Chennai,,Grocery,0
T04783,C0479,1208.3,2026-08-03 17:12:00,Kolkata,Max,Apparel,0
T09073,C0908,1509.69,2026-08-03 17:13:00,,Max,Apparel,0
T09353,C0936,1664.91,2026-08-03 17:14:00,Mumbai,Amazon,E-commerce,0
T05013,C0502,428.1,2026-08-03 17:19:00,Bengaluru,Zara,Apparel,0
T04363,C0437,5353.32,2026-08-03 17:20:00,Bengaluru,Zara,Apparel,0
T01113,C0112,2312.19,2026-08-03 17:21:00,Pune,Big Chill,Restaurant,0
T05403,C0541,1414.89,2026-08-03 17:21:00,Goa,Reliance,Retail,0
T03283,C0329,1145.91,2026-08-03 17:22:00,Hyderabad,Spar,Grocery,0
T04373,C0438,967.35,2026-08-03 17:25:00,Pune,Burger King,Restaurant,0
T06333,C0634,1570.04,2026-08-03 17:26:00,Pune,Amazon,E-commerce,0
T05263,C0527,940.77,2026-08-03 17:26:00,Hyderabad,Zara,Apparel,0
T06503,C0651,843.06,2026-08-03 17:27:00,Bengaluru,Big Chill,Restaurant,0
T01033,C0104,2161.02,2026-08-03 17:29:00,Kolkata,Flipkart,E-commerce,0
T07183,C0719,4384.86,2026-08-03 17:29:00,Hyderabad,Burger King,Restaurant,0
T08253,C0826,1541.26,2026-08-03 17:29:00,Bengaluru,Zara,Apparel,0
T04933,C0494,5392.93,2026-08-03 17:30:00,Mumbai,Max,Apparel,0
T05043,C0505,881.16,2026-08-03 17:30:00,Bengaluru,Big Chill,Restaurant,0
T00333,C0034,2775.67,2026-08-03 17:31:00,Chennai,Zara,Apparel,0
T07583,C0759,3042.18,2026-08-03 17:32:00,Hyderabad,Burger King,Restaurant,0
T07033,C0704,1563.71,2026-08-03 17:32:00,Chennai,Zara,Apparel,0
T04743,C0475,4268.13,2026-08-03 17:33:00,Pune,Reliance,Retail,0
T01393,C0140,2324.56,2026-08-03 17:34:00,Mumbai,Spar,Grocery,0
T08963,C0897,2942.64,2026-08-03 17:35:00,Pune,Big Chill,Restaurant,0
T00993,C0100,1058.06,2026-08-03 17:35:00,Kolkata,Burger King,Restaurant,0
T03243,C0325,3443.45,2026-08-03 17:43:00,Bengaluru,H&M,Apparel,0
T07513,C0752,1185.37,2026-08-03 17:43:00,Bengaluru,Zara,Apparel,0
T01363,C0137,2281.62,2026-08-03 17:43:00,Bengaluru,H&M,Apparel,0
T09923,C0993,346.29,2026-08-03 17:47:00,Delhi,Reliance,Retail,0
T06573,C0658,672.06,2026-08-03 17:49:00,Kolkata,Myntra,E-commerce,0
T04753,C0476,3915.31,2026-08-03 17:49:00,Pune,,Apparel,0
T05463,C0547,4244.18,2026-08-03 17:49:00,Goa,Flipkart,E-commerce,0
T00753,C0076,2796.48,2026-08-03 17:50:00,Goa,Big Chill,Restaurant,0
T08113,C0812,5079.2,2026-08-03 17:50:00,Delhi,Flipkart,E-commerce,0
T09313,C0932,2449.2,2026-08-03 17:50:00,Kolkata,H&M,Apparel,0
T00633,C0064,4492.68,2026-08-03 17:50:00,Delhi,Reliance,Retail,0
T05503,C0551,1402.7,2026-08-03 17:50:00,Pune,Burger King,Restaurant,0
T00593,C0060,5433.48,2026-08-03 17:52:00,Hyderabad,Burger King,Restaurant,0
T06653,C0666,2835.78,2026-08-03 17:52:00,Hyderabad,Amazon,E-commerce,0
T04333,C0434,3484.99,2026-08-03 17:53:00,Pune,Spar,Grocery,0
T00453,C0046,2443.18,2026-08-03 17:54:00,Pune,Reliance,Retail,0
T06843,C0685,1206.81,2026-08-03 17:55:00,Pune,Max,Apparel,0
T08123,C0813,2698.34,2026-08-03 17:56:00,Kolkata,Max,Apparel,0
T04383,C0439,4488.41,2026-08-03 17:57:00,Kolkata,Spar,Grocery,0
T08853,C0886,653.67,2026-08-03 17:59:00,Mumbai,Reliance,Retail,0
T02793,C0280,3981.2,2026-08-03 18:00:00,Mumbai,,Grocery,0
T08053,C0806,3105.06,2026-08-03 18:00:00,Pune,Big Chill,Restaurant,0
T03213,C0322,906.39,2026-08-03 18:01:00,Mumbai,Myntra,E-commerce,0
T06683,C0669,4045.71,2026-08-03 18:01:00,Pune,Big Chill,Restaurant,0
T00733,C0074,3377.81,2026-08-03 18:01:00,,Flipkart,E-commerce,0
T04583,C0459,931.54,2026-08-03 18:02:00,Mumbai,Amazon,E-commerce,0
T08603,C0861,750.84,2026-08-03 18:03:00,Goa,Spar,Grocery,0
T08703,C0871,3567.26,2026-08-03 18:04:00,Bengaluru,Flipkart,E-commerce,0
T04553,C0456,4480.45,2026-08-03 18:06:00,Chennai,Burger King,Restaurant,0
T03203,C0321,1201.51,2026-08-03 18:08:00,Chennai,H&M,Apparel,0
T00223,C0023,4002.33,2026-08-03 18:09:00,Chennai,Burger King,Restaurant,0
T09433,C0944,2305.91,2026-08-03 18:10:00,Delhi,Reliance,Retail,0
T06123,C0613,3272.3,2026-08-03 18:10:00,Goa,Reliance,Retail,0
T09293,C0930,6866.96,2026-08-03 18:11:00,Bengaluru,Big Chill,Restaurant,0
T08413,C0842,4281.08,2026-08-03 18:13:00,Pune,Zara,Apparel,0
T03443,C0345,3131.51,2026-08-03 18:13:00,Bengaluru,Big Chill,Restaurant,0
T09493,C0950,2763.35,2026-08-03 18:13:00,Bengaluru,Myntra,E-commerce,0
T02093,C0210,4608.78,2026-08-03 18:16:00,Bengaluru,Myntra,E-commerce,0
T08663,C0867,6440.27,2026-08-03 18:17:00,Hyderabad,Zara,Apparel,0
T04213,C0422,4886.49,2026-08-03 18:20:00,Bengaluru,H&M,Apparel,0
T06753,C0676,3867.76,2026-08-03 18:20:00,Hyderabad,Amazon,E-commerce,0
T01123,C0113,2478.77,2026-08-03 18:21:00,Delhi,Big Chill,Restaurant,0
T01223,C0123,3388.98,2026-08-03 18:24:00,,Max,Apparel,0
T02483,C0249,2824.85,2026-08-03 18:25:00,Kolkata,Reliance,Retail,0
T01523,C0153,4109.56,2026-08-03 18:25:00,Goa,H&M,Apparel,0
T01613,C0162,1033.1,2026-08-03 18:25:00,Chennai,Max,Apparel,0
T07563,C0757,3734.83,2026-08-03 18:26:00,Kolkata,Reliance,Retail,0
T01263,C0127,4646.24,2026-08-03 18:26:00,Bengaluru,Amazon,E-commerce,0
T05763,C0577,675.43,2026-08-03 18:28:00,Pune,Big Chill,Restaurant,0
T09273,C0928,3136.45,2026-08-03 18:29:00,Bengaluru,H&M,Apparel,0
T06403,C0641,3976.69,2026-08-03 18:29:00,Goa,Burger King,Restaurant,0
T01283,C0129,600.31,2026-08-03 18:31:00,Hyderabad,Spar,Grocery,0
T05303,C0531,4965.9,2026-08-03 18:31:00,Delhi,Burger King,Restaurant,0
T08743,C0875,1578.83,2026-08-03 18:34:00,Goa,H&M,Apparel,0
T07783,C0779,1883.99,2026-08-03 18:34:00,Chennai,H&M,Apparel,0
T01773,C0178,4104.07,2026-08-03 18:35:00,Delhi,Max,Apparel,0
T02643,C0265,1295.25,2026-08-03 18:36:00,Delhi,Reliance,Retail,0
T05543,C0555,5335.16,2026-08-03 18:37:00,Hyderabad,Spar,Grocery,0
T08613,C0862,585.13,2026-08-03 18:37:00,Mumbai,Zara,Apparel,0
T01233,C0124,5458.2,2026-08-03 18:37:00,Goa,Reliance,Retail,0
T03973,C0398,3623.86,2026-08-03 18:37:00,Kolkata,Amazon,E-commerce,0
T04063,C0407,3856.01,2026-08-03 18:38:00,Hyderabad,Flipkart,E-commerce,0
T05723,C0573,2711.0,2026-08-03 18:40:00,Delhi,Zara,Apparel,0
T02163,C0217,4544.83,2026-08-03 18:42:00,Hyderabad,Max,Apparel,0
T00323,C0033,4590.46,2026-08-03 18:42:00,Kolkata,Zara,Apparel,0
T07353,C0736,4956.42,2026-08-03 18:42:00,Pune,Zara,Apparel,0
T00763,C0077,1237.9,2026-08-03 18:43:00,Bengaluru,Reliance,Retail,0
T03593,C0360,3988.79,2026-08-03 18:45:00,Hyderabad,Burger King,Restaurant,0
T03923,C0393,4075.22,2026-08-03 18:45:00,Hyderabad,Myntra,E-commerce,0
T03993,C0400,1946.37,2026-08-03 18:47:00,Delhi,Myntra,E-commerce,0
T05443,C0545,539.45,2026-08-03 18:50:00,Hyderabad,Reliance,Retail,0
T06663,C0667,562.66,2026-08-03 18:51:00,Pune,Amazon,E-commerce,0
T08353,C0836,1374.34,2026-08-03 18:52:00,,Flipkart,E-commerce,0
T01253,C0126,2765.6,2026-08-03 18:52:00,Mumbai,,Apparel,0
T03793,C0380,2065.8,2026-08-03 18:52:00,Hyderabad,Zara,Apparel,0
T07433,C0744,5317.61,2026-08-03 18:52:00,Hyderabad,Spar,Grocery,0
T06193,C0620,2930.59,2026-08-03 18:56:00,Delhi,Flipkart,E-commerce,0
T03873,C0388,1925.71,2026-08-03 18:57:00,Bengaluru,Spar,Grocery,0
T01023,C0103,6331.86,2026-08-03 18:58:00,Chennai,Flipkart,E-commerce,0
T09813,C0982,2323.56,2026-08-03 18:58:00,Pune,Max,Apparel,0
T09203,C0921,6954.68,2026-08-03 18:58:00,Pune,Big Chill,Restaurant,0
T08013,C0802,4031.53,2026-08-03 18:59:00,Hyderabad,Max,Apparel,0
T03663,C0367,1110.47,2026-08-03 19:00:00,Goa,Spar,Grocery,0
T00813,C0082,820.91,2026-08-03 19:00:00,Delhi,Zara,Apparel,0
T05513,C0552,2417.51,2026-08-03 19:03:00,Goa,Burger King,Restaurant,0
T05273,C0528,4543.7,2026-08-03 19:03:00,,Flipkart,E-commerce,0
T04493,C0450,1375.51,2026-08-03 19:03:00,Delhi,Big Chill,Restaurant,0
T06363,C0637,3969.89,2026-08-03 19:04:00,Pune,Burger King,Restaurant,0
T01323,C0133,3723.62,2026-08-03 19:05:00,Hyderabad,Burger King,Restaurant,0
T02083,C0209,2088.73,2026-08-03 19:05:00,Delhi,Amazon,E-commerce,0
T00713,C0072,633.06,2026-08-03 19:07:00,Chennai,Flipkart,E-commerce,0
T01623,C0163,1024.55,2026-08-03 19:08:00,Goa,Myntra,E-commerce,0
T07343,C0735,1662.59,2026-08-03 19:08:00,,Myntra,E-commerce,0
T02183,C0219,510.54,2026-08-03 19:09:00,Hyderabad,Zara,Apparel,0
T06823,C0683,1481.63,2026-08-03 19:10:00,Delhi,Myntra,E-commerce,0
T03913,C0392,3065.77,2026-08-03 19:10:00,Goa,Burger King,Restaurant,0
T05683,C0569,1266.95,2026-08-03 19:14:00,Chennai,H&M,Apparel,0
T03583,C0359,5798.06,2026-08-03 19:14:00,Pune,Burger King,Restaurant,0
T05823,C0583,5224.64,2026-08-03 19:15:00,Chennai,Spar,Grocery,0
T08803,C0881,1129.42,2026-08-03 19:15:00,Kolkata,Max,Apparel,0
T09363,C0937,4134.82,2026-08-03 19:16:00,Chennai,Burger King,Restaurant,0
T06603,C0661,3527.1,2026-08-03 19:18:00,Kolkata,H&M,Apparel,0
T06073,C0608,739.45,2026-08-03 19:18:00,Mumbai,Zara,Apparel,0
T01743,C0175,2509.54,2026-08-03 19:18:00,Kolkata,Flipkart,E-commerce,0
T05023,C0503,1439.61,2026-08-03 19:18:00,Delhi,H&M,Apparel,0
T04883,C0489,809.99,2026-08-03 19:21:00,Goa,Amazon,E-commerce,0
T04413,C0442,681.38,2026-08-03 19:23:00,Mumbai,H&M,Apparel,0
T09603,C0961,5413.23,2026-08-03 19:23:00,Delhi,Amazon,E-commerce,0
T00263,C0027,2449.87,2026-08-03 19:24:00,Goa,Zara,Apparel,0
T08433,C0844,1205.28,2026-08-03 19:25:00,Mumbai,Flipkart,E-commerce,0
T00843,C0085,1450.6,2026-08-03 19:25:00,Pune,Big Chill,Restaurant,0
T07533,C0754,1224.43,2026-08-03 19:26:00,Hyderabad,Big Chill,Restaurant,0
T07243,C0725,3152.88,2026-08-03 19:26:00,Bengaluru,H&M,Apparel,0
T08973,C0898,2431.67,2026-08-03 19:27:00,Kolkata,Spar,Grocery,0
T04613,C0462,1903.92,2026-08-03 19:28:00,Bengaluru,Myntra,E-commerce,0
T03983,C0399,1334.17,2026-08-03 19:28:00,Hyderabad,Zara,Apparel,0
T06343,C0635,2976.34,2026-08-03 19:28:00,Hyderabad,Amazon,E-commerce,0
T01273,C0128,2588.28,2026-08-03 19:29:00,Hyderabad,Spar,Grocery,0
T04293,C0430,3413.19,2026-08-03 19:29:00,Hyderabad,Max,Apparel,0
T06213,C0622,1927.93,2026-08-03 19:30:00,Kolkata,Burger King,Restaurant,0
T06933,C0694,1279.47,2026-08-03 19:30:00,Mumbai,Burger King,Restaurant,0
T05073,C0508,2807.22,2026-08-03 19:33:00,Hyderabad,Big Chill,Restaurant,0
T07283,C0729,1612.21,2026-08-03 19:33:00,Delhi,H&M,Apparel,0
T04323,C0433,4902.28,2026-08-03 19:34:00,Hyderabad,Big Chill,Restaurant,0
T06853,C0686,2619.66,2026-08-03 19:34:00,Hyderabad,H&M,Apparel,0
T08293,C0830,2493.66,2026-08-03 19:35:00,Goa,Reliance,Retail,0
T05483,C0549,3196.93,2026-08-03 19:35:00,Chennai,Myntra,E-commerce,0
T00473,C0048,617.69,2026-08-03 19:37:00,Mumbai,Reliance,Retail,0
T09323,C0933,5836.39,2026-08-03 19:39:00,Chennai,Amazon,E-commerce,0
T04283,C0429,1826.13,2026-08-03 19:39:00,Kolkata,Spar,Grocery,0
T00493,C0050,6543.36,2026-08-03 19:40:00,Chennai,Big Chill,Restaurant,0
T07413,C0742,585.15,2026-08-03 19:40:00,Mumbai,Flipkart,E-commerce,0
T04803,C0481,681.4,2026-08-03 19:43:00,Goa,Myntra,E-commerce,0
T08463,C0847,2459.1,2026-08-03 19:43:00,Hyderabad,Zara,Apparel,0
T02043,C0205,3823.63,2026-08-03 19:43:00,Hyderabad,Big Chill,Restaurant,0
T01943,C0195,4051.48,2026-08-03 19:44:00,Hyderabad,Flipkart,E-commerce,0
T06423,C0643,3459.95,2026-08-03 19:44:00,Bengaluru,Burger King,Restaurant,0
T04713,C0472,1044.04,2026-08-03 19:45:00,Pune,Myntra,E-commerce,0
T08023,C0803,758.8,2026-08-03 19:46:00,Delhi,Flipkart,E-commerce,0
T04233,C0424,7324.45,2026-08-03 19:47:00,Delhi,Burger King,Restaurant,0
T06013,C0602,2367.85,2026-08-03 19:48:00,Bengaluru,H&M,Apparel,0
T01733,C0174,6463.32,2026-08-03 19:49:00,Mumbai,Amazon,E-commerce,0
T01163,C0117,1191.25,2026-08-03 19:49:00,Bengaluru,Burger King,Restaurant,0
T05793,C0580,2171.04,2026-08-03 19:49:00,Bengaluru,Myntra,E-commerce,0
T06803,C0681,3549.3,2026-08-03 19:50:00,,,Apparel,0
T01513,C0152,1628.91,2026-08-03 19:50:00,Chennai,Amazon,E-commerce,0
T03573,C0358,4399.73,2026-08-03 19:51:00,Goa,Burger King,Restaurant,0
T01723,C0173,2439.17,2026-08-03 19:55:00,Delhi,Spar,Grocery,0
T09723,C0973,2041.65,2026-08-03 19:55:00,Goa,,Apparel,0
T08133,C0814,5031.94,2026-08-03 19:58:00,Mumbai,Spar,Grocery,0
T07943,C0795,4545.15,2026-08-03 19:59:00,Goa,Max,Apparel,0
T01483,C0149,4265.29,2026-08-03 19:59:00,Goa,Reliance,Retail,0
T02923,C0293,2184.45,2026-08-03 19:59:00,Goa,Myntra,E-commerce,0
T07683,C0769,1010.41,2026-08-03 19:59:00,Goa,Myntra,E-commerce,0
T00173,C0018,4885.01,2026-08-03 20:02:00,,Max,Apparel,0
T07723,C0773,1871.38,2026-08-03 20:03:00,Pune,Amazon,E-commerce,0
T05353,C0536,4900.5,2026-08-03 20:04:00,Delhi,Reliance,Retail,0
T07733,C0774,1013.03,2026-08-03 20:04:00,Goa,Amazon,E-commerce,0
T03903,C0391,5990.44,2026-08-03 20:05:00,Bengaluru,Myntra,E-commerce,0
T00903,C0091,1247.29,2026-08-03 20:05:00,Pune,Spar,Grocery,0
T09413,C0942,3944.5,2026-08-03 20:06:00,Pune,Zara,Apparel,0
T02663,C0267,2560.11,2026-08-03 20:07:00,Chennai,Reliance,Retail,0
T00433,C0044,5504.05,2026-08-03 20:07:00,,H&M,Apparel,0
T05213,C0522,1620.04,2026-08-03 20:08:00,Hyderabad,H&M,Apparel,0
T06473,C0648,4132.7,2026-08-03 20:12:00,Goa,H&M,Apparel,0
T01863,C0187,2885.22,2026-08-03 20:12:00,Chennai,,E-commerce,0
T02153,C0216,2297.27,2026-08-03 20:14:00,Bengaluru,Max,Apparel,0
T01003,C0101,2654.07,2026-08-03 20:14:00,Goa,Flipkart,E-commerce,0
T05773,C0578,1354.77,2026-08-03 20:16:00,Kolkata,Zara,Apparel,0
T07883,C0789,5531.77,2026-08-03 20:16:00,Hyderabad,Burger King,Restaurant,0
T07053,C0706,4225.75,2026-08-03 20:17:00,Pune,Amazon,E-commerce,0
T01643,C0165,2534.66,2026-08-03 20:17:00,Bengaluru,Big Chill,Restaurant,0
T00193,C0020,2017.59,2026-08-03 20:19:00,Bengaluru,Myntra,E-commerce,0
T08073,C0808,2572.02,2026-08-03 20:19:00,,Amazon,E-commerce,0
T00443,C0045,3427.89,2026-08-03 20:20:00,Chennai,H&M,Apparel,0
T00373,C0038,947.11,2026-08-03 20:20:00,Delhi,H&M,Apparel,0
T08643,C0865,1633.58,2026-08-03 20:20:00,Delhi,Big Chill,Restaurant,0
T01703,C0171,1563.65,2026-08-03 20:20:00,Hyderabad,Spar,Grocery,0
T04273,C0428,1331.06,2026-08-03 20:23:00,Bengaluru,Max,Apparel,0
T05913,C0592,1324.75,2026-08-03 20:24:00,Mumbai,Burger King,Restaurant,0
T01783,C0179,3435.99,2026-08-03 20:26:00,Bengaluru,Reliance,Retail,0
T07493,C0750,2291.62,2026-08-03 20:27:00,,Spar,Grocery,0
T07123,C0713,6756.69,2026-08-03 20:28:00,Mumbai,Amazon,E-commerce,0
T01923,C0193,2222.36,2026-08-03 20:28:00,Mumbai,Max,Apparel,0
T01013,C0102,7097.09,2026-08-03 20:29:00,Hyderabad,Flipkart,E-commerce,0
T06743,C0675,738.46,2026-08-03 20:36:00,Kolkata,H&M,Apparel,0
T03523,C0353,3762.7,2026-08-03 20:38:00,Chennai,Myntra,E-commerce,0
T01853,C0186,3405.13,2026-08-03 20:40:00,,Myntra,E-commerce,0
T04143,C0415,2522.3,2026-08-03 20:41:00,Bengaluru,Zara,Apparel,0
T07743,C0775,2272.09,2026-08-03 20:41:00,Bengaluru,Myntra,E-commerce,0
T02553,C0256,1531.31,2026-08-03 20:42:00,Pune,H&M,Apparel,0
T07793,C0780,2774.2,2026-08-03 20:43:00,Goa,Reliance,Retail,0
T01813,C0182,2966.66,2026-08-03 20:43:00,Bengaluru,H&M,Apparel,0
T08313,C0832,3139.75,2026-08-03 20:44:00,Bengaluru,Amazon,E-commerce,0
T06293,C0630,6293.04,2026-08-03 20:45:00,,Spar,Grocery,0
T03113,C0312,2639.83,2026-08-03 20:46:00,Mumbai,Reliance,Retail,0
T08583,C0859,4174.32,2026-08-03 20:46:00,Delhi,Big Chill,Restaurant,0
T04733,C0474,1550.99,2026-08-03 20:46:00,Kolkata,Amazon,E-commerce,0
T04663,C0467,1253.04,2026-08-03 20:47:00,Chennai,H&M,Apparel,0
T01473,C0148,584.07,2026-08-03 20:49:00,Bengaluru,H&M,Apparel,0
T01983,C0199,1815.81,2026-08-03 20:49:00,Delhi,Big Chill,Restaurant,0
T06163,C0617,4998.09,2026-08-03 20:49:00,Delhi,H&M,Apparel,0
T05603,C0561,3052.37,2026-08-03 20:50:00,Kolkata,Burger King,Restaurant,0
T02063,C0207,1241.95,2026-08-03 20:50:00,Mumbai,Zara,Apparel,0
T02443,C0245,1395.99,2026-08-03 20:51:00,Mumbai,Myntra,E-commerce,0
T02993,C0300,2320.39,2026-08-03 20:51:00,Mumbai,Spar,Grocery,0
T09853,C0986,4404.59,2026-08-03 20:52:00,Chennai,Reliance,Retail,0
T05673,C0568,5682.79,2026-08-03 20:55:00,Delhi,H&M,Apparel,0
T07653,C0766,5810.04,2026-08-03 20:55:00,Hyderabad,Flipkart,E-commerce,0
T08103,C0811,5086.11,2026-08-03 20:56:00,Pune,Myntra,E-commerce,0
T07003,C0701,878.93,2026-08-03 20:56:00,Pune,Max,Apparel,0
T06533,C0654,5048.67,2026-08-03 20:57:00,Delhi,H&M,Apparel,0
T01383,C0139,5046.23,2026-08-03 20:58:00,Kolkata,Burger King,Restaurant,0
T00403,C0041,4544.59,2026-08-03 20:58:00,Goa,Myntra,E-commerce,0
T03853,C0386,597.18,2026-08-03 20:58:00,Delhi,Max,Apparel,0
T02353,C0236,2809.45,2026-08-03 20:58:00,Bengaluru,Flipkart,E-commerce,0
T07863,C0787,4614.02,2026-08-03 20:59:00,Bengaluru,,E-commerce,0
T09123,C0913,6065.77,2026-08-03 20:59:00,Pune,Myntra,E-commerce,0
T02173,C0218,4891.94,2026-08-03 21:00:00,Pune,Amazon,E-commerce,0
T05553,C0556,2913.54,2026-08-03 21:01:00,Mumbai,Reliance,Retail,0
T01823,C0183,3080.31,2026-08-03 21:02:00,Kolkata,Flipkart,E-commerce,0
T00503,C0051,1865.46,2026-08-03 21:04:00,Chennai,Big Chill,Restaurant,0
T06593,C0660,1854.31,2026-08-03 21:08:00,Hyderabad,Myntra,E-commerce,0
T03143,C0315,5644.16,2026-08-03 21:08:00,Hyderabad,Amazon,E-commerce,0
T05733,C0574,1606.0,2026-08-03 21:10:00,Goa,Spar,Grocery,0
T06283,C0629,1835.01,2026-08-03 21:11:00,Goa,Amazon,E-commerce,0
T07903,C0791,2109.55,2026-08-03 21:12:00,Goa,,E-commerce,0
T02213,C0222,5257.17,2026-08-03 21:12:00,Hyderabad,Reliance,Retail,0
T08763,C0877,4035.4,2026-08-03 21:12:00,Kolkata,Zara,Apparel,0
T02953,C0296,5629.86,2026-08-03 21:13:00,Bengaluru,Myntra,E-commerce,0
T06323,C0633,1081.35,2026-08-03 21:14:00,Kolkata,Flipkart,E-commerce,0
T03313,C0332,3811.94,2026-08-03 21:15:00,Kolkata,Myntra,E-commerce,0
T04123,C0413,5835.76,2026-08-03 21:15:00,Chennai,Zara,Apparel,0
T05493,C0550,4246.6,2026-08-03 21:17:00,Kolkata,Amazon,E-commerce,0
T03783,C0379,3964.72,2026-08-03 21:17:00,Goa,Reliance,Retail,0
T00183,C0019,983.44,2026-08-03 21:19:00,Bengaluru,Myntra,E-commerce,0
T02393,C0240,4990.0,2026-08-03 21:19:00,Mumbai,Burger King,Restaurant,0
T02403,C0241,2406.34,2026-08-03 21:20:00,Mumbai,Amazon,E-commerce,0
T00533,C0054,897.68,2026-08-03 21:20:00,Goa,Reliance,Retail,0
T00163,C0017,2137.08,2026-08-03 21:20:00,Hyderabad,Spar,Grocery,0
T05523,C0553,3487.7,2026-08-03 21:21:00,Bengaluru,Flipkart,E-commerce,0
T08173,C0818,1987.32,2026-08-03 21:22:00,Bengaluru,Reliance,Retail,0
T06623,C0663,2536.31,2026-08-03 21:23:00,Mumbai,H&M,Apparel,0
T08753,C0876,4792.63,2026-08-03 21:24:00,Goa,Amazon,E-commerce,0
T08873,C0888,5130.55,2026-08-03 21:26:00,Mumbai,Big Chill,Restaurant,0
T02293,C0230,1757.33,2026-08-03 21:26:00,Hyderabad,Amazon,E-commerce,0
T09303,C0931,4910.89,2026-08-03 21:27:00,,H&M,Apparel,0
T03893,C0390,1048.23,2026-08-03 21:29:00,Bengaluru,Burger King,Restaurant,0
T04673,C0468,1642.74,2026-08-03 21:30:00,Pune,Max,Apparel,0
T06763,C0677,3019.9,2026-08-03 21:31:00,Goa,Amazon,E-commerce,0
T07133,C0714,2854.47,2026-08-03 21:32:00,Bengaluru,Reliance,Retail,0
T00643,C0065,2362.87,2026-08-03 21:33:00,Goa,Max,Apparel,0
T06733,C0674,378.56,2026-08-03 21:34:00,Mumbai,Reliance,Retail,0
T05783,C0579,2818.31,2026-08-03 21:35:00,Chennai,Big Chill,Restaurant,0
T05453,C0546,3521.97,2026-08-03 21:35:00,Hyderabad,H&M,Apparel,0
T05003,C0501,1678.04,2026-08-03 21:36:00,Pune,Burger King,Restaurant,0
T08473,C0848,5282.34,2026-08-03 21:36:00,Kolkata,Spar,Grocery,0
T09253,C0926,3153.01,2026-08-03 21:39:00,Chennai,Big Chill,Restaurant,0
T09793,C0980,2341.93,2026-08-03 21:39:00,Hyderabad,Flipkart,E-commerce,0
T01673,C0168,2157.79,2026-08-03 21:39:00,Bengaluru,Flipkart,E-commerce,0
T07423,C0743,2060.42,2026-08-03 21:40:00,Bengaluru,Reliance,Retail,0
T05583,C0559,786.3,2026-08-03 21:43:00,,Max,Apparel,0
T02593,C0260,1670.36,2026-08-03 21:44:00,Goa,Myntra,E-commerce,0
T02833,C0284,6382.18,2026-08-03 21:46:00,Hyderabad,Spar,Grocery,0
T05053,C0506,1658.57,2026-08-03 21:48:00,Hyderabad,Reliance,Retail,0
T00723,C0073,1281.66,2026-08-03 21:49:00,Hyderabad,Amazon,E-commerce,0
T00803,C0081,2718.53,2026-08-03 21:49:00,Hyderabad,Spar,Grocery,0
T06183,C0619,2948.09,2026-08-03 21:49:00,Goa,Myntra,E-commerce,0
T00483,C0049,1244.59,2026-08-03 21:50:00,Pune,Burger King,Restaurant,0
T08843,C0885,1970.7,2026-08-03 21:50:00,,Burger King,Restaurant,0
T00833,C0084,2876.39,2026-08-03 21:51:00,Chennai,,Restaurant,0
T07593,C0760,4196.86,2026-08-03 21:51:00,Hyderabad,Big Chill,Restaurant,0
T06713,C0672,6685.91,2026-08-03 21:53:00,Hyderabad,Big Chill,Restaurant,0
T03163,C0317,1696.14,2026-08-03 21:54:00,Delhi,Max,Apparel,0
T00303,C0031,6409.9,2026-08-03 21:55:00,Pune,Reliance,Retail,0
T01373,C0138,3208.27,2026-08-03 21:55:00,Pune,H&M,Apparel,0
T09933,C0994,1039.73,2026-08-03 21:57:00,Mumbai,Reliance,Retail,0
T04303,C0431,5725.62,2026-08-03 21:58:00,Chennai,Spar,Grocery,0
T00233,C0024,5139.74,2026-08-03 21:59:00,Bengaluru,Flipkart,E-commerce,0
T08913,C0892,3142.11,2026-08-03 21:59:00,Kolkata,Spar,Grocery,0
T00693,C0070,2998.29,2026-08-03 22:01:00,Chennai,Reliance,Retail,0
T01503,C0151,862.82,2026-08-03 22:02:00,Delhi,Flipkart,E-commerce,0
T06063,C0607,1379.71,2026-08-03 22:03:00,Chennai,Flipkart,E-commerce,0
T02323,C0233,1597.52,2026-08-03 22:03:00,Hyderabad,Myntra,E-commerce,0
T09523,C0953,3634.64,2026-08-03 22:03:00,Pune,Flipkart,E-commerce,0
T00423,C0043,3178.99,2026-08-03 22:04:00,Mumbai,Big Chill,Restaurant,0
T01633,C0164,806.18,2026-08-03 22:07:00,Kolkata,Zara,Apparel,0
T05983,C0599,1262.22,2026-08-03 22:08:00,Pune,Max,Apparel,0
T06353,C0636,4231.56,2026-08-03 22:08:00,Delhi,Zara,Apparel,0
T00513,C0052,1650.62,2026-08-03 22:09:00,Kolkata,Amazon,E-commerce,0
T04193,C0420,742.35,2026-08-03 22:12:00,Goa,Max,Apparel,0
T00963,C0097,1994.54,2026-08-03 22:12:00,Mumbai,H&M,Apparel,0
T07823,C0783,1195.98,2026-08-03 22:13:00,Chennai,Burger King,Restaurant,0
T09393,C0940,523.95,2026-08-03 22:14:00,Pune,Myntra,E-commerce,0
T09373,C0938,4044.93,2026-08-03 22:14:00,Bengaluru,H&M,Apparel,0
T07923,C0793,2608.31,2026-08-03 22:17:00,Chennai,Burger King,Restaurant,0
T08493,C0850,2349.42,2026-08-03 22:17:00,Goa,Flipkart,E-commerce,0
T00653,C0066,2254.78,2026-08-03 22:19:00,Bengaluru,H&M,Apparel,0
T09643,C0965,1848.35,2026-08-03 22:20:00,Chennai,Amazon,E-commerce,0
T08233,C0824,2441.28,2026-08-03 22:21:00,Goa,Reliance,Retail,0
T08823,C0883,2382.42,2026-08-03 22:23:00,Hyderabad,Big Chill,Restaurant,0
T09593,C0960,5717.85,2026-08-03 22:23:00,Goa,H&M,Apparel,0
T01073,C0108,1163.92,2026-08-03 22:23:00,Pune,Spar,Grocery,0
T07393,C0740,4356.69,2026-08-03 22:23:00,Chennai,Zara,Apparel,0
T04003,C0401,3031.66,2026-08-03 22:24:00,,Big Chill,Restaurant,0
T02973,C0298,3623.48,2026-08-03 22:24:00,Bengaluru,Amazon,E-commerce,0
T03753,C0376,537.86,2026-08-03 22:25:00,Kolkata,Burger King,Restaurant,0
T01913,C0192,340.76,2026-08-03 22:26:00,Kolkata,Burger King,Restaurant,0
T04503,C0451,3275.07,2026-08-03 22:28:00,Hyderabad,Big Chill,Restaurant,0
T05883,C0589,811.38,2026-08-03 22:29:00,Bengaluru,Max,Apparel,0
T01653,C0166,5397.39,2026-08-03 22:30:00,Delhi,Zara,Apparel,0
T05473,C0548,898.64,2026-08-03 22:31:00,Kolkata,Myntra,E-commerce,0
T00563,C0057,3568.31,2026-08-03 22:31:00,Mumbai,Flipkart,E-commerce,0
T02653,C0266,2868.58,2026-08-03 22:33:00,Bengaluru,Burger King,Restaurant,0
T01883,C0189,2925.95,2026-08-03 22:33:00,Kolkata,Burger King,Restaurant,0
T00103,C0011,381.18,2026-08-03 22:33:00,Mumbai,Reliance,Retail,0
T02683,C0269,368.2,2026-08-03 22:33:00,Bengaluru,Amazon,E-commerce,0
T04603,C0461,2061.14,2026-08-03 22:34:00,Pune,Max,Apparel,0
T04533,C0454,3441.97,2026-08-03 22:35:00,Goa,Myntra,E-commerce,0
T07203,C0721,395.3,2026-08-03 22:39:00,Chennai,Amazon,E-commerce,0
T01343,C0135,501.64,2026-08-03 22:40:00,Hyderabad,Max,Apparel,0
T06813,C0682,1078.36,2026-08-03 22:40:00,Bengaluru,Amazon,E-commerce,0
T08723,C0873,1916.09,2026-08-03 22:41:00,Mumbai,Spar,Grocery,0
T03063,C0307,2229.75,2026-08-03 22:41:00,Bengaluru,Flipkart,E-commerce,0
T01973,C0198,5209.23,2026-08-03 22:42:00,Goa,Spar,Grocery,0
T04773,C0478,1866.87,2026-08-03 22:43:00,Hyderabad,Spar,Grocery,0
T04823,C0483,3768.18,2026-08-03 22:45:00,Pune,Spar,Grocery,0
T02963,C0297,907.24,2026-08-03 22:46:00,,,Grocery,0
T07323,C0733,3209.87,2026-08-03 22:47:00,Goa,Flipkart,E-commerce,0
T06173,C0618,2931.78,2026-08-03 22:47:00,Kolkata,Reliance,Retail,0
T02603,C0261,1916.85,2026-08-03 22:48:00,Delhi,Big Chill,Restaurant,0
T09193,C0920,2030.29,2026-08-03 22:52:00,Chennai,Flipkart,E-commerce,0
T09983,C0999,1874.4,2026-08-03 22:53:00,Kolkata,Myntra,E-commerce,0
T06693,C0670,2625.69,2026-08-03 22:53:00,Pune,Max,Apparel,0
T05903,C0591,4204.65,2026-08-03 22:53:00,Mumbai,Burger King,Restaurant,0
T02463,C0247,3482.16,2026-08-03 22:54:00,Kolkata,Myntra,E-commerce,0
T08423,C0843,7322.37,2026-08-03 22:57:00,Goa,Max,Apparel,0
T02284,C0229,3144.29,2026-08-04 08:02:00,Pune,Zara,Apparel,0
T02184,C0219,1067.71,2026-08-04 08:02:00,Hyderabad,Zara,Apparel,0
T07234,C0724,1329.94,2026-08-04 08:02:00,Goa,Burger King,Restaurant,0
T02624,C0263,2807.55,2026-08-04 08:02:00,Pune,Amazon,E-commerce,0
T04254,C0426,1337.82,2026-08-04 08:04:00,Hyderabad,Flipkart,E-commerce,0
T07324,C0733,4793.92,2026-08-04 08:06:00,Goa,Myntra,E-commerce,0
T06384,C0639,4567.3,2026-08-04 08:07:00,Delhi,Spar,Grocery,0
T07774,C0778,2257.12,2026-08-04 08:08:00,Kolkata,Zara,Apparel,0
T06954,C0696,1034.74,2026-08-04 08:08:00,Goa,Burger King,Restaurant,0
T00314,C0032,6987.14,2026-08-04 08:08:00,Mumbai,Myntra,E-commerce,0
T04924,C0493,663.83,2026-08-04 08:09:00,Bengaluru,Big Chill,Restaurant,0
T03114,C0312,2804.91,2026-08-04 08:09:00,Mumbai,Zara,Apparel,0
T05614,C0562,1228.87,2026-08-04 08:12:00,Goa,,E-commerce,0
T01984,C0199,1870.3,2026-08-04 08:12:00,Delhi,Zara,Apparel,0
T03744,C0375,1041.4,2026-08-04 08:12:00,Kolkata,Big Chill,Restaurant,0
T03004,C0301,3025.98,2026-08-04 08:13:00,Delhi,,Apparel,0
T02514,C0252,3506.92,2026-08-04 08:13:00,Mumbai,Max,Apparel,0
T06314,C0632,3302.59,2026-08-04 08:13:00,Bengaluru,H&M,Apparel,0
T05144,C0515,1829.12,2026-08-04 08:16:00,Mumbai,Flipkart,E-commerce,0
T01444,C0145,2416.1,2026-08-04 08:17:00,,Flipkart,E-commerce,0
T00414,C0042,3455.94,2026-08-04 08:17:00,Pune,Reliance,Retail,0
T03174,C0318,750.53,2026-08-04 08:18:00,Goa,Spar,Grocery,0
T03224,C0323,861.07,2026-08-04 08:19:00,Mumbai,Flipkart,E-commerce,0
T04144,C0415,5213.43,2026-08-04 08:19:00,Bengaluru,,E-commerce,0
T02454,C0246,3008.16,2026-08-04 08:19:00,Hyderabad,Flipkart,E-commerce,0
T02234,C0224,2379.05,2026-08-04 08:19:00,Delhi,Myntra,E-commerce,0
T06484,C0649,3443.2,2026-08-04 08:19:00,Pune,Max,Apparel,0
T00484,C0049,982.93,2026-08-04 08:19:00,Pune,Big Chill,Restaurant,0
T08474,C0848,3863.07,2026-08-04 08:20:00,Kolkata,Spar,Grocery,0
T04134,C0414,3824.02,2026-08-04 08:21:00,Bengaluru,Spar,Grocery,0
T07894,C0790,5250.42,2026-08-04 08:21:00,Mumbai,Flipkart,E-commerce,0
T05584,C0559,1911.61,2026-08-04 08:22:00,Chennai,Max,Apparel,0
T05384,C0539,1083.44,2026-08-04 08:24:00,Chennai,H&M,Apparel,0
T09634,C0964,2091.92,2026-08-04 08:25:00,,Amazon,E-commerce,0
T07934,C0794,2380.47,2026-08-04 08:26:00,Kolkata,Reliance,Retail,0
T06714,C0672,5001.54,2026-08-04 08:27:00,Hyderabad,H&M,Apparel,0
T08394,C0840,454.02,2026-08-04 08:28:00,Delhi,Amazon,E-commerce,0
T09044,C0905,1697.32,2026-08-04 08:29:00,Goa,Reliance,Retail,0
T06824,C0683,1411.22,2026-08-04 08:31:00,Delhi,Reliance,Retail,0
T08114,C0812,4009.14,2026-08-04 08:32:00,Delhi,Flipkart,E-commerce,0
T00634,C0064,4639.76,2026-08-04 08:32:00,Delhi,Zara,Apparel,0
T08244,C0825,4112.99,2026-08-04 08:33:00,Hyderabad,H&M,Apparel,0
T07914,C0792,1677.59,2026-08-04 08:33:00,Mumbai,Reliance,Retail,0
T00614,C0062,3439.72,2026-08-04 08:33:00,,Spar,Grocery,0
T09244,C0925,3129.99,2026-08-04 08:33:00,Mumbai,Spar,Grocery,0
T01194,C0120,4445.33,2026-08-04 08:35:00,Delhi,H&M,Apparel,0
T09754,C0976,1526.2,2026-08-04 08:35:00,Delhi,Flipkart,E-commerce,0
T08884,C0889,4177.34,2026-08-04 08:36:00,Pune,Big Chill,Restaurant,0
T09704,C0971,1104.75,2026-08-04 08:36:00,Hyderabad,Big Chill,Restaurant,0
T01604,C0161,2781.78,2026-08-04 08:36:00,Mumbai,Burger King,Restaurant,0
T03364,C0337,2840.33,2026-08-04 08:37:00,Delhi,Reliance,Retail,0
T02384,C0239,1065.99,2026-08-04 08:37:00,Delhi,Max,Apparel,0
T00274,C0028,1329.6,2026-08-04 08:38:00,Pune,Flipkart,E-commerce,0
T01024,C0103,5017.6,2026-08-04 08:38:00,Chennai,Burger King,Restaurant,0
T05094,C0510,2579.99,2026-08-04 08:41:00,Pune,Max,Apparel,0
T00514,C0052,1581.13,2026-08-04 08:41:00,Kolkata,Myntra,E-commerce,0
T07334,C0734,2621.45,2026-08-04 08:42:00,Hyderabad,Zara,Apparel,0
T00604,C0061,507.69,2026-08-04 08:44:00,Mumbai,Amazon,E-commerce,0
T06874,C0688,3348.25,2026-08-04 08:44:00,Chennai,Big Chill,Restaurant,0
T02144,C0215,5587.41,2026-08-04 08:46:00,Goa,Flipkart,E-commerce,0
T00304,C0031,6341.91,2026-08-04 08:47:00,Pune,Reliance,Retail,0
T08734,C0874,3445.53,2026-08-04 08:48:00,Chennai,Myntra,E-commerce,0
T06964,C0697,5185.34,2026-08-04 08:49:00,Chennai,,Apparel,0
T04154,C0416,4933.31,2026-08-04 08:49:00,Bengaluru,Max,Apparel,0
T01794,C0180,7209.64,2026-08-04 08:49:00,Pune,Reliance,Retail,0
T01104,C0111,2435.18,2026-08-04 08:50:00,Delhi,Myntra,E-commerce,0
T06894,C0690,4427.72,2026-08-04 08:51:00,Mumbai,Max,Apparel,0
T08834,C0884,676.5,2026-08-04 08:51:00,Hyderabad,Spar,Grocery,0
T02694,C0270,1127.42,2026-08-04 08:52:00,Delhi,Zara,Apparel,0
T01314,C0132,2520.83,2026-08-04 08:52:00,Kolkata,Zara,Apparel,0
T08714,C0872,1108.32,2026-08-04 08:52:00,Goa,Big Chill,Restaurant,0
T01484,C0149,2111.22,2026-08-04 08:53:00,Goa,Reliance,Retail,0
T06124,C0613,3204.49,2026-08-04 08:53:00,Goa,Myntra,E-commerce,0
T01864,C0187,1638.92,2026-08-04 08:53:00,Chennai,H&M,Apparel,0
T07164,C0717,746.51,2026-08-04 08:57:00,Chennai,Max,Apparel,0
T07264,C0727,2928.39,2026-08-04 08:58:00,Hyderabad,Max,Apparel,0
T05234,C0524,4527.4,2026-08-04 08:59:00,Hyderabad,Burger King,Restaurant,0
T05404,C0541,2188.34,2026-08-04 08:59:00,Goa,Reliance,Retail,0
T02164,C0217,2902.24,2026-08-04 09:02:00,Hyderabad,,Retail,0
T04534,C0454,2720.8,2026-08-04 09:02:00,Goa,Myntra,E-commerce,0
T04304,C0431,3778.08,2026-08-04 09:03:00,Chennai,Amazon,E-commerce,0
T04734,C0474,1087.6,2026-08-04 09:03:00,Kolkata,Amazon,E-commerce,0
T00154,C0016,3567.82,2026-08-04 09:03:00,Hyderabad,H&M,Apparel,0
T06344,C0635,2987.44,2026-08-04 09:04:00,Hyderabad,Amazon,E-commerce,0
T04184,C0419,1298.59,2026-08-04 09:05:00,Delhi,Burger King,Restaurant,0
T07634,C0764,1987.57,2026-08-04 09:06:00,Chennai,Big Chill,Restaurant,0
T09924,C0993,392.46,2026-08-04 09:06:00,Delhi,Flipkart,E-commerce,0
T08304,C0831,1602.79,2026-08-04 09:13:00,Hyderabad,Myntra,E-commerce,0
T01494,C0150,3774.15,2026-08-04 09:14:00,Bengaluru,Max,Apparel,0
T06684,C0669,3020.68,2026-08-04 09:15:00,Pune,Amazon,E-commerce,0
T04464,C0447,3096.07,2026-08-04 09:16:00,Bengaluru,Amazon,E-commerce,0
T04904,C0491,452.38,2026-08-04 09:16:00,Kolkata,Big Chill,Restaurant,0
T05104,C0511,1152.67,2026-08-04 09:19:00,Chennai,Max,Apparel,0
T04624,C0463,1822.72,2026-08-04 09:19:00,Hyderabad,Flipkart,E-commerce,0
T05034,C0504,3179.37,2026-08-04 09:20:00,Goa,Big Chill,Restaurant,0
T08294,C0830,2704.84,2026-08-04 09:20:00,Goa,Reliance,Retail,0
T07494,C0750,2804.15,2026-08-04 09:20:00,Pune,Burger King,Restaurant,0
T09984,C0999,3878.54,2026-08-04 09:21:00,Kolkata,Big Chill,Restaurant,0
T03954,C0396,2381.2,2026-08-04 09:22:00,Goa,Max,Apparel,0
T05474,C0548,2233.41,2026-08-04 09:25:00,Kolkata,,E-commerce,0
T02864,C0287,815.68,2026-08-04 09:27:00,Kolkata,Zara,Apparel,0
T04744,C0475,4640.48,2026-08-04 09:27:00,Pune,Burger King,Restaurant,0
T08914,C0892,2226.91,2026-08-04 09:27:00,Kolkata,Big Chill,Restaurant,0
T09764,C0977,2557.28,2026-08-04 09:28:00,Hyderabad,Zara,Apparel,0
T07044,C0705,683.82,2026-08-04 09:29:00,Kolkata,Zara,Apparel,0
T05924,C0593,767.4,2026-08-04 09:30:00,Delhi,Big Chill,Restaurant,0
T01074,C0108,1113.2,2026-08-04 09:30:00,Pune,Spar,Grocery,0
T02974,C0298,4132.56,2026-08-04 09:30:00,Bengaluru,Big Chill,Restaurant,0
T01134,C0114,5392.75,2026-08-04 09:30:00,Kolkata,Max,Apparel,0
T03894,C0390,769.34,2026-08-04 09:31:00,Bengaluru,Burger King,Restaurant,0
T02094,C0210,2253.44,2026-08-04 09:31:00,Bengaluru,Myntra,E-commerce,0
T04684,C0469,3678.12,2026-08-04 09:31:00,Delhi,Flipkart,E-commerce,0
T03754,C0376,829.04,2026-08-04 09:31:00,Kolkata,Burger King,Restaurant,0
T00244,C0025,3819.88,2026-08-04 09:33:00,Bengaluru,Reliance,Retail,0
T08524,C0853,759.42,2026-08-04 09:34:00,Delhi,H&M,Apparel,0
T09974,C0998,1654.3,2026-08-04 09:35:00,Bengaluru,Max,Apparel,0
T04444,C0445,5436.95,2026-08-04 09:35:00,Kolkata,Flipkart,E-commerce,0
T02484,C0249,1781.63,2026-08-04 09:36:00,Kolkata,Reliance,Retail,0
T06784,C0679,1136.94,2026-08-04 09:36:00,Hyderabad,Max,Apparel,0
T04784,C0479,591.9,2026-08-04 09:37:00,Kolkata,Spar,Grocery,0
T00674,C0068,6016.72,2026-08-04 09:38:00,Chennai,Reliance,Retail,0
T01954,C0196,1983.91,2026-08-04 09:39:00,Mumbai,H&M,Apparel,0
T09284,C0929,1925.14,2026-08-04 09:41:00,Kolkata,Burger King,Restaurant,0
T09494,C0950,5028.05,2026-08-04 09:42:00,Bengaluru,Burger King,Restaurant,0
T01974,C0198,4652.17,2026-08-04 09:42:00,Goa,,Grocery,0
T06434,C0644,1028.57,2026-08-04 09:43:00,Kolkata,H&M,Apparel,0
T09164,C0917,1366.62,2026-08-04 09:43:00,Mumbai,Amazon,E-commerce,0
T09464,C0947,6243.69,2026-08-04 09:43:00,Kolkata,Zara,Apparel,0
T03064,C0307,3105.08,2026-08-04 09:45:00,Bengaluru,H&M,Apparel,0
T02434,C0244,6609.02,2026-08-04 09:49:00,,Max,Apparel,0
T08664,C0867,4016.19,2026-08-04 09:52:00,Hyderabad,Zara,Apparel,0
T09014,C0902,5797.03,2026-08-04 09:53:00,Hyderabad,Burger King,Restaurant,0
T07414,C0742,271.3,2026-08-04 09:54:00,Mumbai,Flipkart,E-commerce,0
T06454,C0646,3150.39,2026-08-04 09:55:00,Hyderabad,Flipkart,E-commerce,0
T03874,C0388,2429.63,2026-08-04 09:55:00,,H&M,Apparel,0
T03854,C0386,760.9,2026-08-04 09:57:00,Delhi,Burger King,Restaurant,0
T06864,C0687,3113.83,2026-08-04 10:00:00,Mumbai,Spar,Grocery,0
T00104,C0011,630.93,2026-08-04 10:01:00,Mumbai,Reliance,Retail,0
T05744,C0575,2861.75,2026-08-04 10:01:00,Bengaluru,Max,Apparel,0
T04244,C0425,4728.34,2026-08-04 10:01:00,Bengaluru,Reliance,Retail,0
T02824,C0283,2711.95,2026-08-04 10:02:00,Kolkata,Zara,Apparel,0
T08934,C0894,2603.82,2026-08-04 10:05:00,,Myntra,E-commerce,0
T03184,C0319,3924.27,2026-08-04 10:06:00,Kolkata,Amazon,E-commerce,0
T03494,C0350,5804.24,2026-08-04 10:06:00,Kolkata,Burger King,Restaurant,0
T04674,C0468,1548.07,2026-08-04 10:09:00,Pune,Burger King,Restaurant,0
T05304,C0531,6228.44,2026-08-04 10:09:00,Delhi,Burger King,Restaurant,0
T03394,C0340,5941.2,2026-08-04 10:10:00,Bengaluru,Myntra,E-commerce,0
T03564,C0357,3136.07,2026-08-04 10:11:00,Mumbai,Max,Apparel,0
T05724,C0573,4072.2,2026-08-04 10:12:00,Delhi,Zara,Apparel,0
T00124,C0013,1199.72,2026-08-04 10:12:00,Hyderabad,Zara,Apparel,0
T05774,C0578,1059.16,2026-08-04 10:13:00,Kolkata,Zara,Apparel,0
T03714,C0372,4948.68,2026-08-04 10:13:00,Delhi,Reliance,Retail,0
T05444,C0545,631.73,2026-08-04 10:14:00,Hyderabad,Reliance,Retail,0
T09994,C1000,6452.3,2026-08-04 10:14:00,Bengaluru,Flipkart,E-commerce,0
T00494,C0050,3941.95,2026-08-04 10:15:00,Chennai,Amazon,E-commerce,0
T05634,C0564,1495.75,2026-08-04 10:16:00,Kolkata,H&M,Apparel,0
T00034,C0004,2596.47,2026-08-04 10:16:00,Delhi,Burger King,Restaurant,0
T01624,C0163,990.47,2026-08-04 10:17:00,Goa,Myntra,E-commerce,0
T00824,C0083,1006.12,2026-08-04 10:20:00,Delhi,Big Chill,Restaurant,0
T09714,C0972,1086.2,2026-08-04 10:20:00,Hyderabad,Burger King,Restaurant,0
T06374,C0638,6864.68,2026-08-04 10:20:00,Delhi,Flipkart,E-commerce,0
T06204,C0621,1415.02,2026-08-04 10:21:00,Mumbai,Max,Apparel,0
T05934,C0594,2311.09,2026-08-04 10:22:00,Goa,Reliance,Retail,0
T01464,C0147,1466.89,2026-08-04 10:23:00,Hyderabad,Flipkart,E-commerce,0
T04274,C0428,1303.98,2026-08-04 10:23:00,Bengaluru,Spar,Grocery,0
T07974,C0798,2863.56,2026-08-04 10:25:00,Goa,Big Chill,Restaurant,0
T06724,C0673,1904.56,2026-08-04 10:25:00,Kolkata,Amazon,E-commerce,0
T08724,C0873,1756.63,2026-08-04 10:26:00,Mumbai,H&M,Apparel,0
T08194,C0820,357.04,2026-08-04 10:27:00,Chennai,Myntra,E-commerce,0
T07034,C0704,1928.34,2026-08-04 10:29:00,Chennai,Max,Apparel,0
T04984,C0499,5075.71,2026-08-04 10:31:00,,Burger King,Restaurant,0
T01644,C0165,3008.28,2026-08-04 10:32:00,Bengaluru,Reliance,Retail,0
T01534,C0154,3229.67,2026-08-04 10:34:00,Mumbai,Myntra,E-commerce,0
T02544,C0255,1770.08,2026-08-04 10:34:00,Bengaluru,Max,Apparel,0
T06844,C0685,2370.59,2026-08-04 10:36:00,Pune,Reliance,Retail,0
T09854,C0986,4891.2,2026-08-04 10:36:00,Chennai,Reliance,Retail,0
T05974,C0598,1679.55,2026-08-04 10:37:00,Pune,Burger King,Restaurant,0
T02124,C0213,574.82,2026-08-04 10:39:00,Kolkata,Reliance,Retail,0
T09144,C0915,2129.49,2026-08-04 10:40:00,Mumbai,Max,Apparel,0
T03164,C0317,982.61,2026-08-04 10:40:00,Delhi,Spar,Grocery,0
T04084,C0409,6978.41,2026-08-04 10:41:00,Pune,Zara,Apparel,0
T02834,C0284,2294.8,2026-08-04 10:41:00,Hyderabad,Max,Apparel,0
T06934,C0694,2393.88,2026-08-04 10:43:00,Mumbai,Amazon,E-commerce,0
T02734,C0274,2308.39,2026-08-04 10:43:00,,Spar,Grocery,0
T02784,C0279,2109.84,2026-08-04 10:43:00,Pune,Flipkart,E-commerce,0
T08924,C0893,2361.09,2026-08-04 10:43:00,Delhi,Flipkart,E-commerce,0
T00094,C0010,4753.07,2026-08-04 10:44:00,Bengaluru,Spar,Grocery,0
T02394,C0240,2855.69,2026-08-04 10:45:00,Mumbai,Burger King,Restaurant,0
T05154,C0516,1010.71,2026-08-04 10:45:00,Chennai,Flipkart,E-commerce,0
T01884,C0189,3555.99,2026-08-04 10:46:00,Kolkata,Amazon,E-commerce,0
T07004,C0701,844.18,2026-08-04 10:46:00,Pune,Zara,Apparel,0
T04994,C0500,3279.86,2026-08-04 10:47:00,Hyderabad,Myntra,E-commerce,0
T06814,C0682,766.31,2026-08-04 10:48:00,Bengaluru,Myntra,E-commerce,0
T02554,C0256,698.2,2026-08-04 10:48:00,Pune,H&M,Apparel,0
T07654,C0766,4111.54,2026-08-04 10:48:00,Hyderabad,H&M,Apparel,0
T06024,C0603,4114.74,2026-08-04 10:54:00,Pune,Burger King,Restaurant,0
T02324,C0233,875.19,2026-08-04 10:54:00,Hyderabad,H&M,Apparel,0
T07024,C0703,1416.26,2026-08-04 10:55:00,Kolkata,Reliance,Retail,0
T08444,C0845,1173.17,2026-08-04 10:55:00,Bengaluru,Amazon,E-commerce,0
T03304,C0331,448.83,2026-08-04 10:58:00,Goa,Spar,Grocery,0
T03254,C0326,1817.56,2026-08-04 11:00:00,Chennai,Flipkart,E-commerce,0
T08534,C0854,2666.14,2026-08-04 11:00:00,Pune,Max,Apparel,0
T01504,C0151,1698.19,2026-08-04 11:00:00,Delhi,Reliance,Retail,0
T04584,C0459,583.14,2026-08-04 11:00:00,Mumbai,Big Chill,Restaurant,0
T02354,C0236,3384.51,2026-08-04 11:02:00,,Max,Apparel,0
T03534,C0354,802.02,2026-08-04 11:02:00,Kolkata,Burger King,Restaurant,0
T04944,C0495,2871.83,2026-08-04 11:03:00,Pune,Zara,Apparel,0
T06914,C0692,2330.27,2026-08-04 11:04:00,,Reliance,Retail,0
T01244,C0125,2558.0,2026-08-04 11:05:00,Bengaluru,Big Chill,Restaurant,0
T00014,C0002,4680.33,2026-08-04 11:05:00,Goa,Reliance,Retail,0
T06704,C0671,850.65,2026-08-04 11:05:00,Goa,Amazon,E-commerce,0
T06984,C0699,887.48,2026-08-04 11:05:00,,Spar,Grocery,0
T05994,C0600,2844.7,2026-08-04 11:06:00,Chennai,Spar,Grocery,0
T07304,C0731,5877.85,2026-08-04 11:06:00,Hyderabad,,Retail,0
T01524,C0153,3301.09,2026-08-04 11:07:00,Goa,Zara,Apparel,0
T08084,C0809,3122.06,2026-08-04 11:08:00,Mumbai,Flipkart,E-commerce,0
T02134,C0214,1572.6,2026-08-04 11:09:00,Bengaluru,Max,Apparel,0
T05214,C0522,896.58,2026-08-04 11:10:00,Hyderabad,,Restaurant,0
T00914,C0092,2654.97,2026-08-04 11:11:00,Kolkata,H&M,Apparel,0
T00434,C0044,4771.61,2026-08-04 11:11:00,Kolkata,Reliance,Retail,0
T02214,C0222,3675.45,2026-08-04 11:11:00,Hyderabad,Reliance,Retail,0
T03384,C0339,2604.35,2026-08-04 11:12:00,Hyderabad,Spar,Grocery,0
T02684,C0269,399.49,2026-08-04 11:12:00,Bengaluru,Myntra,E-commerce,0
T00054,C0006,2095.44,2026-08-04 11:12:00,Chennai,H&M,Apparel,0
T06534,C0654,5277.07,2026-08-04 11:13:00,Delhi,Max,Apparel,0
T01214,C0122,2126.84,2026-08-04 11:14:00,Goa,H&M,Apparel,0
T02634,C0264,1726.32,2026-08-04 11:14:00,Hyderabad,Myntra,E-commerce,0
T08334,C0834,2276.16,2026-08-04 11:15:00,Pune,Zara,Apparel,0
T00884,C0089,905.43,2026-08-04 11:15:00,Goa,Big Chill,Restaurant,0
T09294,C0930,6563.33,2026-08-04 11:16:00,Bengaluru,Big Chill,Restaurant,0
T05184,C0519,4896.17,2026-08-04 11:16:00,Goa,Max,Apparel,0
T04324,C0433,5873.5,2026-08-04 11:17:00,Hyderabad,Zara,Apparel,0
T00194,C0020,3169.88,2026-08-04 11:18:00,Bengaluru,Big Chill,Restaurant,0
T08204,C0821,2280.15,2026-08-04 11:19:00,Kolkata,Flipkart,E-commerce,0
T01184,C0119,2748.02,2026-08-04 11:20:00,Bengaluru,,E-commerce,0
T02884,C0289,2427.76,2026-08-04 11:21:00,Delhi,H&M,Apparel,0
T03024,C0303,4833.68,2026-08-04 11:21:00,Bengaluru,Zara,Apparel,0
T01004,C0101,3601.93,2026-08-04 11:24:00,Goa,Reliance,Retail,0
T03684,C0369,1769.92,2026-08-04 11:25:00,Bengaluru,Big Chill,Restaurant,0
T09114,C0912,1729.91,2026-08-04 11:27:00,Pune,Max,Apparel,0
T07254,C0726,1943.5,2026-08-04 11:29:00,Kolkata,Burger King,Restaurant,0
T08384,C0839,7009.72,2026-08-04 11:30:00,Chennai,Spar,Grocery,0
T06554,C0656,842.86,2026-08-04 11:31:00,Mumbai,Burger King,Restaurant,0
T08994,C0900,2855.73,2026-08-04 11:32:00,Goa,H&M,Apparel,0
T08224,C0823,5861.87,2026-08-04 11:32:00,Chennai,Max,Apparel,0
T00214,C0022,2881.2,2026-08-04 11:35:00,Mumbai,,E-commerce,0
T01904,C0191,4814.21,2026-08-04 11:37:00,Mumbai,Flipkart,E-commerce,0
T03554,C0356,4351.08,2026-08-04 11:38:00,Kolkata,Spar,Grocery,0
T07074,C0708,2534.06,2026-08-04 11:38:00,Pune,Spar,Grocery,0
T09964,C0997,3327.54,2026-08-04 11:38:00,Hyderabad,Burger King,Restaurant,0
T03934,C0394,3287.06,2026-08-04 11:39:00,Chennai,Amazon,E-commerce,0
T01094,C0110,2855.51,2026-08-04 11:46:00,Delhi,Burger King,Restaurant,0
T00074,C0008,5660.07,2026-08-04 11:47:00,Bengaluru,Burger King,Restaurant,0
T09894,C0990,2973.69,2026-08-04 11:49:00,Kolkata,Max,Apparel,0
T08484,C0849,3533.54,2026-08-04 11:50:00,Hyderabad,Myntra,E-commerce,0
T07174,C0718,3508.27,2026-08-04 11:51:00,Mumbai,Myntra,E-commerce,0
T08554,C0856,3153.03,2026-08-04 11:51:00,,Burger King,Restaurant,0
T03614,C0362,5424.03,2026-08-04 11:52:00,Chennai,Burger King,Restaurant,0
T07464,C0747,4949.36,2026-08-04 11:53:00,Hyderabad,Burger King,Restaurant,0
T05784,C0579,1290.42,2026-08-04 11:54:00,Chennai,Big Chill,Restaurant,0
T03974,C0398,2970.44,2026-08-04 11:55:00,Kolkata,Amazon,E-commerce,0
T02014,C0202,3917.11,2026-08-04 11:57:00,Kolkata,Burger King,Restaurant,0
T07564,C0757,4782.39,2026-08-04 11:58:00,Kolkata,Reliance,Retail,0
T09824,C0983,2962.42,2026-08-04 11:59:00,Bengaluru,Spar,Grocery,0
T05274,C0528,7140.77,2026-08-04 12:00:00,Kolkata,Spar,Grocery,0
T00064,C0007,1370.0,2026-08-04 12:00:00,Mumbai,Spar,Grocery,0
T02524,C0253,4472.61,2026-08-04 12:00:00,Delhi,Spar,Grocery,0
T02644,C0265,1278.53,2026-08-04 12:01:00,Delhi,Reliance,Retail,0
T09844,C0985,3661.82,2026-08-04 12:01:00,Kolkata,Amazon,E-commerce,0
T06364,C0637,4058.13,2026-08-04 12:02:00,Pune,,E-commerce,0
T05624,C0563,3269.67,2026-08-04 12:02:00,Kolkata,Burger King,Restaurant,0
T06904,C0691,1026.28,2026-08-04 12:04:00,Kolkata,Amazon,E-commerce,0
T03514,C0352,4451.27,2026-08-04 12:04:00,Pune,Burger King,Restaurant,0
T06184,C0619,1742.5,2026-08-04 12:05:00,Goa,Reliance,Retail,0
T04604,C0461,2039.79,2026-08-04 12:06:00,Pune,Flipkart,E-commerce,0
T09454,C0946,6318.71,2026-08-04 12:06:00,Hyderabad,Myntra,E-commerce,0
T00844,C0085,885.31,2026-08-04 12:07:00,Pune,Big Chill,Restaurant,0
T00554,C0056,5118.46,2026-08-04 12:10:00,Mumbai,Amazon,E-commerce,0
T07424,C0743,1852.83,2026-08-04 12:10:00,Bengaluru,Burger King,Restaurant,0
T03444,C0345,3087.52,2026-08-04 12:11:00,Bengaluru,Big Chill,Restaurant,0
T07054,C0706,3491.76,2026-08-04 12:13:00,Pune,H&M,Apparel,0
T04024,C0403,723.94,2026-08-04 12:14:00,Pune,Max,Apparel,0
T06734,C0674,681.71,2026-08-04 12:14:00,Mumbai,Amazon,E-commerce,0
T09554,C0956,1585.01,2026-08-04 12:14:00,Goa,Zara,Apparel,0
T07104,C0711,1485.17,2026-08-04 12:15:00,Goa,Burger King,Restaurant,0
T01934,C0194,2796.38,2026-08-04 12:15:00,Mumbai,Myntra,E-commerce,0
T05834,C0584,2766.35,2026-08-04 12:17:00,Bengaluru,Max,Apparel,0
T03694,C0370,4258.33,2026-08-04 12:20:00,Bengaluru,Zara,Apparel,0
T08974,C0898,4936.96,2026-08-04 12:21:00,Kolkata,Reliance,Retail,0
T01914,C0192,767.91,2026-08-04 12:22:00,Kolkata,Spar,Grocery,0
T03504,C0351,3000.81,2026-08-04 12:22:00,Goa,Spar,Grocery,0
T07724,C0773,2099.66,2026-08-04 12:26:00,Pune,H&M,Apparel,0
T03414,C0342,789.66,2026-08-04 12:26:00,Hyderabad,Zara,Apparel,0
T00354,C0036,1076.82,2026-08-04 12:27:00,Kolkata,Reliance,Retail,0
T01874,C0188,2130.04,2026-08-04 12:28:00,Chennai,Amazon,E-commerce,0
T04454,C0446,2741.29,2026-08-04 12:30:00,Chennai,Flipkart,E-commerce,0
T01744,C0175,2519.21,2026-08-04 12:30:00,Kolkata,Spar,Grocery,0
T01784,C0179,2170.71,2026-08-04 12:30:00,Bengaluru,Zara,Apparel,0
T04694,C0470,3321.1,2026-08-04 12:33:00,Goa,Spar,Grocery,0
T04914,C0492,304.17,2026-08-04 12:33:00,Delhi,Flipkart,E-commerce,0
T03674,C0368,3068.75,2026-08-04 12:34:00,Hyderabad,Amazon,E-commerce,0
T07374,C0738,4320.36,2026-08-04 12:34:00,Goa,Amazon,E-commerce,0
T03344,C0335,2525.02,2026-08-04 12:34:00,Bengaluru,Zara,Apparel,0
T04414,C0442,876.57,2026-08-04 12:34:00,Mumbai,H&M,Apparel,0
T06614,C0662,3019.09,2026-08-04 12:35:00,Bengaluru,Myntra,E-commerce,0
T00404,C0041,5002.85,2026-08-04 12:35:00,Goa,Burger King,Restaurant,0
T03434,C0344,2977.06,2026-08-04 12:37:00,Hyderabad,Big Chill,Restaurant,0
T06464,C0647,2475.06,2026-08-04 12:37:00,Kolkata,,E-commerce,0
T06444,C0645,1188.61,2026-08-04 12:37:00,Mumbai,H&M,Apparel,0
T04284,C0429,1757.19,2026-08-04 12:38:00,Kolkata,Max,Apparel,0
T05344,C0535,2882.86,2026-08-04 12:39:00,Chennai,Flipkart,E-commerce,0
T03454,C0346,2346.05,2026-08-04 12:39:00,Hyderabad,Amazon,E-commerce,0
T04174,C0418,3160.51,2026-08-04 12:40:00,Delhi,Amazon,E-commerce,0
T07524,C0753,4703.05,2026-08-04 12:41:00,,Reliance,Retail,0
T05114,C0512,435.92,2026-08-04 12:41:00,Mumbai,Spar,Grocery,0
T05704,C0571,4857.63,2026-08-04 12:42:00,Mumbai,H&M,Apparel,0
T05714,C0572,1285.39,2026-08-04 12:42:00,Chennai,Myntra,E-commerce,0
T05254,C0526,1903.41,2026-08-04 12:46:00,Bengaluru,Burger King,Restaurant,0
T05644,C0565,416.11,2026-08-04 12:46:00,Bengaluru,Flipkart,E-commerce,0
T09884,C0989,3710.08,2026-08-04 12:47:00,Kolkata,Flipkart,E-commerce,0
T05814,C0582,2241.99,2026-08-04 12:48:00,Hyderabad,H&M,Apparel,0
T07134,C0714,1984.48,2026-08-04 12:48:00,Bengaluru,Myntra,E-commerce,0
T00084,C0009,3621.77,2026-08-04 12:49:00,Mumbai,Reliance,Retail,0
T07664,C0767,3132.18,2026-08-04 12:51:00,Delhi,H&M,Apparel,0
T09424,C0943,2989.58,2026-08-04 12:52:00,Chennai,H&M,Apparel,0
T02654,C0266,3331.93,2026-08-04 12:52:00,Bengaluru,Myntra,E-commerce,0
T08674,C0868,1026.45,2026-08-04 12:53:00,,Reliance,Retail,0
T07214,C0722,3286.36,2026-08-04 12:53:00,Kolkata,H&M,Apparel,0
T02574,C0258,5641.9,2026-08-04 12:53:00,Pune,Myntra,E-commerce,0
T09674,C0968,2369.27,2026-08-04 12:53:00,,Myntra,E-commerce,0
T03574,C0358,2847.86,2026-08-04 12:54:00,Goa,H&M,Apparel,0
T02314,C0232,4602.15,2026-08-04 12:55:00,Pune,H&M,Apparel,0
T04394,C0440,3170.87,2026-08-04 12:56:00,Kolkata,,Apparel,0
T01324,C0133,4933.8,2026-08-04 12:56:00,Hyderabad,Burger King,Restaurant,0
T02564,C0257,2164.12,2026-08-04 12:56:00,Hyderabad,Zara,Apparel,0
T08314,C0832,5944.36,2026-08-04 12:56:00,Bengaluru,Spar,Grocery,0
T06774,C0678,4663.25,2026-08-04 12:56:00,Hyderabad,Flipkart,E-commerce,0
T03984,C0399,1788.54,2026-08-04 12:58:00,Hyderabad,Spar,Grocery,0
T01084,C0109,3419.06,2026-08-04 12:59:00,Kolkata,Big Chill,Restaurant,0
T02334,C0234,3708.91,2026-08-04 13:01:00,Mumbai,H&M,Apparel,0
T01924,C0193,3812.75,2026-08-04 13:01:00,Mumbai,Big Chill,Restaurant,0
T04384,C0439,2870.05,2026-08-04 13:02:00,Kolkata,Big Chill,Restaurant,0
T07154,C0716,2640.34,2026-08-04 13:03:00,Kolkata,Flipkart,E-commerce,0
T08064,C0807,1911.29,2026-08-04 13:03:00,Mumbai,Burger King,Restaurant,0
T04314,C0432,2995.09,2026-08-04 13:06:00,Chennai,Burger King,Restaurant,0
T03354,C0336,2642.14,2026-08-04 13:07:00,Delhi,Zara,Apparel,0
T02374,C0238,1761.03,2026-08-04 13:07:00,Delhi,Spar,Grocery,0
T09354,C0936,1417.27,2026-08-04 13:08:00,Mumbai,Amazon,E-commerce,0
T03524,C0353,6343.91,2026-08-04 13:10:00,Chennai,Zara,Apparel,0
T00534,C0054,441.78,2026-08-04 13:11:00,Goa,Max,Apparel,0
T07014,C0702,3715.25,2026-08-04 13:11:00,Mumbai,Big Chill,Restaurant,0
T03664,C0367,2694.61,2026-08-04 13:12:00,Goa,H&M,Apparel,0
T05914,C0592,578.03,2026-08-04 13:12:00,Mumbai,Reliance,Retail,0
T02344,C0235,1123.32,2026-08-04 13:12:00,Pune,Myntra,E-commerce,0
T01264,C0127,3537.99,2026-08-04 13:12:00,Bengaluru,Amazon,E-commerce,0
T04664,C0467,1918.15,2026-08-04 13:12:00,Chennai,Burger King,Restaurant,0
T04894,C0490,2662.43,2026-08-04 13:14:00,Delhi,Max,Apparel,0
T08874,C0888,6549.47,2026-08-04 13:14:00,Mumbai,Burger King,Restaurant,0
T02254,C0226,4712.23,2026-08-04 13:14:00,Hyderabad,Big Chill,Restaurant,0
T03404,C0341,4016.7,2026-08-04 13:15:00,Chennai,Amazon,E-commerce,0
T05454,C0546,4371.86,2026-08-04 13:15:00,Hyderabad,Max,Apparel,0
T09434,C0944,4031.73,2026-08-04 13:16:00,Delhi,Reliance,Retail,0
T08254,C0826,3353.32,2026-08-04 13:16:00,Bengaluru,Burger King,Restaurant,0
T07484,C0749,2533.72,2026-08-04 13:19:00,Delhi,H&M,Apparel,0
T05554,C0556,3050.94,2026-08-04 13:20:00,Mumbai,H&M,Apparel,0
T05334,C0534,5850.07,2026-08-04 13:20:00,,Myntra,E-commerce,0
T06674,C0668,2189.18,2026-08-04 13:21:00,Hyderabad,Max,Apparel,0
T07864,C0787,3008.06,2026-08-04 13:21:00,Bengaluru,Max,Apparel,0
T02854,C0286,2501.79,2026-08-04 13:22:00,Delhi,Zara,Apparel,0
T02604,C0261,1656.47,2026-08-04 13:24:00,,Big Chill,Restaurant,0
T02154,C0216,4239.6,2026-08-04 13:24:00,Bengaluru,Zara,Apparel,0
T00394,C0040,2469.22,2026-08-04 13:25:00,Pune,Flipkart,E-commerce,0
T02744,C0275,5297.38,2026-08-04 13:25:00,Chennai,Zara,Apparel,0
T06804,C0681,3322.62,2026-08-04 13:26:00,,Zara,Apparel,0
T02924,C0293,3147.57,2026-08-04 13:28:00,Goa,Flipkart,E-commerce,0
T08344,C0835,2277.66,2026-08-04 13:30:00,Goa,Max,Apparel,0
T01834,C0184,5703.64,2026-08-04 13:30:00,Goa,Big Chill,Restaurant,0
T07244,C0725,2347.46,2026-08-04 13:31:00,Bengaluru,Reliance,Retail,0
T01224,C0123,3294.21,2026-08-04 13:33:00,Kolkata,Max,Apparel,0
T04634,C0464,2038.13,2026-08-04 13:34:00,Chennai,Max,Apparel,0
T07924,C0793,2335.55,2026-08-04 13:36:00,Chennai,Zara,Apparel,0
T09474,C0948,2459.03,2026-08-04 13:37:00,Goa,Flipkart,E-commerce,0
T08894,C0890,3401.72,2026-08-04 13:37:00,Kolkata,Amazon,E-commerce,0
T06114,C0612,457.99,2026-08-04 13:38:00,Bengaluru,H&M,Apparel,0
T03884,C0389,1063.91,2026-08-04 13:38:00,Chennai,Big Chill,Restaurant,0
T04594,C0460,3932.11,2026-08-04 13:38:00,Pune,H&M,Apparel,0
T02114,C0212,5165.7,2026-08-04 13:40:00,Mumbai,Zara,Apparel,0
T08364,C0837,2922.53,2026-08-04 13:41:00,Pune,Big Chill,Restaurant,0
T08104,C0811,2678.81,2026-08-04 13:42:00,Pune,Spar,Grocery,0
T04824,C0483,1473.24,2026-08-04 13:43:00,Pune,Spar,Grocery,0
T05024,C0503,1311.7,2026-08-04 13:44:00,Delhi,Amazon,E-commerce,0
T04234,C0424,5885.03,2026-08-04 13:44:00,Delhi,Burger King,Restaurant,0
T05054,C0506,2091.93,2026-08-04 13:44:00,Hyderabad,Reliance,Retail,0
T08494,C0850,1824.04,2026-08-04 13:46:00,Goa,Reliance,Retail,0
T05654,C0566,5254.75,2026-08-04 13:48:00,Goa,Zara,Apparel,0
T00964,C0097,1522.79,2026-08-04 13:48:00,Mumbai,Myntra,E-commerce,0
T05264,C0527,743.16,2026-08-04 13:49:00,Hyderabad,Zara,Apparel,0
T04344,C0435,2245.66,2026-08-04 13:50:00,Delhi,Amazon,E-commerce,0
T00184,C0019,761.64,2026-08-04 13:50:00,Bengaluru,Flipkart,E-commerce,0
T03134,C0314,6017.75,2026-08-04 13:52:00,Goa,Zara,Apparel,0
T07544,C0755,1138.03,2026-08-04 13:52:00,Hyderabad,,Restaurant,0
T01824,C0183,4335.89,2026-08-04 13:55:00,,H&M,Apparel,0
T01034,C0104,1533.28,2026-08-04 13:56:00,Kolkata,Flipkart,E-commerce,0
T08024,C0803,610.04,2026-08-04 13:59:00,Delhi,Flipkart,E-commerce,0
T00724,C0073,903.0,2026-08-04 13:59:00,Hyderabad,Reliance,Retail,0
T08774,C0878,545.87,2026-08-04 14:00:00,Bengaluru,Burger King,Restaurant,0
T08704,C0871,5135.21,2026-08-04 14:00:00,,,E-commerce,0
T04724,C0473,1612.46,2026-08-04 14:00:00,Mumbai,Zara,Apparel,0
T00264,C0027,2869.34,2026-08-04 14:00:00,Goa,Flipkart,E-commerce,0
T04334,C0434,1607.49,2026-08-04 14:00:00,Pune,Zara,Apparel,0
T09564,C0957,3019.91,2026-08-04 14:01:00,Goa,Burger King,Restaurant,0
T07434,C0744,4403.15,2026-08-04 14:01:00,Hyderabad,Spar,Grocery,0
T09204,C0921,6065.23,2026-08-04 14:03:00,Pune,Spar,Grocery,0
T07674,C0768,885.8,2026-08-04 14:03:00,Bengaluru,Zara,Apparel,0
T07704,C0771,3587.97,2026-08-04 14:03:00,Chennai,Spar,Grocery,0
T09364,C0937,2886.36,2026-08-04 14:03:00,Chennai,Myntra,E-commerce,0
T08754,C0876,3820.21,2026-08-04 14:04:00,Goa,Amazon,E-commerce,0
T04114,C0412,926.64,2026-08-04 14:04:00,Bengaluru,Myntra,E-commerce,0
T08274,C0828,2707.59,2026-08-04 14:06:00,Hyderabad,H&M,Apparel,0
T02934,C0294,4586.42,2026-08-04 14:07:00,Hyderabad,Spar,Grocery,0
T04934,C0494,3800.81,2026-08-04 14:09:00,Mumbai,Max,Apparel,0
T08944,C0895,3903.42,2026-08-04 14:10:00,Kolkata,Burger King,Restaurant,0
T09264,C0927,2465.19,2026-08-04 14:11:00,Bengaluru,Spar,Grocery,0
T03284,C0329,1671.14,2026-08-04 14:11:00,,Amazon,E-commerce,0
T06474,C0648,5221.74,2026-08-04 14:12:00,Goa,Big Chill,Restaurant,0
T00284,C0029,3325.08,2026-08-04 14:13:00,Delhi,Amazon,E-commerce,0
T09914,C0992,2142.53,2026-08-04 14:15:00,Goa,Burger King,Restaurant,0
T09784,C0979,4156.7,2026-08-04 14:16:00,Pune,Reliance,Retail,0
T04204,C0421,3037.8,2026-08-04 14:17:00,Kolkata,Myntra,E-commerce,0
T08154,C0816,3887.86,2026-08-04 14:18:00,Hyderabad,Max,Apparel,0
T09194,C0920,2193.8,2026-08-04 14:20:00,,Flipkart,E-commerce,0
T00474,C0048,640.75,2026-08-04 14:22:00,Mumbai,Big Chill,Restaurant,0
T02194,C0220,1716.27,2026-08-04 14:23:00,Mumbai,Big Chill,Restaurant,0
T04754,C0476,2839.96,2026-08-04 14:25:00,Pune,H&M,Apparel,0
T08764,C0877,2237.36,2026-08-04 14:25:00,Kolkata,Reliance,Retail,0
T00814,C0082,855.81,2026-08-04 14:27:00,Delhi,Zara,Apparel,0
T04504,C0451,7073.24,2026-08-04 14:27:00,Hyderabad,Burger King,Restaurant,0
T05594,C0560,2834.84,2026-08-04 14:29:00,Goa,Zara,Apparel,0
T04964,C0497,2123.7,2026-08-04 14:30:00,Pune,Amazon,E-commerce,0
T04714,C0472,891.3,2026-08-04 14:31:00,Pune,Amazon,E-commerce,0
T09734,C0974,2138.39,2026-08-04 14:31:00,Bengaluru,Big Chill,Restaurant,0
T02664,C0267,2208.63,2026-08-04 14:34:00,Chennai,Spar,Grocery,0
T05314,C0532,3430.87,2026-08-04 14:34:00,Bengaluru,Burger King,Restaurant,0
T02714,C0272,1283.28,2026-08-04 14:36:00,Goa,H&M,Apparel,0
T03244,C0325,3151.49,2026-08-04 14:37:00,Bengaluru,H&M,Apparel,0
T08174,C0818,2037.77,2026-08-04 14:37:00,Bengaluru,Big Chill,Restaurant,0
T05574,C0558,2781.42,2026-08-04 14:38:00,Chennai,Myntra,E-commerce,0
T04614,C0462,2054.06,2026-08-04 14:38:00,Bengaluru,Spar,Grocery,0
T03704,C0371,1757.35,2026-08-04 14:39:00,Goa,Myntra,E-commerce,0
T00924,C0093,4743.98,2026-08-04 14:39:00,Kolkata,Reliance,Retail,0
T01144,C0115,3932.68,2026-08-04 14:39:00,Chennai,Reliance,Retail,0
T06994,C0700,1365.17,2026-08-04 14:41:00,Mumbai,Myntra,E-commerce,0
T09064,C0907,2029.19,2026-08-04 14:42:00,Kolkata,Max,Apparel,0
T01664,C0167,619.02,2026-08-04 14:43:00,Delhi,Myntra,E-commerce,0
T05514,C0552,2363.7,2026-08-04 14:44:00,Goa,Burger King,Restaurant,0
T04404,C0441,3779.8,2026-08-04 14:46:00,Mumbai,Zara,Apparel,0
T02174,C0218,3511.57,2026-08-04 14:46:00,Pune,Big Chill,Restaurant,0
T00454,C0046,2135.06,2026-08-04 14:46:00,Pune,Max,Apparel,0
T06234,C0624,2958.56,2026-08-04 14:47:00,Pune,Amazon,E-commerce,0
T00974,C0098,3141.03,2026-08-04 14:49:00,Chennai,Max,Apparel,0
T00854,C0086,1173.59,2026-08-04 14:49:00,Pune,Spar,Grocery,0
T02904,C0291,7033.02,2026-08-04 14:50:00,,Max,Apparel,0
T08824,C0883,1651.7,2026-08-04 14:51:00,Hyderabad,Big Chill,Restaurant,0
T09254,C0926,3049.56,2026-08-04 14:51:00,Chennai,Zara,Apparel,0
T01994,C0200,4290.29,2026-08-04 14:52:00,Pune,Myntra,E-commerce,0
T02104,C0211,4334.73,2026-08-04 14:55:00,Pune,Max,Apparel,0
T03994,C0400,3103.26,2026-08-04 14:55:00,Delhi,H&M,Apparel,0
T09534,C0954,3863.58,2026-08-04 14:56:00,Delhi,H&M,Apparel,0
T09594,C0960,2184.68,2026-08-04 14:57:00,Goa,Reliance,Retail,0
T05364,C0537,2318.07,2026-08-04 14:58:00,,Spar,Grocery,0
T00524,C0053,3754.13,2026-08-04 14:59:00,Delhi,Big Chill,Restaurant,0
T04854,C0486,1128.42,2026-08-04 15:03:00,Kolkata,Amazon,E-commerce,0
T02914,C0292,849.91,2026-08-04 15:03:00,Delhi,Burger King,Restaurant,0
T09574,C0958,1275.48,2026-08-04 15:04:00,Pune,Big Chill,Restaurant,0
T02244,C0225,4750.41,2026-08-04 15:04:00,Pune,Max,Apparel,0
T04974,C0498,2104.12,2026-08-04 15:05:00,Chennai,Amazon,E-commerce,0
T03264,C0327,989.52,2026-08-04 15:05:00,Hyderabad,Flipkart,E-commerce,0
T09524,C0953,2922.28,2026-08-04 15:08:00,Pune,Spar,Grocery,0
T09314,C0932,2891.34,2026-08-04 15:09:00,Kolkata,Reliance,Retail,0
T00644,C0065,2440.07,2026-08-04 15:09:00,Goa,Flipkart,E-commerce,0
T06564,C0657,1023.74,2026-08-04 15:11:00,Goa,Reliance,Retail,0
T08614,C0862,715.45,2026-08-04 15:11:00,Mumbai,Flipkart,E-commerce,0
T07614,C0762,2258.24,2026-08-04 15:12:00,Delhi,Max,Apparel,0
T00774,C0078,2803.23,2026-08-04 15:12:00,Delhi,Burger King,Restaurant,0
T08654,C0866,3232.28,2026-08-04 15:13:00,Mumbai,Flipkart,E-commerce,0
T03624,C0363,2821.11,2026-08-04 15:13:00,Chennai,Max,Apparel,0
T09134,C0914,1169.72,2026-08-04 15:13:00,Bengaluru,Burger King,Restaurant,0
T06174,C0618,5499.01,2026-08-04 15:13:00,Kolkata,Zara,Apparel,0
T01284,C0129,708.77,2026-08-04 15:14:00,Hyderabad,Reliance,Retail,0
T01804,C0181,1876.38,2026-08-04 15:14:00,Goa,Flipkart,E-commerce,0
T07764,C0777,2428.59,2026-08-04 15:16:00,Chennai,Amazon,E-commerce,0
T05804,C0581,2248.81,2026-08-04 15:17:00,Hyderabad,Reliance,Retail,0
T09504,C0951,4049.47,2026-08-04 15:17:00,Pune,Burger King,Restaurant,0
T01674,C0168,2891.71,2026-08-04 15:18:00,Bengaluru,Flipkart,E-commerce,0
T02074,C0208,630.09,2026-08-04 15:18:00,Bengaluru,Zara,Apparel,0
T06274,C0628,4323.85,2026-08-04 15:18:00,Mumbai,Amazon,E-commerce,0
T01894,C0190,3545.01,2026-08-04 15:19:00,Kolkata,Flipkart,E-commerce,0
T02994,C0300,4067.92,2026-08-04 15:19:00,Mumbai,Spar,Grocery,0
T00004,C0001,886.33,2026-08-04 15:19:00,Mumbai,Myntra,E-commerce,0
T00424,C0043,4932.71,2026-08-04 15:22:00,Mumbai,Myntra,E-commerce,0
T02034,C0204,5154.84,2026-08-04 15:23:00,Bengaluru,Burger King,Restaurant,0
T09054,C0906,1721.05,2026-08-04 15:24:00,Pune,Reliance,Retail,0
T04524,C0453,1326.43,2026-08-04 15:25:00,Hyderabad,Flipkart,E-commerce,0
T00134,C0014,2235.87,2026-08-04 15:25:00,Mumbai,Zara,Apparel,0
T04364,C0437,4064.74,2026-08-04 15:26:00,Bengaluru,Spar,Grocery,0
T04264,C0427,6363.61,2026-08-04 15:28:00,Kolkata,Flipkart,E-commerce,0
T02264,C0227,6078.01,2026-08-04 15:32:00,Goa,Reliance,Retail,0
T06544,C0655,1673.92,2026-08-04 15:33:00,Chennai,Zara,Apparel,0
T08044,C0805,2074.89,2026-08-04 15:33:00,Pune,Amazon,E-commerce,0
T03864,C0387,3657.58,2026-08-04 15:34:00,Bengaluru,H&M,Apparel,0
T08424,C0843,5523.49,2026-08-04 15:35:00,Goa,Myntra,E-commerce,0
T05544,C0555,2903.68,2026-08-04 15:35:00,Hyderabad,Zara,Apparel,0
T01044,C0105,2054.62,2026-08-04 15:35:00,Kolkata,Burger King,Restaurant,0
T05464,C0547,3102.78,2026-08-04 15:36:00,Goa,Big Chill,Restaurant,0
T04514,C0452,685.48,2026-08-04 15:37:00,Chennai,Flipkart,E-commerce,0
T01634,C0164,1033.32,2026-08-04 15:37:00,Kolkata,Big Chill,Restaurant,0
T06224,C0623,1210.48,2026-08-04 15:37:00,Hyderabad,Reliance,Retail,0
T01694,C0170,3765.96,2026-08-04 15:38:00,,Big Chill,Restaurant,0
T09234,C0924,762.99,2026-08-04 15:38:00,Pune,Amazon,E-commerce,0
T05004,C0501,1569.86,2026-08-04 15:39:00,Pune,Burger King,Restaurant,0
T00024,C0003,400.05,2026-08-04 15:40:00,Chennai,Myntra,E-commerce,0
T02674,C0268,1370.47,2026-08-04 15:41:00,Chennai,Myntra,E-commerce,0
T08854,C0886,1635.55,2026-08-04 15:42:00,Mumbai,Zara,Apparel,0
T05044,C0505,1172.95,2026-08-04 15:44:00,Bengaluru,Big Chill,Restaurant,0
T07874,C0788,995.6,2026-08-04 15:44:00,Kolkata,Reliance,Retail,0
T02954,C0296,2752.42,2026-08-04 15:46:00,Bengaluru,Myntra,E-commerce,0
T07684,C0769,857.3,2026-08-04 15:47:00,Goa,,E-commerce,0
T07354,C0736,4537.72,2026-08-04 15:47:00,Pune,H&M,Apparel,0
T05894,C0590,3820.35,2026-08-04 15:47:00,Chennai,Big Chill,Restaurant,0
T00444,C0045,3851.47,2026-08-04 15:48:00,Chennai,Myntra,E-commerce,0
T05874,C0588,1215.06,2026-08-04 15:49:00,Bengaluru,Spar,Grocery,0
T06974,C0698,1207.82,2026-08-04 15:49:00,Bengaluru,Big Chill,Restaurant,0
T02494,C0250,2419.27,2026-08-04 15:50:00,Chennai,Spar,Grocery,0
T00754,C0076,3636.83,2026-08-04 15:50:00,Goa,Big Chill,Restaurant,0
T09094,C0910,1420.02,2026-08-04 15:50:00,Delhi,Flipkart,E-commerce,0
T05604,C0561,3956.33,2026-08-04 15:50:00,Kolkata,Amazon,E-commerce,0
T09004,C0901,3002.13,2026-08-04 15:54:00,Bengaluru,Flipkart,E-commerce,0
T04774,C0478,2338.84,2026-08-04 15:54:00,Hyderabad,Burger King,Restaurant,0
T04224,C0423,2353.1,2026-08-04 15:55:00,Delhi,Max,Apparel,0
T09374,C0938,3326.32,2026-08-04 15:55:00,Bengaluru,Max,Apparel,0
T03194,C0320,5996.94,2026-08-04 15:57:00,Pune,Flipkart,E-commerce,0
T07984,C0799,717.37,2026-08-04 15:57:00,Kolkata,Spar,Grocery,0
T00174,C0018,2260.74,2026-08-04 15:57:00,Pune,Spar,Grocery,0
T06624,C0663,1365.51,2026-08-04 15:58:00,Mumbai,Amazon,E-commerce,0
T09944,C0995,1410.37,2026-08-04 16:00:00,,Zara,Apparel,0
T01964,C0197,1230.68,2026-08-04 16:00:00,Mumbai,Burger King,Restaurant,0
T07444,C0745,4884.92,2026-08-04 16:01:00,Bengaluru,Max,Apparel,0
T08504,C0851,1960.39,2026-08-04 16:01:00,Hyderabad,Spar,Grocery,0
T09484,C0949,2995.12,2026-08-04 16:03:00,Bengaluru,Flipkart,E-commerce,0
T06294,C0630,5062.3,2026-08-04 16:06:00,Mumbai,Spar,Grocery,0
T01304,C0131,954.95,2026-08-04 16:06:00,Chennai,Flipkart,E-commerce,0
T06404,C0641,3676.4,2026-08-04 16:09:00,Goa,,E-commerce,0
T06414,C0642,3488.9,2026-08-04 16:09:00,Chennai,Zara,Apparel,0
T02964,C0297,833.58,2026-08-04 16:09:00,Hyderabad,Max,Apparel,0
T01844,C0185,2828.4,2026-08-04 16:09:00,Bengaluru,Zara,Apparel,0
T06064,C0607,2455.8,2026-08-04 16:10:00,Chennai,Max,Apparel,0
T06664,C0667,733.78,2026-08-04 16:11:00,Pune,Myntra,E-commerce,0
T07204,C0721,402.14,2026-08-04 16:11:00,Chennai,Amazon,E-commerce,0
T04874,C0488,1596.93,2026-08-04 16:12:00,Chennai,Reliance,Retail,0
T01424,C0143,886.13,2026-08-04 16:13:00,Bengaluru,Spar,Grocery,0
T07944,C0795,2889.04,2026-08-04 16:14:00,Goa,Max,Apparel,0
T03764,C0377,1567.97,2026-08-04 16:15:00,Chennai,Max,Apparel,0
T01254,C0126,4396.83,2026-08-04 16:16:00,Mumbai,Reliance,Retail,0
T03314,C0332,3582.65,2026-08-04 16:19:00,Kolkata,Myntra,E-commerce,0
T05844,C0585,3973.69,2026-08-04 16:19:00,Hyderabad,H&M,Apparel,0
T07814,C0782,2813.38,2026-08-04 16:20:00,Pune,Spar,Grocery,0
T06634,C0664,3940.94,2026-08-04 16:20:00,Pune,Amazon,E-commerce,0
T04554,C0456,2966.33,2026-08-04 16:24:00,Chennai,Spar,Grocery,0
T01374,C0138,5246.02,2026-08-04 16:24:00,Pune,Flipkart,E-commerce,0
T03424,C0343,4761.56,2026-08-04 16:26:00,,Myntra,E-commerce,0
T09334,C0934,2387.95,2026-08-04 16:27:00,Goa,,E-commerce,0
T05074,C0508,3969.94,2026-08-04 16:27:00,Hyderabad,Big Chill,Restaurant,0
T06794,C0680,3916.68,2026-08-04 16:27:00,Kolkata,Flipkart,E-commerce,0
T09654,C0966,1606.62,2026-08-04 16:28:00,Hyderabad,Burger King,Restaurant,0
T06284,C0629,1181.02,2026-08-04 16:28:00,Goa,,E-commerce,0
T07644,C0765,3047.45,2026-08-04 16:29:00,Delhi,Spar,Grocery,0
T03294,C0330,2230.82,2026-08-04 16:29:00,Hyderabad,Reliance,Retail,0
T08544,C0855,2107.72,2026-08-04 16:31:00,Mumbai,Amazon,E-commerce,0
T00564,C0057,3553.08,2026-08-04 16:31:00,Mumbai,Myntra,E-commerce,0
T01124,C0113,1987.04,2026-08-04 16:31:00,Delhi,Max,Apparel,0
T03324,C0333,3056.08,2026-08-04 16:31:00,Mumbai,Amazon,E-commerce,0
T00384,C0039,6725.04,2026-08-04 16:32:00,Mumbai,,E-commerce,0
T05014,C0502,701.02,2026-08-04 16:32:00,Bengaluru,Zara,Apparel,0
T03644,C0365,742.31,2026-08-04 16:34:00,Hyderabad,Max,Apparel,0
T01564,C0157,4007.18,2026-08-04 16:35:00,Pune,Reliance,Retail,0
T09624,C0963,832.66,2026-08-04 16:38:00,Kolkata,Zara,Apparel,0
T08644,C0865,1129.34,2026-08-04 16:38:00,Delhi,Amazon,E-commerce,0
T06144,C0615,511.58,2026-08-04 16:38:00,Pune,Reliance,Retail,0
T03594,C0360,3604.51,2026-08-04 16:38:00,Hyderabad,Flipkart,E-commerce,0
T01054,C0106,1868.04,2026-08-04 16:39:00,Bengaluru,Spar,Grocery,0
T07694,C0770,2130.84,2026-08-04 16:39:00,Kolkata,Flipkart,E-commerce,0
T03334,C0334,1020.48,2026-08-04 16:39:00,Pune,Spar,Grocery,0
T06164,C0617,2856.65,2026-08-04 16:40:00,Delhi,Max,Apparel,0
T01734,C0174,5919.89,2026-08-04 16:40:00,Mumbai,Amazon,E-commerce,0
T02054,C0206,2833.15,2026-08-04 16:40:00,Kolkata,Burger King,Restaurant,0
T03034,C0304,5080.07,2026-08-04 16:42:00,Delhi,Big Chill,Restaurant,0
T09154,C0916,950.21,2026-08-04 16:42:00,Delhi,Big Chill,Restaurant,0
T02204,C0221,745.33,2026-08-04 16:42:00,Hyderabad,H&M,Apparel,0
T00364,C0037,3053.48,2026-08-04 16:43:00,Delhi,Zara,Apparel,0
T06084,C0609,517.56,2026-08-04 16:45:00,Pune,Big Chill,Restaurant,0
T01014,C0102,6936.5,2026-08-04 16:45:00,Hyderabad,H&M,Apparel,0
T00664,C0067,3369.02,2026-08-04 16:47:00,Bengaluru,Reliance,Retail,0
T06054,C0606,4896.51,2026-08-04 16:49:00,Delhi,Big Chill,Restaurant,0
T04294,C0430,2289.83,2026-08-04 16:49:00,Hyderabad,H&M,Apparel,0
T05174,C0518,3005.71,2026-08-04 16:52:00,Bengaluru,Flipkart,E-commerce,0
T06034,C0604,5013.04,2026-08-04 16:54:00,Bengaluru,Spar,Grocery,0
T07114,C0712,3963.59,2026-08-04 16:55:00,Pune,Amazon,E-commerce,0
T09954,C0996,994.55,2026-08-04 16:56:00,Goa,Myntra,E-commerce,0
T08984,C0899,5011.94,2026-08-04 16:56:00,Bengaluru,Flipkart,E-commerce,0
T08054,C0806,1812.75,2026-08-04 16:57:00,Pune,H&M,Apparel,0
T07804,C0781,951.93,2026-08-04 16:58:00,Bengaluru,H&M,Apparel,0
T09644,C0965,1903.05,2026-08-04 17:01:00,Chennai,Flipkart,E-commerce,0
T03544,C0355,664.28,2026-08-04 17:02:00,Pune,Max,Apparel,0
T08514,C0852,1091.02,2026-08-04 17:04:00,Hyderabad,Burger King,Restaurant,0
T01274,C0128,3891.36,2026-08-04 17:06:00,Hyderabad,Spar,Grocery,0
T01584,C0159,1714.31,2026-08-04 17:06:00,Chennai,Zara,Apparel,0
T05354,C0536,3770.77,2026-08-04 17:06:00,Delhi,Flipkart,E-commerce,0
T06094,C0610,2053.78,2026-08-04 17:06:00,Bengaluru,Big Chill,Restaurant,0
T06854,C0686,3612.89,2026-08-04 17:07:00,Hyderabad,Myntra,E-commerce,0
T01234,C0124,4643.37,2026-08-04 17:07:00,Goa,Amazon,E-commerce,0
T06524,C0653,658.09,2026-08-04 17:07:00,Kolkata,Amazon,E-commerce,0
T00374,C0038,785.06,2026-08-04 17:08:00,Delhi,Zara,Apparel,0
T04644,C0465,4355.77,2026-08-04 17:08:00,Chennai,Amazon,E-commerce,0
T00804,C0081,2338.98,2026-08-04 17:08:00,Hyderabad,Flipkart,E-commerce,0
T03104,C0311,406.53,2026-08-04 17:08:00,,Spar,Grocery,0
T09724,C0973,4588.4,2026-08-04 17:08:00,Goa,H&M,Apparel,0
T04214,C0422,5046.73,2026-08-04 17:08:00,Bengaluru,H&M,Apparel,0
T08414,C0842,5233.38,2026-08-04 17:08:00,Pune,Amazon,E-commerce,0
T00344,C0035,6928.73,2026-08-04 17:09:00,Chennai,Amazon,E-commerce,0
T01114,C0112,3763.94,2026-08-04 17:09:00,Pune,Burger King,Restaurant,0
T03484,C0349,6406.98,2026-08-04 17:10:00,Chennai,Myntra,E-commerce,0
T07284,C0729,1849.21,2026-08-04 17:10:00,Delhi,H&M,Apparel,0
T07314,C0732,878.93,2026-08-04 17:15:00,Delhi,Myntra,E-commerce,0
T00254,C0026,911.27,2026-08-04 17:17:00,Chennai,Flipkart,E-commerce,0
T02614,C0262,1297.01,2026-08-04 17:18:00,Mumbai,Reliance,Retail,0
T09404,C0941,3032.15,2026-08-04 17:21:00,Pune,Spar,Grocery,0
T07534,C0754,1082.21,2026-08-04 17:21:00,,Big Chill,Restaurant,0
T05494,C0550,3968.64,2026-08-04 17:21:00,Kolkata,Amazon,E-commerce,0
T06594,C0660,1982.26,2026-08-04 17:22:00,Hyderabad,Reliance,Retail,0
T09104,C0911,5009.65,2026-08-04 17:24:00,Delhi,Reliance,Retail,0
T05734,C0574,1340.18,2026-08-04 17:26:00,Goa,Myntra,E-commerce,0
T00224,C0023,2833.56,2026-08-04 17:28:00,Chennai,Burger King,Restaurant,0
T05324,C0533,3016.51,2026-08-04 17:28:00,Goa,Zara,Apparel,0
T00624,C0063,846.28,2026-08-04 17:31:00,Bengaluru,Flipkart,E-commerce,0
T06264,C0627,1295.46,2026-08-04 17:32:00,Pune,Zara,Apparel,0
T07554,C0756,494.02,2026-08-04 17:33:00,Kolkata,Myntra,E-commerce,0
T08684,C0869,2722.75,2026-08-04 17:35:00,Delhi,Max,Apparel,0
T07294,C0730,2890.23,2026-08-04 17:35:00,Delhi,Reliance,Retail,0
T00164,C0017,3289.82,2026-08-04 17:36:00,Hyderabad,Spar,Grocery,0
T08264,C0827,1648.28,2026-08-04 17:37:00,Goa,Flipkart,E-commerce,0
T01704,C0171,1029.88,2026-08-04 17:37:00,Hyderabad,Spar,Grocery,0
T01164,C0117,1563.64,2026-08-04 17:38:00,Bengaluru,Burger King,Restaurant,0
T00584,C0059,2227.3,2026-08-04 17:38:00,Bengaluru,Burger King,Restaurant,0
T01454,C0146,3177.78,2026-08-04 17:41:00,Bengaluru,Zara,Apparel,0
T06754,C0676,3540.53,2026-08-04 17:42:00,Hyderabad,Big Chill,Restaurant,0
T04544,C0455,2982.55,2026-08-04 17:42:00,,Flipkart,E-commerce,0
T00704,C0071,3273.3,2026-08-04 17:43:00,Delhi,Flipkart,E-commerce,0
T08434,C0844,2420.25,2026-08-04 17:43:00,Mumbai,Zara,Apparel,0
T03734,C0374,5590.35,2026-08-04 17:43:00,Kolkata,Myntra,E-commerce,0
T06044,C0605,1715.91,2026-08-04 17:43:00,Mumbai,Max,Apparel,0
T05294,C0530,1799.38,2026-08-04 17:43:00,Pune,Flipkart,E-commerce,0
T03084,C0309,2011.35,2026-08-04 17:45:00,Kolkata,Big Chill,Restaurant,0
T09514,C0952,945.8,2026-08-04 17:46:00,Kolkata,Big Chill,Restaurant,0
T01764,C0177,3401.12,2026-08-04 17:48:00,Goa,Reliance,Retail,0
T03814,C0382,1914.37,2026-08-04 17:48:00,Chennai,Flipkart,E-commerce,0
T05424,C0543,1049.72,2026-08-04 17:49:00,Hyderabad,Spar,Grocery,0
T03944,C0395,3639.89,2026-08-04 17:49:00,Hyderabad,Reliance,Retail,0
T02044,C0205,5642.77,2026-08-04 17:50:00,Hyderabad,Max,Apparel,0
T07624,C0763,5372.49,2026-08-04 17:50:00,Kolkata,Max,Apparel,0
T09584,C0959,1607.82,2026-08-04 17:51:00,Pune,Spar,Grocery,0
T02504,C0251,1087.53,2026-08-04 17:51:00,Kolkata,Max,Apparel,0
T08464,C0847,4567.19,2026-08-04 17:52:00,Hyderabad,Zara,Apparel,0
T01944,C0195,3205.33,2026-08-04 17:53:00,Hyderabad,Amazon,E-commerce,0
T03584,C0359,2444.79,2026-08-04 17:55:00,Pune,Amazon,E-commerce,0
T05194,C0520,2380.21,2026-08-04 17:56:00,Bengaluru,Max,Apparel,0
T09184,C0919,3130.58,2026-08-04 17:56:00,Delhi,Amazon,E-commerce,0
T00904,C0091,2185.37,2026-08-04 17:57:00,Pune,Myntra,E-commerce,0
T03234,C0324,1999.88,2026-08-04 17:59:00,Delhi,H&M,Apparel,0
T09304,C0931,5678.29,2026-08-04 18:00:00,Goa,Reliance,Retail,0
T01064,C0107,686.55,2026-08-04 18:00:00,Mumbai,Big Chill,Restaurant,0
T04654,C0466,1824.19,2026-08-04 18:01:00,Hyderabad,Zara,Apparel,0
T01364,C0137,2798.05,2026-08-04 18:01:00,Bengaluru,H&M,Apparel,0
T09274,C0928,6973.41,2026-08-04 18:02:00,Bengaluru,Max,Apparel,0
T08564,C0857,2404.83,2026-08-04 18:02:00,Delhi,H&M,Apparel,0
T00874,C0088,1723.31,2026-08-04 18:02:00,Chennai,Flipkart,E-commerce,0
T05534,C0554,3911.38,2026-08-04 18:03:00,Chennai,Spar,Grocery,0
T04804,C0481,599.41,2026-08-04 18:03:00,Goa,Big Chill,Restaurant,0
T02424,C0243,3068.49,2026-08-04 18:03:00,Chennai,Burger King,Restaurant,0
T05524,C0553,4850.85,2026-08-04 18:04:00,Bengaluru,Flipkart,E-commerce,0
T00044,C0005,1503.42,2026-08-04 18:04:00,Pune,Amazon,E-commerce,0
T08374,C0838,4196.06,2026-08-04 18:04:00,Bengaluru,Big Chill,Restaurant,0
T03054,C0306,801.03,2026-08-04 18:05:00,Kolkata,H&M,Apparel,0
T05884,C0589,1268.18,2026-08-04 18:06:00,Bengaluru,Max,Apparel,0
T04954,C0496,1138.02,2026-08-04 18:08:00,Chennai,Burger King,Restaurant,0
T06424,C0643,2506.69,2026-08-04 18:08:00,Bengaluru,Myntra,E-commerce,0
T07604,C0761,2123.39,2026-08-04 18:08:00,Hyderabad,Spar,Grocery,0
T09444,C0945,3283.73,2026-08-04 18:09:00,Bengaluru,Spar,Grocery,0
T03204,C0321,627.79,2026-08-04 18:13:00,Chennai,Zara,Apparel,0
T05754,C0576,2615.65,2026-08-04 18:13:00,Chennai,Burger King,Restaurant,0
T07364,C0737,3889.59,2026-08-04 18:13:00,Chennai,Burger King,Restaurant,0
T04814,C0482,798.66,2026-08-04 18:14:00,Bengaluru,Big Chill,Restaurant,0
T09834,C0984,5462.47,2026-08-04 18:14:00,Kolkata,Zara,Apparel,0
T05904,C0591,2403.96,2026-08-04 18:16:00,Mumbai,Spar,Grocery,0
T08794,C0880,1861.0,2026-08-04 18:16:00,Bengaluru,Spar,Grocery,0
T07514,C0752,586.95,2026-08-04 18:19:00,Bengaluru,Zara,Apparel,0
T02464,C0247,3902.51,2026-08-04 18:19:00,Kolkata,Myntra,E-commerce,0
T09084,C0909,3402.81,2026-08-04 18:21:00,Goa,Myntra,E-commerce,0
T09814,C0982,3782.8,2026-08-04 18:21:00,Pune,Flipkart,E-commerce,0
T06744,C0675,745.08,2026-08-04 18:22:00,Kolkata,H&M,Apparel,0
T07194,C0720,736.55,2026-08-04 18:22:00,Kolkata,Big Chill,Restaurant,0
T09034,C0904,755.31,2026-08-04 18:24:00,Pune,Zara,Apparel,0
T09664,C0967,4516.01,2026-08-04 18:24:00,Mumbai,Amazon,E-commerce,0
T01174,C0118,3429.67,2026-08-04 18:26:00,,Big Chill,Restaurant,0
T05964,C0597,1793.06,2026-08-04 18:29:00,Delhi,Burger King,Restaurant,0
T02444,C0245,736.98,2026-08-04 18:30:00,Mumbai,Myntra,E-commerce,0
T02804,C0281,2282.83,2026-08-04 18:30:00,Goa,H&M,Apparel,0
T04424,C0443,1659.41,2026-08-04 18:30:00,Goa,Burger King,Restaurant,0
T07884,C0789,2214.29,2026-08-04 18:32:00,Hyderabad,Big Chill,Restaurant,0
T07084,C0709,2537.29,2026-08-04 18:34:00,Kolkata,Burger King,Restaurant,0
T00734,C0074,5441.08,2026-08-04 18:35:00,Chennai,Amazon,E-commerce,0
T03154,C0316,2199.92,2026-08-04 18:36:00,Hyderabad,Spar,Grocery,0
T06764,C0677,1835.58,2026-08-04 18:37:00,Goa,Flipkart,E-commerce,0
T09794,C0980,2252.78,2026-08-04 18:37:00,Hyderabad,Myntra,E-commerce,0
T03634,C0364,3027.35,2026-08-04 18:39:00,Hyderabad,Burger King,Restaurant,0
T00574,C0058,6917.0,2026-08-04 18:39:00,Hyderabad,Spar,Grocery,0
T02594,C0260,929.8,2026-08-04 18:40:00,Goa,Myntra,E-commerce,0
T00504,C0051,2365.31,2026-08-04 18:42:00,Chennai,Big Chill,Restaurant,0
T08184,C0819,3754.65,2026-08-04 18:42:00,Pune,Spar,Grocery,0
T05374,C0538,4525.59,2026-08-04 18:42:00,Delhi,Big Chill,Restaurant,0
T04474,C0448,4263.56,2026-08-04 18:44:00,Pune,Amazon,E-commerce,0
T03274,C0328,3216.28,2026-08-04 18:44:00,Delhi,Amazon,E-commerce,0
T07574,C0758,1695.42,2026-08-04 18:44:00,,Max,Apparel,0
T05434,C0544,2940.12,2026-08-04 18:45:00,Kolkata,Reliance,Retail,0
T07714,C0772,2922.63,2026-08-04 18:45:00,Hyderabad,Big Chill,Restaurant,0
T04864,C0487,6006.22,2026-08-04 18:45:00,Delhi,Myntra,E-commerce,0
T09414,C0942,4235.0,2026-08-04 18:47:00,Pune,,Retail,0
T04374,C0438,913.22,2026-08-04 18:50:00,Pune,Burger King,Restaurant,0
T06924,C0693,4643.86,2026-08-04 18:50:00,Goa,Reliance,Retail,0
T07064,C0707,639.44,2026-08-04 18:51:00,Mumbai,Big Chill,Restaurant,0
T05854,C0586,819.6,2026-08-04 18:51:00,,Burger King,Restaurant,0
T08144,C0815,3930.12,2026-08-04 18:52:00,Hyderabad,Myntra,E-commerce,0
T01334,C0134,3606.99,2026-08-04 18:53:00,Pune,Big Chill,Restaurant,0
T01594,C0160,2243.64,2026-08-04 18:53:00,Delhi,,Apparel,0
T05414,C0542,1955.85,2026-08-04 18:53:00,Bengaluru,Max,Apparel,0
T01514,C0152,3639.11,2026-08-04 18:53:00,Chennai,Amazon,E-commerce,0
T04074,C0408,2135.31,2026-08-04 18:54:00,Hyderabad,Zara,Apparel,0
T00954,C0096,751.21,2026-08-04 18:54:00,Pune,Amazon,E-commerce,0
T00144,C0015,2749.15,2026-08-04 18:55:00,Goa,Flipkart,E-commerce,0
T06884,C0689,3459.09,2026-08-04 18:56:00,Kolkata,Big Chill,Restaurant,0
T05064,C0507,691.78,2026-08-04 18:59:00,Hyderabad,Myntra,E-commerce,0
T00744,C0075,5345.68,2026-08-04 18:59:00,Goa,,E-commerce,0
T02794,C0280,1614.19,2026-08-04 19:00:00,Mumbai,Flipkart,E-commerce,0
T02844,C0285,501.29,2026-08-04 19:02:00,Kolkata,Myntra,E-commerce,0
T08004,C0801,3139.66,2026-08-04 19:03:00,Mumbai,Burger King,Restaurant,0
T04194,C0420,413.04,2026-08-04 19:04:00,Goa,Myntra,E-commerce,0
T06514,C0652,4419.98,2026-08-04 19:05:00,Kolkata,H&M,Apparel,0
T02084,C0209,2163.81,2026-08-04 19:05:00,Delhi,Amazon,E-commerce,0
T01544,C0155,1349.03,2026-08-04 19:07:00,Chennai,Big Chill,Restaurant,0
T01474,C0148,673.68,2026-08-04 19:07:00,Bengaluru,Zara,Apparel,0
T08784,C0879,1533.78,2026-08-04 19:09:00,Hyderabad,Reliance,Retail,0
T08964,C0897,3674.23,2026-08-04 19:09:00,Pune,Big Chill,Restaurant,0
T06074,C0608,293.07,2026-08-04 19:11:00,Mumbai,Zara,Apparel,0
T00984,C0099,5451.95,2026-08-04 19:11:00,Mumbai,Flipkart,E-commerce,0
T07404,C0741,1413.47,2026-08-04 19:12:00,Kolkata,Amazon,E-commerce,0
T04124,C0413,4614.03,2026-08-04 19:12:00,Chennai,Myntra,E-commerce,0
T09174,C0918,1048.63,2026-08-04 19:15:00,Mumbai,Max,Apparel,0
T08574,C0858,6646.01,2026-08-04 19:15:00,,Reliance,Retail,0
T00684,C0069,2185.13,2026-08-04 19:20:00,Goa,Burger King,Restaurant,0
T05794,C0580,4846.22,2026-08-04 19:21:00,Bengaluru,Burger King,Restaurant,0
T02224,C0223,3266.54,2026-08-04 19:21:00,Bengaluru,Amazon,E-commerce,0
T07844,C0785,550.17,2026-08-04 19:26:00,Delhi,Reliance,Retail,0
T03014,C0302,892.29,2026-08-04 19:28:00,Kolkata,Reliance,Retail,0
T07824,C0783,2734.27,2026-08-04 19:31:00,Chennai,Flipkart,E-commerce,0
T08694,C0870,3327.53,2026-08-04 19:32:00,Chennai,Max,Apparel,0
T03804,C0381,919.58,2026-08-04 19:33:00,Pune,Zara,Apparel,0
T04844,C0485,3301.37,2026-08-04 19:34:00,Goa,Max,Apparel,0
T06504,C0651,1684.76,2026-08-04 19:34:00,Bengaluru,Flipkart,E-commerce,0
T07344,C0735,1383.6,2026-08-04 19:35:00,Delhi,Max,Apparel,0
T07754,C0776,2251.68,2026-08-04 19:35:00,Mumbai,Amazon,E-commerce,0
T08124,C0813,2278.33,2026-08-04 19:36:00,Kolkata,Burger King,Restaurant,0
T02414,C0242,2445.81,2026-08-04 19:37:00,Bengaluru,Burger King,Restaurant,0
T00994,C0100,564.37,2026-08-04 19:39:00,Kolkata,Burger King,Restaurant,0
T03794,C0380,954.4,2026-08-04 19:39:00,Hyderabad,Zara,Apparel,0
T04484,C0449,4288.03,2026-08-04 19:39:00,Mumbai,Reliance,Retail,0
T01684,C0169,2989.49,2026-08-04 19:40:00,Kolkata,Reliance,Retail,0
T04834,C0484,2543.82,2026-08-04 19:41:00,Kolkata,Burger King,Restaurant,0
T08814,C0882,5919.47,2026-08-04 19:42:00,Hyderabad,H&M,Apparel,0
T07224,C0723,2576.12,2026-08-04 19:43:00,Bengaluru,Reliance,Retail,0
T06244,C0625,936.35,2026-08-04 19:44:00,Pune,Big Chill,Restaurant,0
T05164,C0517,2400.23,2026-08-04 19:47:00,Mumbai,Big Chill,Restaurant,0
T03144,C0315,6706.1,2026-08-04 19:47:00,Hyderabad,Big Chill,Restaurant,0
T00654,C0066,1573.42,2026-08-04 19:47:00,Bengaluru,Flipkart,E-commerce,0
T02474,C0248,2622.08,2026-08-04 19:49:00,Pune,Burger King,Restaurant,0
T01754,C0176,3674.41,2026-08-04 19:50:00,Kolkata,H&M,Apparel,0
T03774,C0378,4373.27,2026-08-04 19:51:00,Hyderabad,Spar,Grocery,0
T03724,C0373,2358.15,2026-08-04 19:54:00,Bengaluru,Big Chill,Restaurant,0
T01574,C0158,1829.74,2026-08-04 19:54:00,Pune,Max,Apparel,0
T02894,C0290,3667.59,2026-08-04 19:54:00,Kolkata,Burger King,Restaurant,0
T01394,C0140,1250.04,2026-08-04 19:58:00,Mumbai,Zara,Apparel,0
T09904,C0991,2591.33,2026-08-04 19:58:00,Pune,Reliance,Retail,0
T06194,C0620,1150.29,2026-08-04 19:59:00,Delhi,Zara,Apparel,0
T02004,C0201,1244.82,2026-08-04 19:59:00,,H&M,Apparel,0
T04014,C0402,3981.88,2026-08-04 20:00:00,Goa,Reliance,Retail,0
T08134,C0814,3096.77,2026-08-04 20:00:00,Mumbai,Spar,Grocery,0
T09214,C0922,1842.07,2026-08-04 20:01:00,Mumbai,Burger King,Restaurant,0
T03904,C0391,3984.87,2026-08-04 20:02:00,Bengaluru,Amazon,E-commerce,0
T00464,C0047,2702.2,2026-08-04 20:02:00,Bengaluru,Reliance,Retail,0
T07124,C0713,6116.63,2026-08-04 20:02:00,Mumbai,,Apparel,0
T05684,C0569,1322.57,2026-08-04 20:03:00,Chennai,H&M,Apparel,0
T04574,C0458,3223.24,2026-08-04 20:04:00,Chennai,Burger King,Restaurant,0
T05484,C0549,2111.95,2026-08-04 20:05:00,Chennai,Spar,Grocery,0
T06394,C0640,4057.2,2026-08-04 20:05:00,Kolkata,Myntra,E-commerce,0
T08864,C0887,6742.83,2026-08-04 20:05:00,Goa,Zara,Apparel,0
T08604,C0861,828.74,2026-08-04 20:05:00,Goa,Spar,Grocery,0
T04164,C0417,4019.24,2026-08-04 20:06:00,Mumbai,Myntra,E-commerce,0
T05694,C0570,2716.89,2026-08-04 20:07:00,Delhi,Burger King,Restaurant,0
T06154,C0616,1233.82,2026-08-04 20:09:00,Delhi,Flipkart,E-commerce,0
T00324,C0033,3302.67,2026-08-04 20:09:00,Kolkata,Flipkart,E-commerce,0
T07734,C0774,1251.39,2026-08-04 20:10:00,Goa,Big Chill,Restaurant,0
T06494,C0650,3002.95,2026-08-04 20:11:00,Pune,Amazon,E-commerce,0
T01774,C0178,2983.46,2026-08-04 20:11:00,Delhi,Max,Apparel,0
T08954,C0896,718.73,2026-08-04 20:12:00,Pune,Reliance,Retail,0
T08744,C0875,1667.02,2026-08-04 20:12:00,Goa,Myntra,E-commerce,0
T08404,C0841,6369.9,2026-08-04 20:15:00,Pune,Spar,Grocery,0
T06214,C0622,2650.25,2026-08-04 20:15:00,Kolkata,Burger King,Restaurant,0
T06104,C0611,672.73,2026-08-04 20:16:00,Chennai,Max,Apparel,0
T04104,C0411,2484.98,2026-08-04 20:17:00,Kolkata,Flipkart,E-commerce,0
T01154,C0116,1644.36,2026-08-04 20:18:00,Chennai,Flipkart,E-commerce,0
T06354,C0636,2823.48,2026-08-04 20:18:00,Delhi,Spar,Grocery,0
T05954,C0596,5795.72,2026-08-04 20:21:00,Chennai,Max,Apparel,0
T03654,C0366,3257.05,2026-08-04 20:21:00,Goa,,E-commerce,0
T05224,C0523,749.27,2026-08-04 20:25:00,Kolkata,Big Chill,Restaurant,0
T09684,C0969,2632.69,2026-08-04 20:25:00,Hyderabad,Flipkart,E-commerce,0
T06694,C0670,3339.03,2026-08-04 20:26:00,Pune,Spar,Grocery,0
T09394,C0940,769.39,2026-08-04 20:29:00,Pune,Max,Apparel,0
T04494,C0450,1339.48,2026-08-04 20:29:00,Delhi,Big Chill,Restaurant,0
T05864,C0587,5278.94,2026-08-04 20:30:00,Delhi,H&M,Apparel,0
T00594,C0060,5081.09,2026-08-04 20:32:00,Hyderabad,Burger King,Restaurant,0
T08034,C0804,3308.01,2026-08-04 20:34:00,Kolkata,Zara,Apparel,0
T01554,C0156,4439.76,2026-08-04 20:34:00,Bengaluru,Reliance,Retail,0
T05244,C0525,2421.74,2026-08-04 20:35:00,Hyderabad,Max,Apparel,0
T00944,C0095,4826.74,2026-08-04 20:35:00,Mumbai,Big Chill,Restaurant,0
T08634,C0864,2174.81,2026-08-04 20:35:00,Chennai,,E-commerce,0
T07784,C0779,2367.62,2026-08-04 20:35:00,Chennai,H&M,Apparel,0
T04064,C0407,3758.9,2026-08-04 20:36:00,,Spar,Grocery,0
T04054,C0406,4864.6,2026-08-04 20:37:00,Hyderabad,Flipkart,E-commerce,0
T05084,C0509,319.53,2026-08-04 20:37:00,Hyderabad,,E-commerce,0
T07454,C0746,2599.64,2026-08-04 20:37:00,Goa,Amazon,E-commerce,0
T00864,C0087,3406.49,2026-08-04 20:38:00,Mumbai,Flipkart,E-commerce,0
T00784,C0079,2662.07,2026-08-04 20:39:00,Hyderabad,Amazon,E-commerce,0
T06654,C0666,2118.12,2026-08-04 20:41:00,Hyderabad,Amazon,E-commerce,0
T04704,C0471,4357.47,2026-08-04 20:42:00,Mumbai,Reliance,Retail,0
T06334,C0634,1179.51,2026-08-04 20:42:00,Pune,H&M,Apparel,0
T06584,C0659,759.07,2026-08-04 20:44:00,Kolkata,Flipkart,E-commerce,0
T09384,C0939,3230.22,2026-08-04 20:45:00,Kolkata,Zara,Apparel,0
T09024,C0903,3214.88,2026-08-04 20:46:00,Delhi,Reliance,Retail,0
T04884,C0489,463.23,2026-08-04 20:46:00,Goa,Spar,Grocery,0
T09694,C0970,1814.57,2026-08-04 20:46:00,Bengaluru,Myntra,E-commerce,0
T02764,C0277,702.45,2026-08-04 20:50:00,Hyderabad,Big Chill,Restaurant,0
T05944,C0595,763.54,2026-08-04 20:50:00,Mumbai,Max,Apparel,0
T04044,C0405,4323.89,2026-08-04 20:52:00,Delhi,Flipkart,E-commerce,0
T06944,C0695,6776.74,2026-08-04 20:53:00,Chennai,,Restaurant,0
T08324,C0833,887.78,2026-08-04 20:55:00,Mumbai,Myntra,E-commerce,0
T06324,C0633,2694.83,2026-08-04 20:55:00,Kolkata,Flipkart,E-commerce,0
T05204,C0521,973.46,2026-08-04 20:56:00,Chennai,Flipkart,E-commerce,0
T07474,C0748,1635.68,2026-08-04 20:56:00,Bengaluru,Amazon,E-commerce,0
T02364,C0237,5346.64,2026-08-04 20:57:00,Bengaluru,Amazon,E-commerce,0
T05764,C0577,1715.83,2026-08-04 20:58:00,,Big Chill,Restaurant,0
T02724,C0273,1205.54,2026-08-04 20:58:00,Hyderabad,Big Chill,Restaurant,0
T01654,C0166,5430.9,2026-08-04 20:58:00,,Spar,Grocery,0
T08284,C0829,3985.48,2026-08-04 20:59:00,Pune,Big Chill,Restaurant,0
T03374,C0338,2630.47,2026-08-04 21:01:00,Hyderabad,Big Chill,Restaurant,0
T09614,C0962,3537.19,2026-08-04 21:02:00,Hyderabad,Myntra,E-commerce,0
T08594,C0860,1710.1,2026-08-04 21:02:00,Mumbai,Big Chill,Restaurant,0
T01354,C0136,2496.33,2026-08-04 21:03:00,Pune,Spar,Grocery,0
T03074,C0308,1633.36,2026-08-04 21:04:00,Pune,Spar,Grocery,0
T09544,C0955,2636.62,2026-08-04 21:04:00,Mumbai,Reliance,Retail,0
T03914,C0392,3324.64,2026-08-04 21:05:00,Goa,Spar,Grocery,0
T03784,C0379,3818.27,2026-08-04 21:05:00,Goa,Flipkart,E-commerce,0
T02874,C0288,2454.84,2026-08-04 21:06:00,Mumbai,Burger King,Restaurant,0
T07854,C0786,3466.92,2026-08-04 21:08:00,Goa,Reliance,Retail,0
T05134,C0514,1313.24,2026-08-04 21:09:00,Bengaluru,Max,Apparel,0
T03924,C0393,5689.46,2026-08-04 21:10:00,Hyderabad,Myntra,E-commerce,0
T01714,C0172,2379.23,2026-08-04 21:11:00,Chennai,Big Chill,Restaurant,0
T09604,C0961,5221.73,2026-08-04 21:12:00,Delhi,Amazon,E-commerce,0
T00544,C0055,3495.69,2026-08-04 21:18:00,Mumbai,H&M,Apparel,0
T08164,C0817,4752.3,2026-08-04 21:20:00,Goa,Big Chill,Restaurant,0
T00294,C0030,3854.51,2026-08-04 21:21:00,Hyderabad,Amazon,E-commerce,0
T05124,C0513,1542.84,2026-08-04 21:22:00,Chennai,Amazon,E-commerce,0
T05284,C0529,5053.31,2026-08-04 21:22:00,Bengaluru,Spar,Grocery,0
T02984,C0299,1542.41,2026-08-04 21:23:00,Mumbai,Max,Apparel,0
T04354,C0436,3596.59,2026-08-04 21:23:00,Mumbai,Myntra,E-commerce,0
T08074,C0808,3524.47,2026-08-04 21:23:00,Kolkata,Burger King,Restaurant,0
T01414,C0142,2154.36,2026-08-04 21:24:00,Hyderabad,Zara,Apparel,0
T02584,C0259,4450.62,2026-08-04 21:24:00,Delhi,Amazon,E-commerce,0
T08624,C0863,3989.22,2026-08-04 21:25:00,Mumbai,Max,Apparel,0
T06304,C0631,1624.16,2026-08-04 21:25:00,Mumbai,Spar,Grocery,0
T07384,C0739,2191.99,2026-08-04 21:26:00,Bengaluru,Zara,Apparel,0
T04564,C0457,1532.55,2026-08-04 21:27:00,Goa,Reliance,Retail,0
T03124,C0313,2175.81,2026-08-04 21:28:00,Mumbai,Amazon,E-commerce,0
T07744,C0775,2536.0,2026-08-04 21:28:00,Bengaluru,Flipkart,E-commerce,0
T03834,C0384,4685.25,2026-08-04 21:29:00,Kolkata,Reliance,Retail,0
T03094,C0310,3774.07,2026-08-04 21:30:00,Chennai,Flipkart,E-commerce,0
T05564,C0557,1145.8,2026-08-04 21:30:00,Bengaluru,Flipkart,E-commerce,0
T06004,C0601,1478.66,2026-08-04 21:32:00,Pune,Flipkart,E-commerce,0
T02704,C0271,2721.0,2026-08-04 21:32:00,Bengaluru,Big Chill,Restaurant,0
T00694,C0070,2766.84,2026-08-04 21:33:00,,,Apparel,0
T00764,C0077,1225.04,2026-08-04 21:35:00,Bengaluru,Big Chill,Restaurant,0
T04034,C0404,4147.66,2026-08-04 21:35:00,Chennai,Burger King,Restaurant,0
T03964,C0397,5622.35,2026-08-04 21:36:00,Chennai,Zara,Apparel,0
T01294,C0130,5722.0,2026-08-04 21:36:00,Chennai,Burger King,Restaurant,0
T08094,C0810,6041.12,2026-08-04 21:37:00,Delhi,Myntra,E-commerce,0
T09864,C0987,1563.92,2026-08-04 21:38:00,,Myntra,E-commerce,0
T07184,C0719,4737.98,2026-08-04 21:38:00,Hyderabad,Amazon,E-commerce,0
T08904,C0891,6234.79,2026-08-04 21:39:00,Pune,Zara,Apparel,0
T01434,C0144,2150.98,2026-08-04 21:39:00,Mumbai,Max,Apparel,0
T03474,C0348,473.54,2026-08-04 21:39:00,Goa,Myntra,E-commerce,0
T00234,C0024,3186.18,2026-08-04 21:42:00,Bengaluru,Reliance,Retail,0
T06254,C0626,3732.44,2026-08-04 21:45:00,Goa,Big Chill,Restaurant,0
T01614,C0162,574.27,2026-08-04 21:48:00,Chennai,Zara,Apparel,0
T08454,C0846,3580.96,2026-08-04 21:49:00,Hyderabad,Reliance,Retail,0
T07994,C0800,4351.68,2026-08-04 21:49:00,Pune,Flipkart,E-commerce,0
T07904,C0791,1091.55,2026-08-04 21:51:00,Goa,Zara,Apparel,0
T07144,C0715,1715.29,2026-08-04 21:52:00,Chennai,Spar,Grocery,0
T03464,C0347,5399.09,2026-08-04 21:53:00,Goa,Burger King,Restaurant,0
T08214,C0822,341.32,2026-08-04 21:53:00,Kolkata,Flipkart,E-commerce,0
T05824,C0583,4537.45,2026-08-04 21:54:00,Chennai,Spar,Grocery,0
T09744,C0975,1019.11,2026-08-04 21:55:00,Pune,Burger King,Restaurant,0
T06574,C0658,479.63,2026-08-04 21:58:00,Kolkata,Big Chill,Restaurant,0
T02024,C0203,1334.87,2026-08-04 21:58:00,Bengaluru,Burger King,Restaurant,0
T04764,C0477,3933.94,2026-08-04 22:00:00,Pune,Burger King,Restaurant,0
T06014,C0602,4989.85,2026-08-04 22:01:00,Bengaluru,Zara,Apparel,0
T04794,C0480,1860.63,2026-08-04 22:05:00,Pune,Amazon,E-commerce,0
T03844,C0385,1415.6,2026-08-04 22:06:00,Chennai,H&M,Apparel,0
T09074,C0908,1785.61,2026-08-04 22:06:00,Delhi,Myntra,E-commerce,0
T08584,C0859,4492.7,2026-08-04 22:06:00,Delhi,H&M,Apparel,0
T02294,C0230,3273.45,2026-08-04 22:11:00,Hyderabad,Zara,Apparel,0
T01384,C0139,2062.44,2026-08-04 22:11:00,Kolkata,Amazon,E-commerce,0
T09124,C0913,4033.55,2026-08-04 22:12:00,Pune,Max,Apparel,0
T01724,C0173,3660.0,2026-08-04 22:12:00,Delhi,Spar,Grocery,0
T07834,C0784,3508.67,2026-08-04 22:14:00,Pune,H&M,Apparel,0
T07594,C0760,2526.93,2026-08-04 22:15:00,Hyderabad,Flipkart,E-commerce,0
T04434,C0444,4645.01,2026-08-04 22:15:00,Pune,Reliance,Retail,0
T06644,C0665,3099.08,2026-08-04 22:15:00,Hyderabad,,E-commerce,0
T01854,C0186,2432.89,2026-08-04 22:16:00,Goa,Myntra,E-commerce,0
T03604,C0361,3348.52,2026-08-04 22:16:00,Goa,Reliance,Retail,0
T07094,C0710,3092.37,2026-08-04 22:18:00,Mumbai,Flipkart,E-commerce,0
T02274,C0228,5787.11,2026-08-04 22:18:00,Chennai,Amazon,E-commerce,0
T05674,C0568,3187.75,2026-08-04 22:19:00,Delhi,Flipkart,E-commerce,0
T01204,C0121,2010.07,2026-08-04 22:19:00,Delhi,H&M,Apparel,0
T07964,C0797,2113.81,2026-08-04 22:20:00,Goa,Myntra,E-commerce,0
T09774,C0978,3307.38,2026-08-04 22:20:00,Delhi,Amazon,E-commerce,0
T09324,C0933,2592.75,2026-08-04 22:21:00,Chennai,,E-commerce,0
T02944,C0295,594.34,2026-08-04 22:22:00,,Big Chill,Restaurant,0
T09934,C0994,1540.32,2026-08-04 22:22:00,,,Retail,0
T05664,C0567,2608.5,2026-08-04 22:25:00,Mumbai,Flipkart,E-commerce,0
T00894,C0090,2307.45,2026-08-04 22:26:00,Bengaluru,Spar,Grocery,0
T07394,C0740,2698.99,2026-08-04 22:26:00,Chennai,H&M,Apparel,0
T02534,C0254,2781.82,2026-08-04 22:26:00,,Big Chill,Restaurant,0
T08234,C0824,5184.06,2026-08-04 22:27:00,Goa,Reliance,Retail,0
T00714,C0072,1608.98,2026-08-04 22:27:00,Chennai,Amazon,E-commerce,0
T08014,C0802,2357.2,2026-08-04 22:28:00,Hyderabad,Max,Apparel,0
T08804,C0881,1460.72,2026-08-04 22:28:00,Kolkata,Max,Apparel,0
T02304,C0231,1531.53,2026-08-04 22:30:00,Chennai,Myntra,E-commerce,0
T02814,C0282,3972.13,2026-08-04 22:31:00,Goa,Max,Apparel,0
T02754,C0276,818.18,2026-08-04 22:32:00,Chennai,Reliance,Retail,0
T08844,C0885,1700.26,2026-08-04 22:32:00,,Flipkart,E-commerce,0
T09344,C0935,3477.14,2026-08-04 22:34:00,Goa,Reliance,Retail,0
T08354,C0836,2331.13,2026-08-04 22:35:00,Delhi,Reliance,Retail,0
T00934,C0094,3862.36,2026-08-04 22:36:00,Bengaluru,Myntra,E-commerce,0
T02064,C0207,808.72,2026-08-04 22:37:00,Mumbai,Spar,Grocery,0
T09804,C0981,1348.92,2026-08-04 22:37:00,Bengaluru,Spar,Grocery,0
T06834,C0684,4783.92,2026-08-04 22:38:00,Mumbai,Reliance,Retail,0
T09224,C0923,2049.7,2026-08-04 22:38:00,Mumbai,Big Chill,Restaurant,0
T00334,C0034,3121.28,2026-08-04 22:39:00,Chennai,Zara,Apparel,0
T00834,C0084,2418.16,2026-08-04 22:39:00,Chennai,Big Chill,Restaurant,0
T09874,C0988,4445.98,2026-08-04 22:40:00,Bengaluru,Big Chill,Restaurant,0
T05504,C0551,1289.24,2026-08-04 22:41:00,Pune,Myntra,E-commerce,0
T02774,C0278,4238.6,2026-08-04 22:42:00,Chennai,Spar,Grocery,0
T04094,C0410,6207.45,2026-08-04 22:42:00,Pune,Zara,Apparel,0
T07584,C0759,3299.73,2026-08-04 22:45:00,Hyderabad,Burger King,Restaurant,0
T03824,C0383,4629.77,2026-08-04 22:48:00,Pune,Burger King,Restaurant,0
T02404,C0241,2935.42,2026-08-04 22:48:00,Mumbai,Myntra,E-commerce,0
T00204,C0021,860.26,2026-08-04 22:48:00,Hyderabad,Flipkart,E-commerce,0
T05394,C0540,2684.9,2026-08-04 22:48:00,Pune,Flipkart,E-commerce,0
T00114,C0012,4091.52,2026-08-04 22:49:00,Pune,Zara,Apparel,0
T07274,C0728,2624.71,2026-08-04 22:49:00,Bengaluru,Flipkart,E-commerce,0
T06134,C0614,3328.08,2026-08-04 22:51:00,Bengaluru,,E-commerce,0
T07504,C0751,4699.28,2026-08-04 22:52:00,Bengaluru,Max,Apparel,0
T03044,C0305,652.06,2026-08-04 22:52:00,Goa,Myntra,E-commerce,0
T03214,C0322,654.61,2026-08-04 22:52:00,Mumbai,Myntra,E-commerce,0
T00794,C0080,2456.76,2026-08-04 22:53:00,Pune,Reliance,Retail,0
T01344,C0135,551.11,2026-08-04 22:53:00,Hyderabad,Max,Apparel,0
T06604,C0661,2357.48,2026-08-04 22:54:00,Kolkata,H&M,Apparel,0
T01814,C0182,2288.46,2026-08-04 22:56:00,Bengaluru,Max,Apparel,0
T07794,C0780,2313.52,2026-08-04 22:57:00,Goa,Flipkart,E-commerce,0
T01404,C0141,2847.33,2026-08-04 22:58:00,Hyderabad,Amazon,E-commerce,0
T05984,C0599,815.29,2026-08-04 22:58:00,,Reliance,Retail,0
T04004,C0401,4535.68,2026-08-04 22:58:00,Delhi,,Restaurant,0
T07954,C0796,2729.19,2026-08-04 22:59:00,Chennai,Burger King,Restaurant,0
T01835,C0184,6340.38,2026-08-05 08:00:00,Goa,Spar,Grocery,0
T00345,C0035,4568.82,2026-08-05 08:02:00,Chennai,Flipkart,E-commerce,0
T08275,C0828,2556.48,2026-08-05 08:04:00,Hyderabad,Myntra,E-commerce,0
T00445,C0045,3992.75,2026-08-05 08:05:00,Chennai,H&M,Apparel,0
T01465,C0147,1846.01,2026-08-05 08:06:00,Hyderabad,Max,Apparel,0
T02875,C0288,3142.54,2026-08-05 08:07:00,Mumbai,Big Chill,Restaurant,0
T00235,C0024,2784.32,2026-08-05 08:09:00,Bengaluru,Flipkart,E-commerce,0
T00775,C0078,2373.42,2026-08-05 08:12:00,Delhi,H&M,Apparel,0
T00045,C0005,1711.15,2026-08-05 08:12:00,Pune,Amazon,E-commerce,0
T01725,C0173,1438.42,2026-08-05 08:13:00,Delhi,Spar,Grocery,0
T07955,C0796,4287.57,2026-08-05 08:14:00,,Myntra,E-commerce,0
T05645,C0565,510.89,2026-08-05 08:14:00,Bengaluru,Zara,Apparel,0
T02695,C0270,1114.28,2026-08-05 08:15:00,Delhi,Zara,Apparel,0
T03645,C0365,1594.85,2026-08-05 08:16:00,Hyderabad,Max,Apparel,0
T05805,C0581,4582.67,2026-08-05 08:16:00,Hyderabad,Spar,Grocery,0
T02465,C0247,3475.11,2026-08-05 08:19:00,Kolkata,Big Chill,Restaurant,0
T03415,C0342,1371.04,2026-08-05 08:24:00,Hyderabad,Zara,Apparel,0
T01415,C0142,2192.51,2026-08-05 08:24:00,Hyderabad,Zara,Apparel,0
T08405,C0841,4354.34,2026-08-05 08:24:00,Pune,Flipkart,E-commerce,0
T01555,C0156,2214.78,2026-08-05 08:25:00,Bengaluru,Reliance,Retail,0
T02475,C0248,2551.14,2026-08-05 08:27:00,Pune,Spar,Grocery,0
T07925,C0793,2507.11,2026-08-05 08:27:00,Chennai,Big Chill,Restaurant,0
T05775,C0578,809.01,2026-08-05 08:28:00,Kolkata,Zara,Apparel,0
T03225,C0323,799.59,2026-08-05 08:28:00,Mumbai,Big Chill,Restaurant,0
T07095,C0710,2160.81,2026-08-05 08:28:00,Mumbai,Flipkart,E-commerce,0
T04415,C0442,1009.02,2026-08-05 08:29:00,Mumbai,Zara,Apparel,0
T05765,C0577,752.01,2026-08-05 08:30:00,Pune,H&M,Apparel,0
T08375,C0838,1992.64,2026-08-05 08:30:00,Bengaluru,Myntra,E-commerce,0
T06045,C0605,1460.85,2026-08-05 08:31:00,Mumbai,Reliance,Retail,0
T07815,C0782,5884.98,2026-08-05 08:31:00,Pune,Big Chill,Restaurant,0
T02545,C0255,2370.92,2026-08-05 08:32:00,Bengaluru,Flipkart,E-commerce,0
T07755,C0776,2378.03,2026-08-05 08:33:00,Mumbai,Reliance,Retail,0
T02815,C0282,2536.03,2026-08-05 08:36:00,Goa,Max,Apparel,0
T02185,C0219,826.98,2026-08-05 08:36:00,,Reliance,Retail,0
T01865,C0187,2285.9,2026-08-05 08:36:00,Chennai,Myntra,E-commerce,0
T03985,C0399,2643.55,2026-08-05 08:37:00,Hyderabad,Big Chill,Restaurant,0
T04915,C0492,513.29,2026-08-05 08:37:00,Delhi,Zara,Apparel,0
T06335,C0634,597.94,2026-08-05 08:41:00,Pune,Amazon,E-commerce,0
T05955,C0596,3117.75,2026-08-05 08:43:00,Chennai,Reliance,Retail,0
T03505,C0351,3558.31,2026-08-05 08:45:00,Goa,Max,Apparel,0
T00725,C0073,1042.84,2026-08-05 08:48:00,Hyderabad,Spar,Grocery,0
T00805,C0081,4783.27,2026-08-05 08:49:00,Hyderabad,Spar,Grocery,0
T08325,C0833,312.72,2026-08-05 08:49:00,Mumbai,Myntra,E-commerce,0
T03065,C0307,5777.28,2026-08-05 08:51:00,Bengaluru,,E-commerce,0
T06225,C0623,1301.37,2026-08-05 08:54:00,Hyderabad,Amazon,E-commerce,0
T01675,C0168,2970.16,2026-08-05 08:56:00,Bengaluru,Flipkart,E-commerce,0
T00315,C0032,6261.73,2026-08-05 08:56:00,Mumbai,Max,Apparel,0
T05035,C0504,4285.74,2026-08-05 08:57:00,Goa,Reliance,Retail,0
T08085,C0809,2637.91,2026-08-05 08:58:00,Mumbai,Flipkart,E-commerce,0
T00125,C0013,1557.84,2026-08-05 08:59:00,Hyderabad,Zara,Apparel,0
T04205,C0421,2767.75,2026-08-05 09:00:00,Kolkata,,E-commerce,0
T00985,C0099,5205.81,2026-08-05 09:02:00,Mumbai,Max,Apparel,0
T09905,C0991,4576.24,2026-08-05 09:02:00,Pune,H&M,Apparel,0
T08765,C0877,3637.58,2026-08-05 09:02:00,Kolkata,Zara,Apparel,0
T03155,C0316,1344.56,2026-08-05 09:02:00,Hyderabad,H&M,Apparel,0
T06505,C0651,1537.26,2026-08-05 09:02:00,Bengaluru,Flipkart,E-commerce,0
T07715,C0772,2824.24,2026-08-05 09:03:00,Hyderabad,Big Chill,Restaurant,0
T08285,C0829,3239.06,2026-08-05 09:03:00,Pune,Max,Apparel,0
T08845,C0885,2046.51,2026-08-05 09:04:00,Kolkata,Flipkart,E-commerce,0
T07345,C0735,1144.15,2026-08-05 09:05:00,Delhi,Myntra,E-commerce,0
T08225,C0823,6219.8,2026-08-05 09:07:00,Chennai,,E-commerce,0
T06965,C0697,3617.35,2026-08-05 09:07:00,Chennai,Zara,Apparel,0
T07405,C0741,2276.62,2026-08-05 09:08:00,Kolkata,Big Chill,Restaurant,0
T03855,C0386,603.41,2026-08-05 09:08:00,Delhi,Burger King,Restaurant,0
T00825,C0083,880.24,2026-08-05 09:08:00,Delhi,Myntra,E-commerce,0
T01735,C0174,6264.38,2026-08-05 09:09:00,Mumbai,Myntra,E-commerce,0
T02345,C0235,1011.13,2026-08-05 09:09:00,Pune,Amazon,E-commerce,0
T07805,C0781,1451.76,2026-08-05 09:09:00,Bengaluru,H&M,Apparel,0
T01815,C0182,2726.22,2026-08-05 09:11:00,Bengaluru,H&M,Apparel,0
T08355,C0836,1500.29,2026-08-05 09:11:00,Delhi,Flipkart,E-commerce,0
T01105,C0111,6415.06,2026-08-05 09:12:00,Delhi,Myntra,E-commerce,0
T01305,C0131,1152.9,2026-08-05 09:14:00,,Flipkart,E-commerce,0
T05635,C0564,866.07,2026-08-05 09:15:00,Kolkata,H&M,Apparel,0
T07005,C0701,524.43,2026-08-05 09:17:00,Pune,Myntra,E-commerce,0
T09165,C0917,1286.99,2026-08-05 09:17:00,Mumbai,Myntra,E-commerce,0
T00795,C0080,1454.58,2026-08-05 09:18:00,Pune,Zara,Apparel,0
T02835,C0284,5108.96,2026-08-05 09:19:00,Hyderabad,Max,Apparel,0
T01665,C0167,879.02,2026-08-05 09:22:00,Delhi,Myntra,E-commerce,0
T02565,C0257,4892.42,2026-08-05 09:23:00,Hyderabad,Zara,Apparel,0
T04265,C0427,3168.06,2026-08-05 09:26:00,,Flipkart,E-commerce,0
T01035,C0104,2157.96,2026-08-05 09:27:00,Kolkata,Zara,Apparel,0
T04405,C0441,3765.48,2026-08-05 09:27:00,Mumbai,Spar,Grocery,0
T06285,C0629,1652.34,2026-08-05 09:27:00,Goa,Amazon,E-commerce,0
T08385,C0839,3484.66,2026-08-05 09:27:00,Chennai,Flipkart,E-commerce,0
T08125,C0813,2692.01,2026-08-05 09:30:00,Kolkata,Reliance,Retail,0
T07645,C0765,1512.96,2026-08-05 09:32:00,Delhi,Spar,Grocery,0
T03795,C0380,1661.97,2026-08-05 09:33:00,Hyderabad,Zara,Apparel,0
T06835,C0684,5490.53,2026-08-05 09:33:00,Mumbai,Reliance,Retail,0
T00695,C0070,1787.31,2026-08-05 09:34:00,Chennai,Reliance,Retail,0
T02245,C0225,4861.61,2026-08-05 09:35:00,Pune,Big Chill,Restaurant,0
T05865,C0587,6283.36,2026-08-05 09:35:00,Delhi,H&M,Apparel,0
T03685,C0369,1689.69,2026-08-05 09:36:00,Bengaluru,Max,Apparel,0
T00255,C0026,623.06,2026-08-05 09:38:00,Chennai,Zara,Apparel,0
T00355,C0036,1345.02,2026-08-05 09:39:00,Kolkata,Amazon,E-commerce,0
T04605,C0461,2892.17,2026-08-05 09:39:00,,Max,Apparel,0
T06685,C0669,1899.57,2026-08-05 09:40:00,Pune,Flipkart,E-commerce,0
T07565,C0757,5448.7,2026-08-05 09:41:00,Kolkata,Flipkart,E-commerce,0
T06095,C0610,3372.3,2026-08-05 09:42:00,Bengaluru,Myntra,E-commerce,0
T09355,C0936,1757.51,2026-08-05 09:43:00,Mumbai,H&M,Apparel,0
T06425,C0643,3521.32,2026-08-05 09:43:00,,H&M,Apparel,0
T03135,C0314,5081.85,2026-08-05 09:43:00,Goa,H&M,Apparel,0
T09955,C0996,933.98,2026-08-05 09:43:00,,Amazon,E-commerce,0
T07895,C0790,5798.03,2026-08-05 09:44:00,Mumbai,Amazon,E-commerce,0
T02265,C0227,4346.82,2026-08-05 09:44:00,Goa,,Restaurant,0
T08905,C0891,4568.57,2026-08-05 09:45:00,Pune,Zara,Apparel,0
T03805,C0381,1130.18,2026-08-05 09:45:00,Pune,Big Chill,Restaurant,0
T04145,C0415,3827.3,2026-08-05 09:45:00,Bengaluru,H&M,Apparel,0
T09655,C0966,2925.45,2026-08-05 09:46:00,Hyderabad,Myntra,E-commerce,0
T03765,C0377,1571.75,2026-08-05 09:46:00,Chennai,Max,Apparel,0
T01295,C0130,4635.2,2026-08-05 09:47:00,Chennai,Burger King,Restaurant,0
T04775,C0478,2804.39,2026-08-05 09:48:00,Hyderabad,Burger King,Restaurant,0
T02435,C0244,6661.57,2026-08-05 09:48:00,Mumbai,Myntra,E-commerce,0
T06955,C0696,1084.48,2026-08-05 09:49:00,Goa,Myntra,E-commerce,0
T06715,C0672,4584.69,2026-08-05 09:49:00,Hyderabad,Max,Apparel,0
T03975,C0398,4564.12,2026-08-05 09:50:00,Kolkata,Burger King,Restaurant,0
T09455,C0946,3922.96,2026-08-05 09:51:00,Hyderabad,H&M,Apparel,0
T02075,C0208,849.46,2026-08-05 09:51:00,Bengaluru,Zara,Apparel,0
T09525,C0953,5924.42,2026-08-05 09:54:00,Pune,Spar,Grocery,0
T04555,C0456,5412.85,2026-08-05 09:54:00,Chennai,Burger King,Restaurant,0
T03925,C0393,2674.24,2026-08-05 09:57:00,Hyderabad,Flipkart,E-commerce,0
T06915,C0692,1237.22,2026-08-05 09:57:00,Hyderabad,Spar,Grocery,0
T02755,C0276,847.02,2026-08-05 09:58:00,Chennai,Burger King,Restaurant,0
T07625,C0763,2181.63,2026-08-05 09:58:00,Kolkata,Max,Apparel,0
T09675,C0968,5223.91,2026-08-05 10:01:00,Delhi,Reliance,Retail,0
T09345,C0935,1809.91,2026-08-05 10:02:00,Goa,Reliance,Retail,0
T05365,C0537,4701.46,2026-08-05 10:03:00,Mumbai,Spar,Grocery,0
T03115,C0312,2671.52,2026-08-05 10:04:00,Mumbai,Zara,Apparel,0
T00555,C0056,6527.34,2026-08-05 10:05:00,Mumbai,Amazon,E-commerce,0
T04965,C0497,967.74,2026-08-05 10:05:00,Pune,Amazon,E-commerce,0
T01235,C0124,3689.0,2026-08-05 10:05:00,Goa,Amazon,E-commerce,0
T06405,C0641,1835.72,2026-08-05 10:06:00,Goa,Big Chill,Restaurant,0
T05185,C0519,2909.27,2026-08-05 10:06:00,Goa,Zara,Apparel,0
T01275,C0128,3840.31,2026-08-05 10:06:00,Hyderabad,Big Chill,Restaurant,0
T05335,C0534,5686.85,2026-08-05 10:07:00,Chennai,Myntra,E-commerce,0
T02865,C0287,610.57,2026-08-05 10:08:00,Kolkata,Flipkart,E-commerce,0
T08745,C0875,1530.5,2026-08-05 10:09:00,Goa,Reliance,Retail,0
T03085,C0309,2411.93,2026-08-05 10:10:00,Kolkata,Flipkart,E-commerce,0
T04695,C0470,2447.23,2026-08-05 10:10:00,Goa,Spar,Grocery,0
T06445,C0645,856.8,2026-08-05 10:10:00,Mumbai,Myntra,E-commerce,0
T04115,C0412,1135.88,2026-08-05 10:12:00,Bengaluru,Big Chill,Restaurant,0
T03265,C0327,628.24,2026-08-05 10:13:00,Hyderabad,Myntra,E-commerce,0
T05445,C0545,442.77,2026-08-05 10:13:00,Hyderabad,Reliance,Retail,0
T04295,C0430,5718.33,2026-08-05 10:13:00,,Max,Apparel,0
T04135,C0414,2666.33,2026-08-05 10:14:00,Bengaluru,Spar,Grocery,0
T06665,C0667,809.74,2026-08-05 10:15:00,Pune,Amazon,E-commerce,0
T07545,C0755,1541.99,2026-08-05 10:15:00,Hyderabad,Burger King,Restaurant,0
T01975,C0198,2703.57,2026-08-05 10:15:00,Goa,Burger King,Restaurant,0
T06875,C0688,3625.25,2026-08-05 10:18:00,Chennai,Max,Apparel,0
T09895,C0990,1987.52,2026-08-05 10:18:00,Kolkata,Amazon,E-commerce,0
T05515,C0552,2098.6,2026-08-05 10:18:00,Goa,Big Chill,Restaurant,0
T03935,C0394,1905.3,2026-08-05 10:18:00,Chennai,Big Chill,Restaurant,0
T05075,C0508,4228.71,2026-08-05 10:18:00,Hyderabad,Myntra,E-commerce,0
T06415,C0642,4608.72,2026-08-05 10:20:00,,H&M,Apparel,0
T09405,C0941,2587.95,2026-08-05 10:21:00,Pune,Spar,Grocery,0
T09585,C0959,759.52,2026-08-05 10:21:00,Pune,Spar,Grocery,0
T09385,C0939,1759.54,2026-08-05 10:21:00,Kolkata,Zara,Apparel,0
T09755,C0976,1457.52,2026-08-05 10:23:00,Delhi,Max,Apparel,0
T01055,C0106,1134.35,2026-08-05 10:25:00,Bengaluru,Spar,Grocery,0
T04125,C0413,2445.36,2026-08-05 10:25:00,Chennai,Zara,Apparel,0
T04305,C0431,4533.54,2026-08-05 10:26:00,Chennai,Reliance,Retail,0
T09215,C0922,1855.27,2026-08-05 10:26:00,Mumbai,Burger King,Restaurant,0
T02535,C0254,1671.73,2026-08-05 10:26:00,Mumbai,Big Chill,Restaurant,0
T09395,C0940,386.03,2026-08-05 10:28:00,Pune,Myntra,E-commerce,0
T03495,C0350,4051.05,2026-08-05 10:29:00,Kolkata,Burger King,Restaurant,0
T03525,C0353,3061.79,2026-08-05 10:29:00,Chennai,Myntra,E-commerce,0
T06695,C0670,2576.8,2026-08-05 10:30:00,Pune,Spar,Grocery,0
T09635,C0964,3397.95,2026-08-05 10:31:00,Pune,Reliance,Retail,0
T07275,C0728,4558.74,2026-08-05 10:31:00,Bengaluru,Flipkart,E-commerce,0
T01485,C0149,5021.69,2026-08-05 10:32:00,Goa,Big Chill,Restaurant,0
T02315,C0232,3080.97,2026-08-05 10:33:00,Pune,Amazon,E-commerce,0
T07655,C0766,2183.64,2026-08-05 10:33:00,Hyderabad,,Restaurant,0
T03665,C0367,2745.52,2026-08-05 10:34:00,Goa,Spar,Grocery,0
T00055,C0006,2173.37,2026-08-05 10:35:00,Chennai,Spar,Grocery,0
T03465,C0347,5591.44,2026-08-05 10:36:00,Goa,Burger King,Restaurant,0
T05065,C0507,499.32,2026-08-05 10:36:00,Hyderabad,,Apparel,0
T03285,C0329,1807.1,2026-08-05 10:36:00,Hyderabad,Reliance,Retail,0
T01995,C0200,1574.48,2026-08-05 10:38:00,Pune,Myntra,E-commerce,0
T09485,C0949,1937.17,2026-08-05 10:39:00,Bengaluru,Zara,Apparel,0
T08105,C0811,3792.32,2026-08-05 10:39:00,Pune,Amazon,E-commerce,0
T04465,C0447,3885.65,2026-08-05 10:40:00,Bengaluru,Zara,Apparel,0
T03595,C0360,4204.11,2026-08-05 10:41:00,Hyderabad,Flipkart,E-commerce,0
T05795,C0580,4338.04,2026-08-05 10:42:00,Bengaluru,Burger King,Restaurant,0
T05205,C0521,1979.5,2026-08-05 10:42:00,Chennai,Burger King,Restaurant,0
T00325,C0033,4748.99,2026-08-05 10:42:00,,Amazon,E-commerce,0
T01455,C0146,5671.75,2026-08-05 10:43:00,Bengaluru,H&M,Apparel,0
T07575,C0758,2736.77,2026-08-05 10:45:00,Bengaluru,H&M,Apparel,0
T07115,C0712,3589.4,2026-08-05 10:45:00,Pune,Big Chill,Restaurant,0
T09925,C0993,442.66,2026-08-05 10:46:00,Delhi,Flipkart,E-commerce,0
T05655,C0566,3269.67,2026-08-05 10:48:00,Goa,Flipkart,E-commerce,0
T02195,C0220,3227.26,2026-08-05 10:52:00,Mumbai,Big Chill,Restaurant,0
T01545,C0155,2919.75,2026-08-05 10:52:00,Chennai,Big Chill,Restaurant,0
T00595,C0060,3180.7,2026-08-05 10:53:00,Hyderabad,Amazon,E-commerce,0
T00905,C0091,3349.89,2026-08-05 10:53:00,Pune,Spar,Grocery,0
T07845,C0785,798.67,2026-08-05 10:54:00,Delhi,Amazon,E-commerce,0
T06595,C0660,1472.73,2026-08-05 10:55:00,Hyderabad,Myntra,E-commerce,0
T00165,C0017,2287.96,2026-08-05 10:56:00,Hyderabad,Spar,Grocery,0
T07395,C0740,4945.92,2026-08-05 10:57:00,Chennai,H&M,Apparel,0
T07685,C0769,971.07,2026-08-05 10:57:00,Goa,Burger King,Restaurant,0
T09565,C0957,3805.78,2026-08-05 10:58:00,Goa,Burger King,Restaurant,0
T06755,C0676,1960.25,2026-08-05 10:59:00,Hyderabad,Big Chill,Restaurant,0
T05435,C0544,1485.36,2026-08-05 10:59:00,Kolkata,Myntra,E-commerce,0
T02685,C0269,415.01,2026-08-05 10:59:00,Bengaluru,Myntra,E-commerce,0
T01695,C0170,2902.59,2026-08-05 11:01:00,Kolkata,Spar,Grocery,0
T02955,C0296,3162.21,2026-08-05 11:02:00,Bengaluru,Spar,Grocery,0
T06885,C0689,5688.95,2026-08-05 11:05:00,Kolkata,Big Chill,Restaurant,0
T00855,C0086,1870.87,2026-08-05 11:12:00,Pune,Myntra,E-commerce,0
T04245,C0425,4395.86,2026-08-05 11:12:00,Bengaluru,Max,Apparel,0
T05875,C0588,1729.43,2026-08-05 11:14:00,Bengaluru,Spar,Grocery,0
T00945,C0095,5473.12,2026-08-05 11:16:00,,Zara,Apparel,0
T04485,C0449,1801.86,2026-08-05 11:16:00,Mumbai,Reliance,Retail,0
T00915,C0092,3257.29,2026-08-05 11:16:00,Kolkata,Big Chill,Restaurant,0
T01915,C0192,485.05,2026-08-05 11:17:00,Kolkata,Big Chill,Restaurant,0
T06945,C0695,6297.45,2026-08-05 11:17:00,Chennai,Myntra,E-commerce,0
T03585,C0359,4818.47,2026-08-05 11:18:00,Pune,Amazon,E-commerce,0
T01825,C0183,3452.14,2026-08-05 11:19:00,Kolkata,Flipkart,E-commerce,0
T03745,C0375,910.57,2026-08-05 11:20:00,Kolkata,Zara,Apparel,0
T08425,C0843,2574.55,2026-08-05 11:20:00,Goa,Myntra,E-commerce,0
T05855,C0586,377.57,2026-08-05 11:20:00,Kolkata,Myntra,E-commerce,0
T09625,C0963,1011.71,2026-08-05 11:21:00,Kolkata,Big Chill,Restaurant,0
T03915,C0392,6462.97,2026-08-05 11:22:00,Goa,Myntra,E-commerce,0
T08945,C0895,3295.54,2026-08-05 11:23:00,Kolkata,Burger King,Restaurant,0
T08555,C0856,1629.38,2026-08-05 11:23:00,Hyderabad,Burger King,Restaurant,0
T02625,C0263,2237.29,2026-08-05 11:23:00,Pune,Spar,Grocery,0
T03165,C0317,1107.99,2026-08-05 11:24:00,Delhi,Spar,Grocery,0
T09065,C0907,1728.45,2026-08-05 11:26:00,Kolkata,Big Chill,Restaurant,0
T04715,C0472,374.56,2026-08-05 11:26:00,Pune,Myntra,E-commerce,0
T02355,C0236,6341.63,2026-08-05 11:26:00,Bengaluru,Flipkart,E-commerce,0
T02335,C0234,5294.04,2026-08-05 11:27:00,Mumbai,H&M,Apparel,0
T08615,C0862,858.44,2026-08-05 11:27:00,Mumbai,Burger King,Restaurant,0
T02805,C0281,1856.29,2026-08-05 11:28:00,Goa,,Apparel,0
T05745,C0575,6961.07,2026-08-05 11:29:00,Bengaluru,Max,Apparel,0
T02555,C0256,697.0,2026-08-05 11:30:00,Pune,Reliance,Retail,0
T07875,C0788,990.84,2026-08-05 11:30:00,Kolkata,Zara,Apparel,0
T08205,C0821,2958.81,2026-08-05 11:31:00,Kolkata,Flipkart,E-commerce,0
T03575,C0358,2185.03,2026-08-05 11:31:00,Goa,H&M,Apparel,0
T09545,C0955,2635.64,2026-08-05 11:34:00,Mumbai,Reliance,Retail,0
T01395,C0140,1258.85,2026-08-05 11:36:00,Mumbai,Flipkart,E-commerce,0
T04195,C0420,439.04,2026-08-05 11:36:00,Goa,Big Chill,Restaurant,0
T07375,C0738,4018.42,2026-08-05 11:37:00,Goa,H&M,Apparel,0
T08675,C0868,1243.12,2026-08-05 11:39:00,Mumbai,Myntra,E-commerce,0
T00765,C0077,1026.41,2026-08-05 11:40:00,Bengaluru,Reliance,Retail,0
T04625,C0463,1002.31,2026-08-05 11:40:00,Hyderabad,,Apparel,0
T07235,C0724,2158.88,2026-08-05 11:40:00,Goa,Spar,Grocery,0
T02295,C0230,1791.85,2026-08-05 11:42:00,Hyderabad,Amazon,E-commerce,0
T07995,C0800,4031.52,2026-08-05 11:42:00,Pune,Flipkart,E-commerce,0
T07735,C0774,552.39,2026-08-05 11:42:00,Goa,Big Chill,Restaurant,0
T06825,C0683,1650.2,2026-08-05 11:42:00,Delhi,H&M,Apparel,0
T06785,C0679,1320.66,2026-08-05 11:43:00,Hyderabad,Max,Apparel,0
T07465,C0747,2028.25,2026-08-05 11:43:00,Hyderabad,Burger King,Restaurant,0
T08685,C0869,3372.94,2026-08-05 11:43:00,Delhi,H&M,Apparel,0
T02085,C0209,2973.69,2026-08-05 11:45:00,Delhi,Myntra,E-commerce,0
T03875,C0388,5445.88,2026-08-05 11:46:00,Bengaluru,Amazon,E-commerce,0
T03455,C0346,1677.18,2026-08-05 11:46:00,Hyderabad,Max,Apparel,0
T03725,C0373,5137.82,2026-08-05 11:47:00,Bengaluru,Big Chill,Restaurant,0
T05615,C0562,1031.81,2026-08-05 11:49:00,Goa,Flipkart,E-commerce,0
T05375,C0538,4464.72,2026-08-05 11:49:00,Delhi,Big Chill,Restaurant,0
T01445,C0145,2238.93,2026-08-05 11:49:00,Pune,Flipkart,E-commerce,0
T09305,C0931,5806.91,2026-08-05 11:50:00,Goa,Flipkart,E-commerce,0
T06975,C0698,2131.72,2026-08-05 11:50:00,Bengaluru,Big Chill,Restaurant,0
T05355,C0536,4757.15,2026-08-05 11:50:00,Delhi,Reliance,Retail,0
T04005,C0401,4246.95,2026-08-05 11:50:00,,Big Chill,Restaurant,0
T00665,C0067,2819.98,2026-08-05 11:52:00,Bengaluru,Reliance,Retail,0
T06535,C0654,5945.88,2026-08-05 11:52:00,Delhi,H&M,Apparel,0
T01085,C0109,2708.64,2026-08-05 11:52:00,Kolkata,Big Chill,Restaurant,0
T05545,C0555,4118.32,2026-08-05 11:52:00,Hyderabad,Max,Apparel,0
T07475,C0748,2488.43,2026-08-05 11:53:00,Bengaluru,Big Chill,Restaurant,0
T08895,C0890,2119.47,2026-08-05 11:54:00,Kolkata,Spar,Grocery,0
T06435,C0644,1253.34,2026-08-05 11:56:00,Kolkata,Max,Apparel,0
T03435,C0344,3391.3,2026-08-05 11:58:00,Hyderabad,Spar,Grocery,0
T07205,C0721,811.18,2026-08-05 11:59:00,Chennai,Amazon,E-commerce,0
T08065,C0807,1578.83,2026-08-05 12:00:00,Mumbai,Burger King,Restaurant,0
T08635,C0864,2244.7,2026-08-05 12:01:00,Chennai,Spar,Grocery,0
T05785,C0579,1972.56,2026-08-05 12:04:00,Chennai,Big Chill,Restaurant,0
T04315,C0432,4781.37,2026-08-05 12:04:00,Chennai,Burger King,Restaurant,0
T04595,C0460,2038.66,2026-08-05 12:05:00,Pune,H&M,Apparel,0
T07425,C0743,2114.69,2026-08-05 12:05:00,Bengaluru,Reliance,Retail,0
T09995,C1000,4077.11,2026-08-05 12:06:00,Bengaluru,H&M,Apparel,0
T06845,C0685,2068.43,2026-08-05 12:07:00,Pune,Max,Apparel,0
T08195,C0820,604.5,2026-08-05 12:09:00,Chennai,Reliance,Retail,0
T07135,C0714,1565.84,2026-08-05 12:10:00,Bengaluru,Myntra,E-commerce,0
T08295,C0830,1642.84,2026-08-05 12:10:00,Goa,Spar,Grocery,0
T03895,C0390,462.98,2026-08-05 12:10:00,Bengaluru,Flipkart,E-commerce,0
T02065,C0207,1356.17,2026-08-05 12:12:00,Mumbai,Spar,Grocery,0
T00655,C0066,2637.57,2026-08-05 12:13:00,Bengaluru,H&M,Apparel,0
T06495,C0650,3309.15,2026-08-05 12:14:00,Pune,Flipkart,E-commerce,0
T00375,C0038,550.47,2026-08-05 12:14:00,Delhi,H&M,Apparel,0
T00105,C0011,604.08,2026-08-05 12:15:00,Mumbai,Flipkart,E-commerce,0
T09185,C0919,3547.65,2026-08-05 12:17:00,Delhi,Big Chill,Restaurant,0
T07495,C0750,4472.44,2026-08-05 12:19:00,Pune,Burger King,Restaurant,0
T01785,C0179,2593.9,2026-08-05 12:21:00,Bengaluru,Reliance,Retail,0
T02365,C0237,3822.63,2026-08-05 12:21:00,Bengaluru,Zara,Apparel,0
T02885,C0289,3313.74,2026-08-05 12:23:00,Delhi,Zara,Apparel,0
T06625,C0663,977.79,2026-08-05 12:23:00,Mumbai,Big Chill,Restaurant,0
T02895,C0290,1536.78,2026-08-05 12:25:00,Kolkata,Burger King,Restaurant,0
T01265,C0127,4320.48,2026-08-05 12:26:00,Bengaluru,Amazon,E-commerce,0
T03055,C0306,895.97,2026-08-05 12:26:00,Kolkata,H&M,Apparel,0
T09035,C0904,501.81,2026-08-05 12:27:00,Pune,Zara,Apparel,0
T06365,C0637,3867.04,2026-08-05 12:27:00,Pune,Burger King,Restaurant,0
T07105,C0711,1089.77,2026-08-05 12:28:00,Goa,Max,Apparel,0
T02325,C0233,1713.95,2026-08-05 12:29:00,,Myntra,E-commerce,0
T00405,C0041,5011.49,2026-08-05 12:31:00,Goa,Burger King,Restaurant,0
T02795,C0280,2150.63,2026-08-05 12:31:00,Mumbai,Myntra,E-commerce,0
T06485,C0649,3889.61,2026-08-05 12:31:00,Pune,Max,Apparel,0
T03775,C0378,6407.63,2026-08-05 12:31:00,Hyderabad,Zara,Apparel,0
T09415,C0942,1923.6,2026-08-05 12:31:00,Pune,Max,Apparel,0
T00955,C0096,1278.1,2026-08-05 12:32:00,Pune,Reliance,Retail,0
T02015,C0202,4054.96,2026-08-05 12:32:00,Kolkata,H&M,Apparel,0
T05395,C0540,2172.3,2026-08-05 12:32:00,Pune,Burger King,Restaurant,0
T00415,C0042,2211.75,2026-08-05 12:33:00,Pune,H&M,Apparel,0
T07355,C0736,2757.55,2026-08-05 12:34:00,Pune,H&M,Apparel,0
T02225,C0223,1828.29,2026-08-05 12:35:00,,Amazon,E-commerce,0
T06925,C0693,5662.27,2026-08-05 12:36:00,Goa,Flipkart,E-commerce,0
T05595,C0560,2399.33,2026-08-05 12:36:00,Goa,Spar,Grocery,0
T03345,C0335,2809.11,2026-08-05 12:36:00,Bengaluru,Zara,Apparel,0
T01505,C0151,1422.7,2026-08-05 12:36:00,Delhi,Myntra,E-commerce,0
T03905,C0391,6073.76,2026-08-05 12:37:00,Bengaluru,Myntra,E-commerce,0
T05295,C0530,1886.28,2026-08-05 12:38:00,Pune,Flipkart,E-commerce,0
T00155,C0016,2839.0,2026-08-05 12:39:00,Hyderabad,H&M,Apparel,0
T02665,C0267,2334.08,2026-08-05 12:40:00,Chennai,Amazon,E-commerce,0
T00295,C0030,5614.37,2026-08-05 12:41:00,Hyderabad,H&M,Apparel,0
T00895,C0090,2057.46,2026-08-05 12:41:00,Bengaluru,Reliance,Retail,0
T04545,C0455,1414.63,2026-08-05 12:41:00,Bengaluru,Max,Apparel,0
T05195,C0520,1902.37,2026-08-05 12:42:00,Bengaluru,Max,Apparel,0
T01075,C0108,526.23,2026-08-05 12:44:00,Pune,Zara,Apparel,0
T08215,C0822,472.18,2026-08-05 12:45:00,,Amazon,E-commerce,0
T09915,C0992,3391.12,2026-08-05 12:46:00,Goa,Reliance,Retail,0
T08245,C0825,1613.36,2026-08-05 12:48:00,Hyderabad,Big Chill,Restaurant,0
T00385,C0039,4455.05,2026-08-05 12:48:00,Mumbai,Myntra,E-commerce,0
T04425,C0443,1495.0,2026-08-05 12:52:00,Goa,Reliance,Retail,0
T02005,C0201,886.38,2026-08-05 12:54:00,Goa,Myntra,E-commerce,0
T05165,C0517,2425.15,2026-08-05 12:55:00,Mumbai,Big Chill,Restaurant,0
T07555,C0756,372.16,2026-08-05 12:56:00,Kolkata,Myntra,E-commerce,0
T07285,C0729,1415.22,2026-08-05 12:56:00,Delhi,Amazon,E-commerce,0
T00615,C0062,4949.95,2026-08-05 12:57:00,Goa,Spar,Grocery,0
T04725,C0473,1490.28,2026-08-05 12:57:00,Mumbai,Flipkart,E-commerce,0
T07535,C0754,1034.47,2026-08-05 12:58:00,Hyderabad,Big Chill,Restaurant,0
T07335,C0734,1685.1,2026-08-05 13:00:00,Hyderabad,Zara,Apparel,0
T00395,C0040,1524.59,2026-08-05 13:00:00,Pune,Flipkart,E-commerce,0
T03785,C0379,4468.72,2026-08-05 13:00:00,Goa,Flipkart,E-commerce,0
T00065,C0007,655.75,2026-08-05 13:01:00,Mumbai,Myntra,E-commerce,0
T02415,C0242,1394.6,2026-08-05 13:01:00,Bengaluru,,E-commerce,0
T04925,C0493,519.85,2026-08-05 13:02:00,Bengaluru,Max,Apparel,0
T04805,C0481,739.11,2026-08-05 13:05:00,Goa,Big Chill,Restaurant,0
T05135,C0514,2304.33,2026-08-05 13:05:00,Bengaluru,Max,Apparel,0
T07505,C0751,5725.49,2026-08-05 13:05:00,Bengaluru,Max,Apparel,0
T03955,C0396,1688.61,2026-08-05 13:06:00,Goa,Spar,Grocery,0
T06065,C0607,1917.82,2026-08-05 13:06:00,Chennai,Myntra,E-commerce,0
T07825,C0783,2553.63,2026-08-05 13:07:00,Chennai,Burger King,Restaurant,0
T07865,C0787,3089.35,2026-08-05 13:07:00,Bengaluru,Zara,Apparel,0
T00875,C0088,2438.63,2026-08-05 13:08:00,Chennai,Zara,Apparel,0
T07665,C0767,4924.02,2026-08-05 13:08:00,,H&M,Apparel,0
T01135,C0114,2458.97,2026-08-05 13:09:00,Kolkata,Flipkart,E-commerce,0
T04095,C0410,5483.32,2026-08-05 13:13:00,Pune,Zara,Apparel,0
T00215,C0022,3447.79,2026-08-05 13:13:00,Mumbai,Myntra,E-commerce,0
T02175,C0218,2610.28,2026-08-05 13:13:00,Pune,Flipkart,E-commerce,0
T02705,C0271,1795.55,2026-08-05 13:14:00,,,Restaurant,0
T02675,C0268,549.75,2026-08-05 13:14:00,Chennai,Burger King,Restaurant,0
T07365,C0737,3382.87,2026-08-05 13:14:00,Chennai,Amazon,E-commerce,0
T00785,C0079,2415.86,2026-08-05 13:15:00,Hyderabad,Amazon,E-commerce,0
T07975,C0798,3698.86,2026-08-05 13:18:00,,Big Chill,Restaurant,0
T05895,C0590,4241.51,2026-08-05 13:18:00,Chennai,Big Chill,Restaurant,0
T02495,C0250,2071.23,2026-08-05 13:19:00,Chennai,Max,Apparel,0
T08865,C0887,4024.62,2026-08-05 13:21:00,Goa,Reliance,Retail,0
T06145,C0615,1138.98,2026-08-05 13:21:00,,Burger King,Restaurant,0
T05455,C0546,2582.13,2026-08-05 13:22:00,Hyderabad,Max,Apparel,0
T09145,C0915,1623.55,2026-08-05 13:22:00,Mumbai,Myntra,E-commerce,0
T05565,C0557,1394.0,2026-08-05 13:22:00,Bengaluru,Max,Apparel,0
T04735,C0474,1068.47,2026-08-05 13:25:00,Kolkata,Amazon,E-commerce,0
T05155,C0516,1169.38,2026-08-05 13:25:00,Chennai,Flipkart,E-commerce,0
T07305,C0731,4146.72,2026-08-05 13:25:00,Hyderabad,Amazon,E-commerce,0
T00645,C0065,988.33,2026-08-05 13:25:00,Goa,Max,Apparel,0
T04035,C0404,5325.36,2026-08-05 13:26:00,Chennai,Burger King,Restaurant,0
T06005,C0601,1531.04,2026-08-05 13:27:00,Pune,Flipkart,E-commerce,0
T08815,C0882,2604.84,2026-08-05 13:28:00,Hyderabad,Amazon,E-commerce,0
T00265,C0027,2456.0,2026-08-05 13:33:00,Goa,Zara,Apparel,0
T09315,C0932,2945.7,2026-08-05 13:34:00,Kolkata,H&M,Apparel,0
T01285,C0129,674.65,2026-08-05 13:35:00,Hyderabad,H&M,Apparel,0
T08465,C0847,3976.61,2026-08-05 13:36:00,Hyderabad,Zara,Apparel,0
T07445,C0745,4676.83,2026-08-05 13:37:00,Bengaluru,H&M,Apparel,0
T04675,C0468,1154.81,2026-08-05 13:37:00,Pune,Max,Apparel,0
T06605,C0661,3789.19,2026-08-05 13:38:00,Kolkata,Myntra,E-commerce,0
T07635,C0764,1612.17,2026-08-05 13:38:00,Chennai,Big Chill,Restaurant,0
T06055,C0606,7045.83,2026-08-05 13:38:00,Delhi,Big Chill,Restaurant,0
T08575,C0858,5111.0,2026-08-05 13:39:00,Mumbai,Big Chill,Restaurant,0
T07595,C0760,5888.81,2026-08-05 13:40:00,Hyderabad,Reliance,Retail,0
T00715,C0072,1485.65,2026-08-05 13:40:00,Chennai,Amazon,E-commerce,0
T08935,C0894,1547.9,2026-08-05 13:41:00,Goa,Burger King,Restaurant,0
T01375,C0138,4323.53,2026-08-05 13:41:00,Pune,H&M,Apparel,0
T08115,C0812,2117.16,2026-08-05 13:45:00,Delhi,Spar,Grocery,0
T04235,C0424,5403.83,2026-08-05 13:46:00,Delhi,Burger King,Restaurant,0
T04885,C0489,703.32,2026-08-05 13:46:00,Goa,Burger King,Restaurant,0
T05285,C0529,5439.1,2026-08-05 13:47:00,,Spar,Grocery,0
T04015,C0402,5342.18,2026-08-05 13:47:00,,Amazon,E-commerce,0
T04375,C0438,1682.29,2026-08-05 13:47:00,Pune,Burger King,Restaurant,0
T01715,C0172,3739.83,2026-08-05 13:48:00,Chennai,Big Chill,Restaurant,0
T08155,C0816,2943.65,2026-08-05 13:49:00,Hyderabad,Max,Apparel,0
T03255,C0326,855.04,2026-08-05 13:49:00,Chennai,Reliance,Retail,0
T04535,C0454,2293.29,2026-08-05 13:50:00,Goa,Amazon,E-commerce,0
T00365,C0037,2996.25,2026-08-05 13:51:00,Delhi,Myntra,E-commerce,0
T00465,C0047,2281.38,2026-08-05 13:54:00,Bengaluru,Flipkart,E-commerce,0
T03845,C0385,3645.82,2026-08-05 13:54:00,Chennai,H&M,Apparel,0
T04515,C0452,788.17,2026-08-05 13:55:00,Chennai,Flipkart,E-commerce,0
T06995,C0700,2344.01,2026-08-05 13:55:00,Mumbai,,E-commerce,0
T06395,C0640,4958.96,2026-08-05 13:58:00,Kolkata,Reliance,Retail,0
T08605,C0861,786.85,2026-08-05 14:00:00,Goa,Amazon,E-commerce,0
T04225,C0423,6461.63,2026-08-05 14:01:00,Delhi,Max,Apparel,0
T02995,C0300,3793.04,2026-08-05 14:01:00,Mumbai,Flipkart,E-commerce,0
T07255,C0726,1429.02,2026-08-05 14:02:00,Kolkata,Flipkart,E-commerce,0
T05915,C0592,1256.76,2026-08-05 14:02:00,Mumbai,Burger King,Restaurant,0
T02255,C0226,1968.48,2026-08-05 14:02:00,Hyderabad,Big Chill,Restaurant,0
T02915,C0292,978.1,2026-08-05 14:03:00,Delhi,Amazon,E-commerce,0
T09835,C0984,3192.78,2026-08-05 14:04:00,Kolkata,Zara,Apparel,0
T01945,C0195,3311.08,2026-08-05 14:04:00,Hyderabad,Max,Apparel,0
T03535,C0354,1846.28,2026-08-05 14:06:00,Kolkata,Burger King,Restaurant,0
T04185,C0419,1246.39,2026-08-05 14:06:00,Delhi,Reliance,Retail,0
T08915,C0892,3777.41,2026-08-05 14:06:00,Kolkata,,Grocery,0
T07125,C0713,4940.93,2026-08-05 14:06:00,Mumbai,H&M,Apparel,0
T06195,C0620,1236.64,2026-08-05 14:07:00,Delhi,Flipkart,E-commerce,0
T08165,C0817,4985.13,2026-08-05 14:07:00,Goa,Big Chill,Restaurant,0
T04655,C0466,3380.1,2026-08-05 14:09:00,Hyderabad,Zara,Apparel,0
T06305,C0631,2998.96,2026-08-05 14:10:00,Mumbai,Spar,Grocery,0
T07215,C0722,4966.01,2026-08-05 14:10:00,Kolkata,Spar,Grocery,0
T05985,C0599,1301.83,2026-08-05 14:11:00,Pune,Reliance,Retail,0
T09855,C0986,3269.5,2026-08-05 14:11:00,Chennai,Reliance,Retail,0
T04835,C0484,4654.79,2026-08-05 14:11:00,Kolkata,Burger King,Restaurant,0
T04445,C0445,5180.54,2026-08-05 14:13:00,,Flipkart,E-commerce,0
T03385,C0339,3334.79,2026-08-05 14:13:00,Hyderabad,Burger King,Restaurant,0
T01405,C0141,1399.71,2026-08-05 14:16:00,Hyderabad,Spar,Grocery,0
T02945,C0295,1226.48,2026-08-05 14:17:00,Hyderabad,Big Chill,Restaurant,0
T08645,C0865,3125.89,2026-08-05 14:17:00,Delhi,Flipkart,E-commerce,0
T00135,C0014,3115.81,2026-08-05 14:18:00,Mumbai,Flipkart,E-commerce,0
T00015,C0002,2735.44,2026-08-05 14:19:00,Goa,Reliance,Retail,0
T00495,C0050,6130.53,2026-08-05 14:20:00,Chennai,Reliance,Retail,0
T08795,C0880,3296.9,2026-08-05 14:22:00,Bengaluru,Burger King,Restaurant,0
T05685,C0569,850.11,2026-08-05 14:22:00,Chennai,Zara,Apparel,0
T02775,C0278,3523.38,2026-08-05 14:23:00,,Spar,Grocery,0
T08735,C0874,4342.08,2026-08-05 14:24:00,Chennai,Myntra,E-commerce,0
T05705,C0571,4885.37,2026-08-05 14:25:00,Mumbai,Myntra,E-commerce,0
T03395,C0340,5929.18,2026-08-05 14:25:00,Bengaluru,Reliance,Retail,0
T04745,C0475,4792.49,2026-08-05 14:27:00,Pune,Flipkart,E-commerce,0
T00085,C0009,2988.55,2026-08-05 14:27:00,Mumbai,Reliance,Retail,0
T01435,C0144,5237.08,2026-08-05 14:28:00,Mumbai,Max,Apparel,0
T05695,C0570,3577.26,2026-08-05 14:28:00,Delhi,Big Chill,Restaurant,0
T00705,C0071,3424.17,2026-08-05 14:28:00,Delhi,Flipkart,E-commerce,0
T06615,C0662,3261.04,2026-08-05 14:29:00,Bengaluru,Reliance,Retail,0
T04645,C0465,2407.17,2026-08-05 14:29:00,Chennai,Spar,Grocery,0
T04795,C0480,1699.17,2026-08-05 14:30:00,Pune,H&M,Apparel,0
T02615,C0262,826.33,2026-08-05 14:33:00,Mumbai,Amazon,E-commerce,0
T09425,C0943,1566.13,2026-08-05 14:33:00,Chennai,H&M,Apparel,0
T02965,C0297,817.23,2026-08-05 14:33:00,Hyderabad,Reliance,Retail,0
T04085,C0409,2831.05,2026-08-05 14:34:00,Pune,Flipkart,E-commerce,0
T03485,C0349,2670.94,2026-08-05 14:34:00,,Myntra,E-commerce,0
T03545,C0355,1225.71,2026-08-05 14:35:00,,Big Chill,Restaurant,0
T05725,C0573,3648.59,2026-08-05 14:38:00,Delhi,Zara,Apparel,0
T04065,C0407,4563.1,2026-08-05 14:38:00,Hyderabad,Spar,Grocery,0
T02765,C0277,607.28,2026-08-05 14:39:00,Hyderabad,H&M,Apparel,0
T06035,C0604,4391.63,2026-08-05 14:40:00,Bengaluru,Big Chill,Restaurant,0
T04325,C0433,5106.39,2026-08-05 14:40:00,Hyderabad,Big Chill,Restaurant,0
T09075,C0908,2077.64,2026-08-05 14:41:00,Delhi,Max,Apparel,0
T08505,C0851,1910.91,2026-08-05 14:43:00,Hyderabad,Zara,Apparel,0
T01565,C0157,4711.12,2026-08-05 14:44:00,Pune,Reliance,Retail,0
T09535,C0954,4474.73,2026-08-05 14:48:00,Delhi,Zara,Apparel,0
T05585,C0559,1114.23,2026-08-05 14:48:00,Chennai,Flipkart,E-commerce,0
T01705,C0171,2070.96,2026-08-05 14:48:00,Hyderabad,Spar,Grocery,0
T06375,C0638,3841.01,2026-08-05 14:48:00,Delhi,Zara,Apparel,0
T04285,C0429,2197.05,2026-08-05 14:49:00,Kolkata,Zara,Apparel,0
T09195,C0920,1116.24,2026-08-05 14:49:00,Chennai,Myntra,E-commerce,0
T09745,C0975,1677.91,2026-08-05 14:49:00,Pune,Max,Apparel,0
T00545,C0055,2918.14,2026-08-05 14:50:00,Mumbai,Big Chill,Restaurant,0
T02105,C0211,2912.92,2026-08-05 14:50:00,Pune,Max,Apparel,0
T04275,C0428,1835.19,2026-08-05 14:53:00,Bengaluru,Spar,Grocery,0
T03215,C0322,693.19,2026-08-05 14:55:00,Mumbai,Myntra,E-commerce,0
T04585,C0459,962.86,2026-08-05 14:55:00,Mumbai,Burger King,Restaurant,0
T05125,C0513,1295.67,2026-08-05 14:56:00,Chennai,Reliance,Retail,0
T08545,C0855,2881.55,2026-08-05 14:58:00,Mumbai,Zara,Apparel,0
T01385,C0139,4278.01,2026-08-05 14:59:00,Kolkata,Amazon,E-commerce,0
T08005,C0801,3077.32,2026-08-05 14:59:00,Mumbai,Myntra,E-commerce,0
T01615,C0162,593.6,2026-08-05 15:02:00,Chennai,Max,Apparel,0
T04025,C0403,454.02,2026-08-05 15:03:00,Pune,Max,Apparel,0
T06105,C0611,459.69,2026-08-05 15:04:00,Chennai,Max,Apparel,0
T01095,C0110,2823.68,2026-08-05 15:05:00,Delhi,Burger King,Restaurant,0
T08585,C0859,3316.69,2026-08-05 15:06:00,Delhi,Big Chill,Restaurant,0
T01165,C0117,2353.55,2026-08-05 15:06:00,Bengaluru,Max,Apparel,0
T03655,C0366,1555.63,2026-08-05 15:07:00,Goa,Reliance,Retail,0
T02215,C0222,2618.88,2026-08-05 15:07:00,Hyderabad,Burger King,Restaurant,0
T01895,C0190,6017.82,2026-08-05 15:09:00,Kolkata,Spar,Grocery,0
T06475,C0648,3458.06,2026-08-05 15:11:00,Goa,Amazon,E-commerce,0
T06775,C0678,4417.73,2026-08-05 15:12:00,Hyderabad,Big Chill,Restaurant,0
T01245,C0125,2372.69,2026-08-05 15:12:00,Bengaluru,Spar,Grocery,0
T06325,C0633,2772.91,2026-08-05 15:12:00,Kolkata,H&M,Apparel,0
T05905,C0591,2481.89,2026-08-05 15:13:00,Mumbai,Burger King,Restaurant,0
T09205,C0921,7040.58,2026-08-05 15:13:00,Pune,Spar,Grocery,0
T03755,C0376,1163.74,2026-08-05 15:14:00,Kolkata,Burger King,Restaurant,0
T00745,C0075,3655.77,2026-08-05 15:15:00,Goa,Amazon,E-commerce,0
T02045,C0205,4505.81,2026-08-05 15:15:00,Hyderabad,Max,Apparel,0
T07015,C0702,2610.92,2026-08-05 15:16:00,Mumbai,Big Chill,Restaurant,0
T00625,C0063,1745.89,2026-08-05 15:19:00,Bengaluru,Zara,Apparel,0
T01525,C0153,3816.44,2026-08-05 15:20:00,,H&M,Apparel,0
T06815,C0682,799.89,2026-08-05 15:20:00,Bengaluru,Big Chill,Restaurant,0
T05255,C0526,2586.02,2026-08-05 15:21:00,Bengaluru,H&M,Apparel,0
T07775,C0778,3596.77,2026-08-05 15:23:00,Kolkata,Zara,Apparel,0
T08955,C0896,1152.37,2026-08-05 15:23:00,,Reliance,Retail,0
T09875,C0988,3842.1,2026-08-05 15:25:00,Bengaluru,Zara,Apparel,0
T01935,C0194,4260.46,2026-08-05 15:26:00,Mumbai,Flipkart,E-commerce,0
T04685,C0469,3944.35,2026-08-05 15:26:00,Delhi,Flipkart,E-commerce,0
T08925,C0893,3947.49,2026-08-05 15:26:00,Delhi,Max,Apparel,0
T06315,C0632,2858.84,2026-08-05 15:27:00,Bengaluru,Myntra,E-commerce,0
T08445,C0845,688.68,2026-08-05 15:27:00,Bengaluru,Zara,Apparel,0
T07585,C0759,1818.15,2026-08-05 15:28:00,Hyderabad,Max,Apparel,0
T09735,C0974,4790.6,2026-08-05 15:29:00,Bengaluru,Big Chill,Restaurant,0
T08035,C0804,2540.39,2026-08-05 15:30:00,Kolkata,Burger King,Restaurant,0
T09435,C0944,3349.17,2026-08-05 15:30:00,Delhi,,Apparel,0
T00185,C0019,1594.74,2026-08-05 15:32:00,Bengaluru,Myntra,E-commerce,0
T08785,C0879,1780.62,2026-08-05 15:33:00,Hyderabad,Reliance,Retail,0
T01755,C0176,2838.74,2026-08-05 15:36:00,Kolkata,Amazon,E-commerce,0
T02825,C0283,3263.19,2026-08-05 15:38:00,Kolkata,Burger King,Restaurant,0
T08515,C0852,1876.01,2026-08-05 15:39:00,Hyderabad,Flipkart,E-commerce,0
T03125,C0313,3514.95,2026-08-05 15:39:00,Mumbai,Burger King,Restaurant,0
T05995,C0600,2511.93,2026-08-05 15:40:00,Chennai,H&M,Apparel,0
T07145,C0715,3706.76,2026-08-05 15:41:00,Chennai,Zara,Apparel,0
T05325,C0533,2527.53,2026-08-05 15:42:00,Goa,Zara,Apparel,0
T05605,C0561,1970.5,2026-08-05 15:44:00,Kolkata,Amazon,E-commerce,0
T00335,C0034,4227.34,2026-08-05 15:46:00,Chennai,Zara,Apparel,0
T05975,C0598,4851.2,2026-08-05 15:46:00,Pune,Burger King,Restaurant,0
T06385,C0639,3054.11,2026-08-05 15:47:00,Delhi,Spar,Grocery,0
T03825,C0383,2955.71,2026-08-05 15:49:00,Pune,Flipkart,E-commerce,0
T03295,C0330,1409.27,2026-08-05 15:50:00,Hyderabad,Flipkart,E-commerce,0
T08535,C0854,6616.83,2026-08-05 15:50:00,Pune,Spar,Grocery,0
T08055,C0806,2936.98,2026-08-05 15:51:00,Pune,Zara,Apparel,0
T07455,C0746,1646.61,2026-08-05 15:51:00,Goa,Amazon,E-commerce,0
T09725,C0973,3121.55,2026-08-05 15:54:00,Goa,Reliance,Retail,0
T07985,C0799,819.24,2026-08-05 15:54:00,Kolkata,Amazon,E-commerce,0
T05815,C0582,6365.23,2026-08-05 15:55:00,Hyderabad,Big Chill,Restaurant,0
T00425,C0043,2214.45,2026-08-05 15:56:00,Mumbai,Flipkart,E-commerce,0
T05235,C0524,4996.41,2026-08-05 15:57:00,Hyderabad,Myntra,E-commerce,0
T06515,C0652,2326.62,2026-08-05 15:58:00,Kolkata,Reliance,Retail,0
T02375,C0238,2912.8,2026-08-05 15:59:00,Delhi,Myntra,E-commerce,0
T02505,C0251,904.38,2026-08-05 16:00:00,Kolkata,Reliance,Retail,0
T03515,C0352,4747.26,2026-08-05 16:00:00,Pune,Burger King,Restaurant,0
T05275,C0528,6845.4,2026-08-05 16:00:00,Kolkata,,Restaurant,0
T08695,C0870,2870.19,2026-08-05 16:01:00,Chennai,Max,Apparel,0
T08985,C0899,5374.49,2026-08-05 16:04:00,Bengaluru,Myntra,E-commerce,0
T04365,C0437,2533.52,2026-08-05 16:04:00,Bengaluru,Flipkart,E-commerce,0
T07325,C0733,4344.4,2026-08-05 16:07:00,Goa,Flipkart,E-commerce,0
T01355,C0136,2519.35,2026-08-05 16:09:00,Pune,Zara,Apparel,0
T01875,C0188,2274.26,2026-08-05 16:11:00,Chennai,Amazon,E-commerce,0
T08975,C0898,5172.87,2026-08-05 16:12:00,Kolkata,Spar,Grocery,0
T02035,C0204,2247.08,2026-08-05 16:13:00,,Reliance,Retail,0
T08715,C0872,1473.62,2026-08-05 16:15:00,Goa,Big Chill,Restaurant,0
T07165,C0717,1309.21,2026-08-05 16:16:00,Chennai,Reliance,Retail,0
T05735,C0574,1567.67,2026-08-05 16:17:00,Goa,Zara,Apparel,0
T02285,C0229,1515.75,2026-08-05 16:17:00,Pune,Spar,Grocery,0
T08345,C0835,4286.59,2026-08-05 16:17:00,Goa,Zara,Apparel,0
T02425,C0243,2500.67,2026-08-05 16:18:00,Chennai,Burger King,Restaurant,0
T08655,C0866,4974.03,2026-08-05 16:18:00,Mumbai,Reliance,Retail,0
T00035,C0004,3650.77,2026-08-05 16:18:00,Delhi,Big Chill,Restaurant,0
T04615,C0462,2042.1,2026-08-05 16:20:00,Bengaluru,Burger King,Restaurant,0
T09005,C0901,3011.4,2026-08-05 16:20:00,Bengaluru,Flipkart,E-commerce,0
T09155,C0916,1554.08,2026-08-05 16:21:00,Delhi,Myntra,E-commerce,0
T07245,C0725,4980.1,2026-08-05 16:23:00,Bengaluru,H&M,Apparel,0
T09815,C0982,4276.2,2026-08-05 16:25:00,Pune,Flipkart,E-commerce,0
T06015,C0602,5786.32,2026-08-05 16:27:00,Bengaluru,Max,Apparel,0
T08835,C0884,741.62,2026-08-05 16:27:00,Hyderabad,Burger King,Restaurant,0
T02515,C0252,2320.46,2026-08-05 16:28:00,Mumbai,Max,Apparel,0
T01595,C0160,2065.61,2026-08-05 16:28:00,Delhi,Burger King,Restaurant,0
T08885,C0889,5370.88,2026-08-05 16:29:00,Pune,Flipkart,E-commerce,0
T09685,C0969,1662.89,2026-08-05 16:29:00,Hyderabad,Flipkart,E-commerce,0
T06655,C0666,2659.28,2026-08-05 16:30:00,Hyderabad,Spar,Grocery,0
T01775,C0178,6798.46,2026-08-05 16:30:00,Delhi,H&M,Apparel,0
T01315,C0132,3461.16,2026-08-05 16:32:00,Kolkata,Myntra,E-commerce,0
T05085,C0509,490.17,2026-08-05 16:32:00,Hyderabad,H&M,Apparel,0
T09885,C0989,4485.38,2026-08-05 16:33:00,Kolkata,Flipkart,E-commerce,0
T02785,C0279,1567.79,2026-08-05 16:33:00,Pune,Flipkart,E-commerce,0
T03715,C0372,5932.08,2026-08-05 16:33:00,Delhi,Amazon,E-commerce,0
T00115,C0012,3596.31,2026-08-05 16:34:00,Pune,Reliance,Retail,0
T04175,C0418,4076.78,2026-08-05 16:34:00,Delhi,Myntra,E-commerce,0
T09125,C0913,5416.29,2026-08-05 16:34:00,Pune,Max,Apparel,0
T07385,C0739,4207.88,2026-08-05 16:35:00,Bengaluru,Zara,Apparel,0
T04505,C0451,4163.38,2026-08-05 16:37:00,Hyderabad,Big Chill,Restaurant,0
T05665,C0567,1788.52,2026-08-05 16:38:00,Mumbai,Spar,Grocery,0
T03095,C0310,3214.15,2026-08-05 16:39:00,Chennai,Max,Apparel,0
T02935,C0294,3534.97,2026-08-05 16:41:00,Hyderabad,Reliance,Retail,0
T06465,C0647,1116.52,2026-08-05 16:42:00,Kolkata,Myntra,E-commerce,0
T06355,C0636,4306.83,2026-08-05 16:42:00,Delhi,Zara,Apparel,0
T09085,C0909,2502.64,2026-08-05 16:43:00,Goa,Spar,Grocery,0
T08705,C0871,4802.02,2026-08-05 16:43:00,Bengaluru,Reliance,Retail,0
T07885,C0789,2493.93,2026-08-05 16:44:00,Hyderabad,Reliance,Retail,0
T03995,C0400,2288.85,2026-08-05 16:45:00,Delhi,Amazon,E-commerce,0
T05245,C0525,3204.92,2026-08-05 16:47:00,Hyderabad,Max,Apparel,0
T06215,C0622,2876.12,2026-08-05 16:48:00,Kolkata,Max,Apparel,0
T03045,C0305,1824.75,2026-08-05 16:55:00,Goa,Myntra,E-commerce,0
T07795,C0780,3392.3,2026-08-05 16:55:00,Goa,Reliance,Retail,0
T09255,C0926,2228.49,2026-08-05 16:56:00,Chennai,Zara,Apparel,0
T04815,C0482,669.38,2026-08-05 16:56:00,Bengaluru,Max,Apparel,0
T01495,C0150,1432.29,2026-08-05 16:57:00,Bengaluru,Max,Apparel,0
T07315,C0732,2162.32,2026-08-05 16:59:00,Delhi,Burger King,Restaurant,0
T07415,C0742,311.05,2026-08-05 17:00:00,Mumbai,Spar,Grocery,0
T09595,C0960,5981.45,2026-08-05 17:01:00,Goa,Burger King,Restaurant,0
T08805,C0881,2683.32,2026-08-05 17:01:00,Kolkata,Zara,Apparel,0
T05225,C0523,531.57,2026-08-05 17:01:00,Kolkata,Amazon,E-commerce,0
T03735,C0374,5580.66,2026-08-05 17:02:00,Kolkata,Myntra,E-commerce,0
T05385,C0539,1265.95,2026-08-05 17:02:00,,Burger King,Restaurant,0
T06805,C0681,2436.21,2026-08-05 17:06:00,Pune,Zara,Apparel,0
T08475,C0848,3448.88,2026-08-05 17:06:00,Kolkata,,Restaurant,0
T02115,C0212,5074.93,2026-08-05 17:08:00,Mumbai,Zara,Apparel,0
T05485,C0549,2155.7,2026-08-05 17:09:00,Chennai,H&M,Apparel,0
T07705,C0771,3196.12,2026-08-05 17:10:00,Chennai,,E-commerce,0
T00585,C0059,2990.43,2026-08-05 17:11:00,Bengaluru,Burger King,Restaurant,0
T04855,C0486,1692.06,2026-08-05 17:12:00,Kolkata,Amazon,E-commerce,0
T09555,C0956,2566.03,2026-08-05 17:13:00,,Zara,Apparel,0
T07435,C0744,2673.5,2026-08-05 17:13:00,Hyderabad,Spar,Grocery,0
T07065,C0707,488.66,2026-08-05 17:13:00,Mumbai,Burger King,Restaurant,0
T00005,C0001,795.07,2026-08-05 17:14:00,Mumbai,Myntra,E-commerce,0
T03075,C0308,990.54,2026-08-05 17:15:00,Pune,H&M,Apparel,0
T09275,C0928,6769.84,2026-08-05 17:15:00,Bengaluru,Flipkart,E-commerce,0
T06275,C0628,2235.9,2026-08-05 17:16:00,Mumbai,Amazon,E-commerce,0
T04895,C0490,4621.41,2026-08-05 17:16:00,Delhi,Myntra,E-commerce,0
T05555,C0556,1953.06,2026-08-05 17:17:00,Mumbai,Reliance,Retail,0
T04215,C0422,4248.52,2026-08-05 17:18:00,Bengaluru,H&M,Apparel,0
T08365,C0837,4292.6,2026-08-05 17:18:00,Pune,,Restaurant,0
T00675,C0068,2627.55,2026-08-05 17:18:00,Chennai,Amazon,E-commerce,0
T08025,C0803,699.02,2026-08-05 17:20:00,Delhi,Burger King,Restaurant,0
T02025,C0203,2009.43,2026-08-05 17:24:00,Bengaluru,Amazon,E-commerce,0
T05265,C0527,1801.86,2026-08-05 17:25:00,Hyderabad,Zara,Apparel,0
T04385,C0439,3711.15,2026-08-05 17:26:00,Kolkata,H&M,Apparel,0
T04045,C0405,4600.24,2026-08-05 17:26:00,Delhi,H&M,Apparel,0
T07025,C0703,3325.23,2026-08-05 17:27:00,Kolkata,Reliance,Retail,0
T04865,C0487,5138.45,2026-08-05 17:28:00,Delhi,Myntra,E-commerce,0
T00885,C0089,1094.85,2026-08-05 17:28:00,Goa,H&M,Apparel,0
T06635,C0664,3758.18,2026-08-05 17:29:00,Pune,Amazon,E-commerce,0
T08995,C0900,1199.9,2026-08-05 17:30:00,Goa,Reliance,Retail,0
T06155,C0616,1658.0,2026-08-05 17:30:00,Delhi,Max,Apparel,0
T09825,C0983,1196.78,2026-08-05 17:33:00,Bengaluru,Burger King,Restaurant,0
T02975,C0298,3529.65,2026-08-05 17:34:00,Bengaluru,Max,Apparel,0
T07155,C0716,4762.44,2026-08-05 17:35:00,Kolkata,Myntra,E-commerce,0
T04355,C0436,2107.62,2026-08-05 17:35:00,Mumbai,Big Chill,Restaurant,0
T03035,C0304,4535.87,2026-08-05 17:37:00,Delhi,Max,Apparel,0
T01795,C0180,3723.11,2026-08-05 17:37:00,Pune,Burger King,Restaurant,0
T03475,C0348,873.28,2026-08-05 17:39:00,Goa,Spar,Grocery,0
T01535,C0154,4360.04,2026-08-05 17:39:00,Mumbai,Myntra,E-commerce,0
T06795,C0680,4424.49,2026-08-05 17:41:00,Kolkata,Spar,Grocery,0
T03815,C0382,1226.45,2026-08-05 17:41:00,Chennai,Myntra,E-commerce,0
T06575,C0658,805.79,2026-08-05 17:42:00,,Myntra,E-commerce,0
T05315,C0532,4103.34,2026-08-05 17:42:00,Bengaluru,Big Chill,Restaurant,0
T07725,C0773,1422.2,2026-08-05 17:42:00,Pune,H&M,Apparel,0
T07515,C0752,1172.71,2026-08-05 17:43:00,Bengaluru,Flipkart,E-commerce,0
T04575,C0458,3540.77,2026-08-05 17:45:00,,Myntra,E-commerce,0
T04785,C0479,702.03,2026-08-05 17:45:00,Kolkata,Burger King,Restaurant,0
T03015,C0302,1612.51,2026-08-05 17:46:00,Kolkata,,Retail,0
T00485,C0049,1628.67,2026-08-05 17:47:00,Pune,Myntra,E-commerce,0
T07085,C0709,3347.08,2026-08-05 17:48:00,Kolkata,Zara,Apparel,0
T06085,C0609,476.9,2026-08-05 17:49:00,Pune,Flipkart,E-commerce,0
T06745,C0675,641.15,2026-08-05 17:49:00,Kolkata,H&M,Apparel,0
T04055,C0406,5854.61,2026-08-05 17:52:00,Hyderabad,Flipkart,E-commerce,0
T06455,C0646,1460.62,2026-08-05 17:53:00,Hyderabad,Flipkart,E-commerce,0
T02235,C0224,2553.12,2026-08-05 17:54:00,Delhi,Myntra,E-commerce,0
T08015,C0802,2634.78,2026-08-05 17:55:00,Hyderabad,Max,Apparel,0
T09505,C0951,5244.08,2026-08-05 17:55:00,Pune,Burger King,Restaurant,0
T05835,C0584,1922.74,2026-08-05 17:57:00,Bengaluru,Big Chill,Restaurant,0
T09775,C0978,1798.61,2026-08-05 17:59:00,Delhi,,Apparel,0
T04635,C0464,1448.07,2026-08-05 17:59:00,Chennai,Flipkart,E-commerce,0
T01515,C0152,3931.43,2026-08-05 18:00:00,Chennai,Max,Apparel,0
T05845,C0585,6744.76,2026-08-05 18:02:00,Hyderabad,Amazon,E-commerce,0
T01175,C0118,5407.06,2026-08-05 18:02:00,,Zara,Apparel,0
T06645,C0665,2708.45,2026-08-05 18:04:00,Hyderabad,Spar,Grocery,0
T02905,C0291,5604.14,2026-08-05 18:04:00,Hyderabad,Max,Apparel,0
T05095,C0510,3033.39,2026-08-05 18:06:00,Pune,,Apparel,0
T04985,C0499,1834.51,2026-08-05 18:07:00,Delhi,Big Chill,Restaurant,0
T00195,C0020,4914.94,2026-08-05 18:07:00,Bengaluru,Myntra,E-commerce,0
T00275,C0028,1722.86,2026-08-05 18:07:00,Pune,Flipkart,E-commerce,0
T09025,C0903,1949.93,2026-08-05 18:08:00,Delhi,Max,Apparel,0
T08135,C0814,3844.05,2026-08-05 18:08:00,Mumbai,Amazon,E-commerce,0
T08305,C0831,1858.63,2026-08-05 18:08:00,Hyderabad,Myntra,E-commerce,0
T06735,C0674,401.22,2026-08-05 18:09:00,Mumbai,Amazon,E-commerce,0
T00605,C0061,588.43,2026-08-05 18:09:00,Mumbai,Zara,Apparel,0
T04995,C0500,1869.29,2026-08-05 18:10:00,Hyderabad,Flipkart,E-commerce,0
T00835,C0084,2855.65,2026-08-05 18:11:00,Chennai,Reliance,Retail,0
T09115,C0912,1891.95,2026-08-05 18:13:00,Pune,Burger King,Restaurant,0
T03355,C0336,3744.61,2026-08-05 18:13:00,Delhi,Zara,Apparel,0
T05575,C0558,1920.13,2026-08-05 18:13:00,Chennai,Big Chill,Restaurant,0
T00475,C0048,619.43,2026-08-05 18:15:00,Mumbai,Reliance,Retail,0
T09365,C0937,4360.19,2026-08-05 18:15:00,Chennai,Flipkart,E-commerce,0
T07265,C0727,4862.49,2026-08-05 18:18:00,Hyderabad,Reliance,Retail,0
T03615,C0362,5637.97,2026-08-05 18:20:00,Chennai,Burger King,Restaurant,0
T06855,C0686,2402.06,2026-08-05 18:20:00,Hyderabad,Reliance,Retail,0
T03705,C0371,1169.61,2026-08-05 18:22:00,Goa,,E-commerce,0
T03405,C0341,2162.83,2026-08-05 18:23:00,Chennai,Flipkart,E-commerce,0
T02635,C0264,1052.77,2026-08-05 18:23:00,,Myntra,E-commerce,0
T00075,C0008,4685.31,2026-08-05 18:24:00,Bengaluru,Burger King,Restaurant,0
T08145,C0815,4807.03,2026-08-05 18:24:00,Hyderabad,Reliance,Retail,0
T08315,C0832,6128.68,2026-08-05 18:25:00,Bengaluru,Max,Apparel,0
T01115,C0112,2965.69,2026-08-05 18:27:00,Pune,Burger King,Restaurant,0
T04665,C0467,1884.99,2026-08-05 18:28:00,Chennai,Big Chill,Restaurant,0
T01605,C0161,5379.9,2026-08-05 18:29:00,Mumbai,H&M,Apparel,0
T01205,C0121,4670.2,2026-08-05 18:29:00,,Amazon,E-commerce,0
T09445,C0945,3118.47,2026-08-05 18:29:00,Bengaluru,Spar,Grocery,0
T05215,C0522,2383.94,2026-08-05 18:29:00,Hyderabad,Zara,Apparel,0
T04075,C0408,4962.41,2026-08-05 18:32:00,Hyderabad,Zara,Apparel,0
T08595,C0860,1036.53,2026-08-05 18:32:00,Mumbai,Big Chill,Restaurant,0
T09335,C0934,3055.03,2026-08-05 18:33:00,Goa,Amazon,E-commerce,0
T09515,C0952,858.94,2026-08-05 18:35:00,Kolkata,Big Chill,Restaurant,0
T01195,C0120,2888.81,2026-08-05 18:37:00,Delhi,Reliance,Retail,0
T08075,C0808,1540.32,2026-08-05 18:39:00,Kolkata,Amazon,E-commerce,0
T00735,C0074,7020.17,2026-08-05 18:43:00,Chennai,Amazon,E-commerce,0
T01855,C0186,3656.05,2026-08-05 18:45:00,Goa,Myntra,E-commerce,0
T06205,C0621,987.32,2026-08-05 18:46:00,Mumbai,Reliance,Retail,0
T06675,C0668,5596.55,2026-08-05 18:47:00,,Reliance,Retail,0
T00245,C0025,2950.14,2026-08-05 18:47:00,Bengaluru,Reliance,Retail,0
T00755,C0076,3202.75,2026-08-05 18:50:00,Goa,H&M,Apparel,0
T08335,C0834,1482.12,2026-08-05 18:53:00,Pune,Myntra,E-commerce,0
T05415,C0542,2790.11,2026-08-05 18:53:00,,Reliance,Retail,0
T06075,C0608,421.87,2026-08-05 18:53:00,Mumbai,Amazon,E-commerce,0
T02275,C0228,5189.48,2026-08-05 18:53:00,Chennai,Spar,Grocery,0
T05475,C0548,1727.8,2026-08-05 18:55:00,Kolkata,Max,Apparel,0
T04335,C0434,1933.6,2026-08-05 18:55:00,Pune,Amazon,E-commerce,0
T00995,C0100,552.23,2026-08-05 18:57:00,Kolkata,Burger King,Restaurant,0
T05495,C0550,2670.14,2026-08-05 18:58:00,Kolkata,,Apparel,0
T03865,C0387,2860.17,2026-08-05 19:03:00,Bengaluru,Max,Apparel,0
T00145,C0015,1751.59,2026-08-05 19:03:00,Goa,H&M,Apparel,0
T02305,C0231,1295.78,2026-08-05 19:04:00,Chennai,Burger King,Restaurant,0
T09695,C0970,1878.41,2026-08-05 19:04:00,,Spar,Grocery,0
T01685,C0169,4076.49,2026-08-05 19:05:00,Kolkata,Big Chill,Restaurant,0
T04395,C0440,4499.77,2026-08-05 19:06:00,Kolkata,H&M,Apparel,0
T09605,C0961,3784.88,2026-08-05 19:08:00,,Burger King,Restaurant,0
T09235,C0924,652.29,2026-08-05 19:08:00,Pune,Flipkart,E-commerce,0
T07195,C0720,526.82,2026-08-05 19:08:00,Kolkata,Max,Apparel,0
T06255,C0626,5759.15,2026-08-05 19:09:00,Goa,Big Chill,Restaurant,0
T03205,C0321,1437.59,2026-08-05 19:09:00,Chennai,H&M,Apparel,0
T01955,C0196,1915.05,2026-08-05 19:12:00,Mumbai,Zara,Apparel,0
T07605,C0761,4763.73,2026-08-05 19:13:00,Hyderabad,,Grocery,0
T02445,C0245,1576.31,2026-08-05 19:14:00,,Burger King,Restaurant,0
T05145,C0515,765.85,2026-08-05 19:15:00,Mumbai,Myntra,E-commerce,0
T04825,C0483,3225.76,2026-08-05 19:15:00,Pune,,Apparel,0
T02575,C0258,3147.34,2026-08-05 19:16:00,Pune,Max,Apparel,0
T07765,C0777,1323.59,2026-08-05 19:16:00,Chennai,Zara,Apparel,0
T00285,C0029,4513.64,2026-08-05 19:16:00,Delhi,Amazon,E-commerce,0
T01805,C0181,1917.1,2026-08-05 19:16:00,,Zara,Apparel,0
T07225,C0723,1036.73,2026-08-05 19:17:00,Bengaluru,H&M,Apparel,0
T06135,C0614,4511.52,2026-08-05 19:17:00,Bengaluru,H&M,Apparel,0
T02735,C0274,2231.55,2026-08-05 19:17:00,Delhi,Spar,Grocery,0
T09225,C0923,1953.34,2026-08-05 19:18:00,Mumbai,Big Chill,Restaurant,0
T05045,C0505,1424.13,2026-08-05 19:18:00,Bengaluru,Max,Apparel,0
T00965,C0097,3441.16,2026-08-05 19:19:00,Mumbai,Myntra,E-commerce,0
T01345,C0135,645.87,2026-08-05 19:20:00,Hyderabad,Burger King,Restaurant,0
T07855,C0786,6278.41,2026-08-05 19:27:00,Goa,Myntra,E-commerce,0
T00845,C0085,1361.63,2026-08-05 19:29:00,Pune,Big Chill,Restaurant,0
T09105,C0911,3235.67,2026-08-05 19:30:00,Delhi,Reliance,Retail,0
T03365,C0337,2762.08,2026-08-05 19:30:00,Delhi,Zara,Apparel,0
T06165,C0617,2538.68,2026-08-05 19:30:00,Delhi,Amazon,E-commerce,0
T05055,C0506,1376.51,2026-08-05 19:32:00,Hyderabad,Max,Apparel,0
T05755,C0576,2372.15,2026-08-05 19:33:00,,Myntra,E-commerce,0
T01645,C0165,3816.08,2026-08-05 19:33:00,Bengaluru,Burger King,Restaurant,0
T06525,C0653,769.69,2026-08-05 19:33:00,Kolkata,Amazon,E-commerce,0
T04155,C0416,2469.93,2026-08-05 19:34:00,Bengaluru,Zara,Apparel,0
T00815,C0082,1286.89,2026-08-05 19:34:00,Delhi,Max,Apparel,0
T01885,C0189,2111.8,2026-08-05 19:35:00,Kolkata,Big Chill,Restaurant,0
T03675,C0368,5179.93,2026-08-05 19:35:00,Hyderabad,Reliance,Retail,0
T01145,C0115,2162.88,2026-08-05 19:35:00,Chennai,Amazon,E-commerce,0
T06235,C0624,2396.5,2026-08-05 19:35:00,Pune,Amazon,E-commerce,0
T09845,C0985,1876.6,2026-08-05 19:37:00,Kolkata,Spar,Grocery,0
T06245,C0625,358.34,2026-08-05 19:37:00,Pune,Big Chill,Restaurant,0
T09045,C0905,1903.18,2026-08-05 19:37:00,Goa,Big Chill,Restaurant,0
T04525,C0453,1383.63,2026-08-05 19:37:00,Hyderabad,Max,Apparel,0
T07615,C0762,2261.73,2026-08-05 19:38:00,Delhi,Myntra,E-commerce,0
T01925,C0193,3680.87,2026-08-05 19:41:00,Mumbai,Spar,Grocery,0
T08625,C0863,3759.39,2026-08-05 19:41:00,Mumbai,Zara,Apparel,0
T02855,C0286,2730.67,2026-08-05 19:41:00,Delhi,Zara,Apparel,0
T00515,C0052,639.95,2026-08-05 19:42:00,,H&M,Apparel,0
T07965,C0797,4395.85,2026-08-05 19:42:00,Goa,Amazon,E-commerce,0
T01365,C0137,2013.04,2026-08-05 19:44:00,Bengaluru,Reliance,Retail,0
T05015,C0502,727.66,2026-08-05 19:45:00,Bengaluru,Zara,Apparel,0
T07905,C0791,2146.76,2026-08-05 19:46:00,Goa,Myntra,E-commerce,0
T09715,C0972,1759.02,2026-08-05 19:47:00,Hyderabad,Zara,Apparel,0
T06025,C0603,2829.04,2026-08-05 19:49:00,Pune,Big Chill,Restaurant,0
T04165,C0417,2487.49,2026-08-05 19:51:00,Mumbai,Myntra,E-commerce,0
T01065,C0107,933.18,2026-08-05 19:51:00,Mumbai,Max,Apparel,0
T00505,C0051,2443.87,2026-08-05 19:53:00,Chennai,Zara,Apparel,0
T04765,C0477,1865.41,2026-08-05 19:53:00,Pune,Burger King,Restaurant,0
T02605,C0261,1683.47,2026-08-05 19:55:00,Delhi,Myntra,E-commerce,0
T09935,C0994,1152.8,2026-08-05 19:56:00,Mumbai,Big Chill,Restaurant,0
T05425,C0543,2508.12,2026-08-05 19:56:00,Hyderabad,Flipkart,E-commerce,0
T01005,C0101,2774.8,2026-08-05 19:56:00,Goa,Myntra,E-commerce,0
T08455,C0846,2925.49,2026-08-05 19:57:00,Hyderabad,Amazon,E-commerce,0
T01985,C0199,2533.82,2026-08-05 19:57:00,Delhi,Big Chill,Restaurant,0
T06185,C0619,1464.29,2026-08-05 19:57:00,Goa,Zara,Apparel,0
T00575,C0058,6811.81,2026-08-05 19:58:00,Hyderabad,Myntra,E-commerce,0
T08665,C0867,2441.29,2026-08-05 19:59:00,Hyderabad,,Restaurant,0
T05965,C0597,3736.11,2026-08-05 19:59:00,Delhi,Amazon,E-commerce,0
T03325,C0333,2085.17,2026-08-05 20:00:00,Mumbai,Amazon,E-commerce,0
T03885,C0389,1059.93,2026-08-05 20:00:00,Chennai,Spar,Grocery,0
T07695,C0770,2210.55,2026-08-05 20:00:00,Kolkata,Flipkart,E-commerce,0
T02925,C0293,1437.66,2026-08-05 20:01:00,Goa,Big Chill,Restaurant,0
T07075,C0708,3201.3,2026-08-05 20:02:00,Pune,Flipkart,E-commerce,0
T00935,C0094,1770.27,2026-08-05 20:05:00,Bengaluru,Spar,Grocery,0
T04565,C0457,1285.9,2026-08-05 20:05:00,Goa,Amazon,E-commerce,0
T06705,C0671,1223.43,2026-08-05 20:05:00,Goa,Amazon,E-commerce,0
T00925,C0093,5590.91,2026-08-05 20:06:00,Kolkata,Reliance,Retail,0
T03375,C0338,1496.13,2026-08-05 20:07:00,Hyderabad,Big Chill,Restaurant,0
T03695,C0370,4059.88,2026-08-05 20:07:00,Bengaluru,Reliance,Retail,0
T04975,C0498,2723.85,2026-08-05 20:07:00,Chennai,Amazon,E-commerce,0
T01225,C0123,2187.01,2026-08-05 20:08:00,Kolkata,Reliance,Retail,0
T09055,C0906,1780.29,2026-08-05 20:09:00,Pune,Burger King,Restaurant,0
T08265,C0827,690.55,2026-08-05 20:09:00,Goa,Flipkart,E-commerce,0
T03965,C0397,6844.83,2026-08-05 20:10:00,Chennai,Spar,Grocery,0
T03445,C0345,3290.35,2026-08-05 20:10:00,Bengaluru,Big Chill,Restaurant,0
T08095,C0810,4513.11,2026-08-05 20:10:00,Delhi,,E-commerce,0
T02405,C0241,1285.86,2026-08-05 20:10:00,Mumbai,Big Chill,Restaurant,0
T04255,C0426,1296.14,2026-08-05 20:11:00,Hyderabad,Myntra,E-commerce,0
T04945,C0495,1812.63,2026-08-05 20:11:00,Pune,Zara,Apparel,0
T04705,C0471,3190.13,2026-08-05 20:12:00,Mumbai,Flipkart,E-commerce,0
T05525,C0553,4990.18,2026-08-05 20:14:00,Bengaluru,Spar,Grocery,0
T08235,C0824,5464.08,2026-08-05 20:15:00,Goa,Big Chill,Restaurant,0
T04345,C0435,2006.24,2026-08-05 20:17:00,Delhi,Amazon,E-commerce,0
T06175,C0618,5171.46,2026-08-05 20:18:00,Kolkata,Zara,Apparel,0
T02155,C0216,2200.15,2026-08-05 20:18:00,Bengaluru,Zara,Apparel,0
T04875,C0488,1126.18,2026-08-05 20:18:00,Chennai,H&M,Apparel,0
T04955,C0496,469.26,2026-08-05 20:20:00,Chennai,Burger King,Restaurant,0
T09805,C0981,2124.88,2026-08-05 20:21:00,Bengaluru,Reliance,Retail,0
T06725,C0673,3674.09,2026-08-05 20:21:00,Kolkata,Amazon,E-commerce,0
T02205,C0221,1169.28,2026-08-05 20:21:00,Hyderabad,Amazon,E-commerce,0
T06265,C0627,2851.94,2026-08-05 20:23:00,Pune,Spar,Grocery,0
T02585,C0259,2127.93,2026-08-05 20:23:00,Delhi,Zara,Apparel,0
T01185,C0119,2394.19,2026-08-05 20:23:00,Bengaluru,Flipkart,E-commerce,0
T09665,C0967,3846.05,2026-08-05 20:24:00,Mumbai,Spar,Grocery,0
T01155,C0116,771.77,2026-08-05 20:25:00,Chennai,Max,Apparel,0
T08185,C0819,2811.35,2026-08-05 20:26:00,Pune,Reliance,Retail,0
T02135,C0214,2269.0,2026-08-05 20:26:00,Bengaluru,H&M,Apparel,0
T09985,C0999,2030.12,2026-08-05 20:27:00,Kolkata,Myntra,E-commerce,0
T03105,C0311,707.16,2026-08-05 20:27:00,Bengaluru,Spar,Grocery,0
T02525,C0253,4503.51,2026-08-05 20:28:00,Delhi,Flipkart,E-commerce,0
T03835,C0384,2316.69,2026-08-05 20:28:00,Kolkata,Reliance,Retail,0
T09175,C0918,851.91,2026-08-05 20:30:00,Mumbai,Flipkart,E-commerce,0
T09765,C0977,5946.45,2026-08-05 20:30:00,Hyderabad,Flipkart,E-commerce,0
T09965,C0997,2328.83,2026-08-05 20:32:00,Hyderabad,Burger King,Restaurant,0
T09135,C0914,670.02,2026-08-05 20:34:00,Bengaluru,Burger King,Restaurant,0
T09475,C0948,3178.68,2026-08-05 20:35:00,Goa,Flipkart,E-commerce,0
T07525,C0753,6519.0,2026-08-05 20:35:00,,H&M,Apparel,0
T09645,C0965,3134.21,2026-08-05 20:37:00,Chennai,Zara,Apparel,0
T09785,C0979,3249.4,2026-08-05 20:37:00,,Burger King,Restaurant,0
T03305,C0331,793.76,2026-08-05 20:38:00,Goa,Spar,Grocery,0
T04905,C0491,842.94,2026-08-05 20:38:00,Kolkata,Reliance,Retail,0
T00455,C0046,3659.97,2026-08-05 20:41:00,Pune,Spar,Grocery,0
T07045,C0705,848.29,2026-08-05 20:42:00,Kolkata,Burger King,Restaurant,0
T05715,C0572,1402.15,2026-08-05 20:43:00,Chennai,Myntra,E-commerce,0
T04755,C0476,3514.6,2026-08-05 20:44:00,Pune,H&M,Apparel,0
T09575,C0958,2325.69,2026-08-05 20:44:00,Pune,Zara,Apparel,0
T01745,C0175,1544.23,2026-08-05 20:44:00,Kolkata,Spar,Grocery,0
T06345,C0635,4723.63,2026-08-05 20:47:00,Hyderabad,Amazon,E-commerce,0
T01045,C0105,2738.93,2026-08-05 20:49:00,Kolkata,Flipkart,E-commerce,0
T03625,C0363,5675.13,2026-08-05 20:50:00,Chennai,Reliance,Retail,0
T06895,C0690,2423.41,2026-08-05 20:52:00,Mumbai,,Apparel,0
T01905,C0191,2677.9,2026-08-05 20:52:00,Mumbai,Flipkart,E-commerce,0
T01585,C0159,2098.04,2026-08-05 20:54:00,Chennai,Zara,Apparel,0
T02645,C0265,1283.5,2026-08-05 20:54:00,,Amazon,E-commerce,0
T01965,C0197,1977.66,2026-08-05 20:57:00,Mumbai,Burger King,Restaurant,0
T06545,C0655,1137.41,2026-08-05 20:58:00,Chennai,Reliance,Retail,0
T00205,C0021,881.63,2026-08-05 20:58:00,Hyderabad,Flipkart,E-commerce,0
T00225,C0023,2546.23,2026-08-05 20:58:00,Chennai,Burger King,Restaurant,0
T08825,C0883,965.65,2026-08-05 20:58:00,Hyderabad,Zara,Apparel,0
T05935,C0594,1757.97,2026-08-05 20:59:00,Goa,Big Chill,Restaurant,0
T00865,C0087,4533.52,2026-08-05 20:59:00,Mumbai,Max,Apparel,0
T02715,C0272,1106.04,2026-08-05 20:59:00,Goa,H&M,Apparel,0
T03605,C0361,4197.06,2026-08-05 20:59:00,Goa,Zara,Apparel,0
T07785,C0779,2748.19,2026-08-05 21:01:00,Chennai,Zara,Apparel,0
T09095,C0910,1493.32,2026-08-05 21:04:00,Delhi,Flipkart,E-commerce,0
T08755,C0876,3753.67,2026-08-05 21:05:00,Goa,Amazon,E-commerce,0
T01015,C0102,3844.91,2026-08-05 21:05:00,,Big Chill,Restaurant,0
T09615,C0962,3192.01,2026-08-05 21:06:00,Hyderabad,Myntra,E-commerce,0
T00525,C0053,5322.41,2026-08-05 21:06:00,Delhi,Zara,Apparel,0
T05625,C0563,2227.81,2026-08-05 21:06:00,Kolkata,Big Chill,Restaurant,0
T05005,C0501,959.7,2026-08-05 21:08:00,Pune,Myntra,E-commerce,0
T00565,C0057,3211.86,2026-08-05 21:09:00,Mumbai,Myntra,E-commerce,0
T08175,C0818,2183.91,2026-08-05 21:10:00,Bengaluru,Big Chill,Restaurant,0
T07745,C0775,1999.55,2026-08-05 21:10:00,Bengaluru,Myntra,E-commerce,0
T01625,C0163,750.69,2026-08-05 21:12:00,,Zara,Apparel,0
T02165,C0217,5119.21,2026-08-05 21:13:00,Hyderabad,Max,Apparel,0
T05885,C0589,615.9,2026-08-05 21:13:00,Bengaluru,Max,Apparel,0
T01425,C0143,2148.76,2026-08-05 21:14:00,Bengaluru,Spar,Grocery,0
T01125,C0113,2322.92,2026-08-05 21:14:00,Delhi,Max,Apparel,0
T09865,C0987,691.23,2026-08-05 21:15:00,Mumbai,Myntra,E-commerce,0
T06295,C0630,5563.53,2026-08-05 21:15:00,Mumbai,Spar,Grocery,0
T03565,C0357,1994.17,2026-08-05 21:22:00,Mumbai,Max,Apparel,0
T06985,C0699,1416.68,2026-08-05 21:23:00,Kolkata,Amazon,E-commerce,0
T02455,C0246,2647.82,2026-08-05 21:24:00,Hyderabad,Zara,Apparel,0
T00175,C0018,3320.01,2026-08-05 21:26:00,Pune,Amazon,E-commerce,0
T08485,C0849,3299.99,2026-08-05 21:26:00,Hyderabad,Reliance,Retail,0
T02095,C0210,4469.11,2026-08-05 21:27:00,Bengaluru,Spar,Grocery,0
T06565,C0657,629.81,2026-08-05 21:28:00,Goa,Reliance,Retail,0
T01575,C0158,1313.42,2026-08-05 21:30:00,Pune,Amazon,E-commerce,0
T01215,C0122,966.89,2026-08-05 21:30:00,Goa,Spar,Grocery,0
T09265,C0927,5368.26,2026-08-05 21:33:00,Bengaluru,Spar,Grocery,0
T07945,C0795,4510.72,2026-08-05 21:35:00,Goa,Max,Apparel,0
T08965,C0897,4201.71,2026-08-05 21:39:00,Pune,Burger King,Restaurant,0
T03335,C0334,594.25,2026-08-05 21:40:00,Pune,Myntra,E-commerce,0
T00025,C0003,892.2,2026-08-05 21:42:00,Chennai,H&M,Apparel,0
T09945,C0995,1287.47,2026-08-05 21:42:00,Bengaluru,Burger King,Restaurant,0
T05105,C0511,735.45,2026-08-05 21:43:00,Chennai,Flipkart,E-commerce,0
T08255,C0826,2502.64,2026-08-05 21:43:00,Bengaluru,Burger King,Restaurant,0
T06935,C0694,1865.71,2026-08-05 21:44:00,Mumbai,Burger King,Restaurant,0
T04105,C0411,2646.69,2026-08-05 21:44:00,Kolkata,Flipkart,E-commerce,0
T02485,C0249,2792.69,2026-08-05 21:44:00,Kolkata,Reliance,Retail,0
T00435,C0044,2591.91,2026-08-05 21:47:00,Kolkata,Myntra,E-commerce,0
T06865,C0687,1551.43,2026-08-05 21:48:00,Mumbai,Max,Apparel,0
T08495,C0850,2111.7,2026-08-05 21:48:00,Goa,Big Chill,Restaurant,0
T08875,C0888,3249.19,2026-08-05 21:50:00,Mumbai,Amazon,E-commerce,0
T03555,C0356,2974.6,2026-08-05 21:52:00,Kolkata,Spar,Grocery,0
T04495,C0450,2016.08,2026-08-05 21:52:00,Delhi,Big Chill,Restaurant,0
T00975,C0098,3481.43,2026-08-05 21:52:00,Chennai,Amazon,E-commerce,0
T06115,C0612,1238.93,2026-08-05 21:53:00,Bengaluru,Big Chill,Restaurant,0
T04435,C0444,2363.96,2026-08-05 21:53:00,Pune,Reliance,Retail,0
T05535,C0554,2947.19,2026-08-05 21:53:00,Chennai,Spar,Grocery,0
T06125,C0613,1871.04,2026-08-05 21:56:00,Goa,Myntra,E-commerce,0
T05115,C0512,562.73,2026-08-05 21:57:00,Mumbai,Max,Apparel,0
T05305,C0531,6070.32,2026-08-05 21:57:00,Delhi,Burger King,Restaurant,0
T03025,C0303,2200.77,2026-08-05 21:58:00,Bengaluru,Reliance,Retail,0
T02385,C0239,1430.97,2026-08-05 21:59:00,Delhi,Max,Apparel,0
T07185,C0719,2627.84,2026-08-05 22:00:00,Hyderabad,Burger King,Restaurant,0
T02985,C0299,1590.06,2026-08-05 22:01:00,Mumbai,Max,Apparel,0
T07935,C0794,3537.32,2026-08-05 22:01:00,Kolkata,Reliance,Retail,0
T01635,C0164,1227.33,2026-08-05 22:02:00,Kolkata,Zara,Apparel,0
T05675,C0568,5158.25,2026-08-05 22:02:00,Delhi,Flipkart,E-commerce,0
T09975,C0998,1706.76,2026-08-05 22:02:00,Bengaluru,Max,Apparel,0
T06585,C0659,396.25,2026-08-05 22:03:00,Kolkata,Big Chill,Restaurant,0
T02145,C0215,4025.89,2026-08-05 22:04:00,Goa,Flipkart,E-commerce,0
T08725,C0873,978.82,2026-08-05 22:05:00,Mumbai,H&M,Apparel,0
T09245,C0925,2077.94,2026-08-05 22:05:00,Mumbai,Zara,Apparel,0
T08525,C0853,1517.77,2026-08-05 22:06:00,Delhi,H&M,Apparel,0
T06765,C0677,3160.21,2026-08-05 22:06:00,Goa,Flipkart,E-commerce,0
T05925,C0593,528.72,2026-08-05 22:06:00,Delhi,Reliance,Retail,0
T02395,C0240,2154.25,2026-08-05 22:07:00,Mumbai,Spar,Grocery,0
T01845,C0185,3626.77,2026-08-05 22:07:00,Bengaluru,Zara,Apparel,0
T01655,C0166,3684.57,2026-08-05 22:08:00,Delhi,Zara,Apparel,0
T07915,C0792,1502.06,2026-08-05 22:08:00,Mumbai,Max,Apparel,0
T06905,C0691,1150.15,2026-08-05 22:09:00,Kolkata,Amazon,E-commerce,0
T07835,C0784,2018.83,2026-08-05 22:10:00,Pune,Spar,Grocery,0
T07295,C0730,3258.66,2026-08-05 22:10:00,Delhi,H&M,Apparel,0
T02725,C0273,487.73,2026-08-05 22:11:00,Hyderabad,Big Chill,Restaurant,0
T05945,C0595,571.81,2026-08-05 22:12:00,,Zara,Apparel,0
T08045,C0805,1739.53,2026-08-05 22:12:00,Pune,Flipkart,E-commerce,0
T02595,C0260,1277.95,2026-08-05 22:13:00,Goa,Myntra,E-commerce,0
T03145,C0315,5361.66,2026-08-05 22:14:00,Hyderabad,Amazon,E-commerce,0
T08395,C0840,287.83,2026-08-05 22:14:00,Delhi,Spar,Grocery,0
T08855,C0886,1227.02,2026-08-05 22:14:00,Mumbai,Zara,Apparel,0
T05345,C0535,3924.37,2026-08-05 22:14:00,Chennai,Flipkart,E-commerce,0
T03635,C0364,4537.6,2026-08-05 22:15:00,Hyderabad,Burger King,Restaurant,0
T07035,C0704,872.83,2026-08-05 22:15:00,Chennai,Max,Apparel,0
T02055,C0206,5121.45,2026-08-05 22:15:00,Kolkata,Max,Apparel,0
T09465,C0947,4624.95,2026-08-05 22:16:00,Kolkata,Amazon,E-commerce,0
T08435,C0844,1255.93,2026-08-05 22:16:00,Mumbai,Reliance,Retail,0
T08565,C0857,1096.16,2026-08-05 22:18:00,Delhi,Spar,Grocery,0
T01335,C0134,2472.53,2026-08-05 22:18:00,,Myntra,E-commerce,0
T03195,C0320,3540.82,2026-08-05 22:19:00,Pune,Reliance,Retail,0
T02745,C0275,4373.95,2026-08-05 22:20:00,Chennai,Reliance,Retail,0
T07675,C0768,1346.52,2026-08-05 22:22:00,,Flipkart,E-commerce,0
T08775,C0878,1131.35,2026-08-05 22:22:00,Bengaluru,Burger King,Restaurant,0
T00635,C0064,4805.42,2026-08-05 22:23:00,Delhi,Reliance,Retail,0
T04455,C0446,1446.73,2026-08-05 22:23:00,Chennai,Flipkart,E-commerce,0
T08415,C0842,3141.41,2026-08-05 22:23:00,Pune,Zara,Apparel,0
T00685,C0069,2987.33,2026-08-05 22:25:00,Goa,Max,Apparel,0
T01475,C0148,868.9,2026-08-05 22:26:00,,,Apparel,0
T03945,C0395,4391.1,2026-08-05 22:28:00,Hyderabad,Burger King,Restaurant,0
T09705,C0971,1618.86,2026-08-05 22:29:00,Hyderabad,H&M,Apparel,0
T04935,C0494,6709.36,2026-08-05 22:29:00,Mumbai,H&M,Apparel,0
T07055,C0706,5631.9,2026-08-05 22:29:00,Pune,Amazon,E-commerce,0
T03005,C0301,2633.52,2026-08-05 22:30:00,Delhi,Spar,Grocery,0
T05405,C0541,1231.34,2026-08-05 22:31:00,Goa,Reliance,Retail,0
T07485,C0749,2211.6,2026-08-05 22:32:00,Delhi,Spar,Grocery,0
T01325,C0133,6444.18,2026-08-05 22:33:00,Hyderabad,,Restaurant,0
T02845,C0285,937.84,2026-08-05 22:33:00,Kolkata,Zara,Apparel,0
T05465,C0547,1967.62,2026-08-05 22:33:00,Goa,Flipkart,E-commerce,0
T05175,C0518,3427.16,2026-08-05 22:33:00,Bengaluru,H&M,Apparel,0
T03275,C0328,2965.01,2026-08-05 22:34:00,Delhi,Big Chill,Restaurant,0
T09495,C0950,2975.84,2026-08-05 22:35:00,Bengaluru,Myntra,E-commerce,0
T00535,C0054,1092.18,2026-08-05 22:36:00,Goa,Reliance,Retail,0
T05025,C0503,1542.49,2026-08-05 22:37:00,Delhi,Amazon,E-commerce,0
T09375,C0938,4695.21,2026-08-05 22:38:00,Bengaluru,Amazon,E-commerce,0
T09795,C0980,1422.42,2026-08-05 22:38:00,Hyderabad,,E-commerce,0
T00305,C0031,4322.94,2026-08-05 22:39:00,Pune,Reliance,Retail,0
T01255,C0126,3493.17,2026-08-05 22:41:00,Mumbai,Flipkart,E-commerce,0
T00095,C0010,3710.08,2026-08-05 22:42:00,Bengaluru,H&M,Apparel,0
T03315,C0332,3186.51,2026-08-05 22:42:00,Kolkata,Myntra,E-commerce,0
T02655,C0266,3641.31,2026-08-05 22:42:00,Bengaluru,Burger King,Restaurant,0
T06555,C0656,304.42,2026-08-05 22:44:00,Mumbai,H&M,Apparel,0
T04845,C0485,5408.67,2026-08-05 22:45:00,Goa,Zara,Apparel,0
T09285,C0929,1237.81,2026-08-05 22:46:00,Kolkata,Myntra,E-commerce,0
T09325,C0933,4872.54,2026-08-05 22:46:00,Chennai,Max,Apparel,0
T07175,C0718,2593.64,2026-08-05 22:47:00,Mumbai,Flipkart,E-commerce,0
T09015,C0902,2401.06,2026-08-05 22:48:00,Hyderabad,Myntra,E-commerce,0
T05505,C0551,1717.53,2026-08-05 22:48:00,Pune,Reliance,Retail,0
T01025,C0103,4977.11,2026-08-05 22:48:00,Chennai,Burger King,Restaurant,0
T01765,C0177,2796.63,2026-08-05 22:50:00,Goa,Burger King,Restaurant,0
T03235,C0324,4094.0,2026-08-05 22:52:00,Delhi,Max,Apparel,0
T04475,C0448,3646.19,2026-08-05 22:53:00,Pune,Spar,Grocery,0
T03425,C0343,1766.48,2026-08-05 22:57:00,Kolkata,Reliance,Retail,0
T02125,C0213,625.88,2026-08-05 22:57:00,Kolkata,Zara,Apparel,0
T09295,C0930,4302.32,2026-08-05 22:57:00,Bengaluru,Big Chill,Restaurant,0
T03245,C0325,2970.77,2026-08-05 22:58:00,Bengaluru,Spar,Grocery,0
T03185,C0319,1855.28,2026-08-05 22:58:00,Kolkata,Amazon,E-commerce,0
T03175,C0318,980.09,2026-08-05 22:58:00,Goa,Burger King,Restaurant,0
T05825,C0583,2548.7,2026-08-05 22:59:00,Chennai,Spar,Grocery,0
T09476,C0948,2796.21,2026-08-06 08:00:00,Goa,Flipkart,E-commerce,0
T09356,C0936,861.21,2026-08-06 08:04:00,Mumbai,Reliance,Retail,0
T04956,C0496,668.06,2026-08-06 08:06:00,Chennai,Burger King,Restaurant,0
T00166,C0017,3410.04,2026-08-06 08:07:00,Hyderabad,H&M,Apparel,0
T01256,C0126,2696.9,2026-08-06 08:07:00,Mumbai,Reliance,Retail,0
T00376,C0038,1040.52,2026-08-06 08:09:00,Delhi,H&M,Apparel,0
T04316,C0432,5032.03,2026-08-06 08:09:00,Chennai,H&M,Apparel,0
T04546,C0455,3600.48,2026-08-06 08:09:00,Bengaluru,Big Chill,Restaurant,0
T08286,C0829,4111.09,2026-08-06 08:10:00,Pune,Spar,Grocery,0
T01686,C0169,4264.24,2026-08-06 08:11:00,,Zara,Apparel,0
T03806,C0381,626.93,2026-08-06 08:12:00,,Zara,Apparel,0
T02156,C0216,4449.12,2026-08-06 08:12:00,Bengaluru,Burger King,Restaurant,0
T00836,C0084,2884.33,2026-08-06 08:15:00,Chennai,Max,Apparel,0
T08816,C0882,4574.45,2026-08-06 08:16:00,Hyderabad,Max,Apparel,0
T05456,C0546,3516.31,2026-08-06 08:20:00,Hyderabad,,Apparel,0
T00856,C0086,1129.27,2026-08-06 08:21:00,Pune,Reliance,Retail,0
T08436,C0844,1764.99,2026-08-06 08:22:00,Mumbai,Zara,Apparel,0
T09446,C0945,1910.58,2026-08-06 08:22:00,Bengaluru,Burger King,Restaurant,0
T01896,C0190,6658.49,2026-08-06 08:24:00,Kolkata,,Apparel,0
T06266,C0627,1222.96,2026-08-06 08:25:00,Pune,Zara,Apparel,0
T04266,C0427,5401.3,2026-08-06 08:25:00,,Burger King,Restaurant,0
T03446,C0345,3604.72,2026-08-06 08:26:00,Bengaluru,Big Chill,Restaurant,0
T03746,C0375,1462.38,2026-08-06 08:28:00,Kolkata,Zara,Apparel,0
T00796,C0080,1674.37,2026-08-06 08:29:00,Pune,Zara,Apparel,0
T06526,C0653,1257.1,2026-08-06 08:30:00,Kolkata,,Retail,0
T02706,C0271,2885.3,2026-08-06 08:31:00,Bengaluru,Big Chill,Restaurant,0
T06306,C0631,1942.18,2026-08-06 08:32:00,Mumbai,Myntra,E-commerce,0
T02636,C0264,2103.42,2026-08-06 08:32:00,,,E-commerce,0
T08236,C0824,2368.43,2026-08-06 08:33:00,Goa,Reliance,Retail,0
T01456,C0146,5304.75,2026-08-06 08:35:00,Bengaluru,Zara,Apparel,0
T09746,C0975,1561.99,2026-08-06 08:35:00,Pune,Max,Apparel,0
T05956,C0596,3047.26,2026-08-06 08:36:00,Chennai,Reliance,Retail,0
T06586,C0659,810.93,2026-08-06 08:36:00,,Big Chill,Restaurant,0
T09396,C0940,662.01,2026-08-06 08:36:00,Pune,Flipkart,E-commerce,0
T06576,C0658,506.48,2026-08-06 08:38:00,Kolkata,Max,Apparel,0
T08246,C0825,1924.14,2026-08-06 08:38:00,Hyderabad,Max,Apparel,0
T00196,C0020,2987.45,2026-08-06 08:39:00,Bengaluru,Myntra,E-commerce,0
T01446,C0145,4095.52,2026-08-06 08:39:00,Pune,Flipkart,E-commerce,0
T04816,C0482,1334.07,2026-08-06 08:39:00,Bengaluru,H&M,Apparel,0
T00106,C0011,547.93,2026-08-06 08:40:00,Mumbai,Reliance,Retail,0
T08856,C0886,1327.04,2026-08-06 08:41:00,Mumbai,Zara,Apparel,0
T01956,C0196,2079.04,2026-08-06 08:41:00,Mumbai,Reliance,Retail,0
T05936,C0594,1411.66,2026-08-06 08:43:00,Goa,Reliance,Retail,0
T07306,C0731,2135.71,2026-08-06 08:44:00,Hyderabad,Big Chill,Restaurant,0
T02216,C0222,5364.95,2026-08-06 08:44:00,Hyderabad,Burger King,Restaurant,0
T03886,C0389,665.58,2026-08-06 08:47:00,Chennai,Spar,Grocery,0
T09066,C0907,1626.15,2026-08-06 08:50:00,Kolkata,Max,Apparel,0
T09466,C0947,5419.14,2026-08-06 08:50:00,Kolkata,Flipkart,E-commerce,0
T05916,C0592,1144.05,2026-08-06 08:50:00,Mumbai,Burger King,Restaurant,0
T01536,C0154,4367.27,2026-08-06 08:51:00,Mumbai,H&M,Apparel,0
T04006,C0401,2125.77,2026-08-06 08:52:00,Delhi,Big Chill,Restaurant,0
T08696,C0870,2833.4,2026-08-06 08:53:00,Chennai,Zara,Apparel,0
T07746,C0775,2645.4,2026-08-06 08:54:00,Bengaluru,Amazon,E-commerce,0
T03426,C0343,3065.39,2026-08-06 08:55:00,Kolkata,Zara,Apparel,0
T09026,C0903,2601.41,2026-08-06 08:55:00,Delhi,Myntra,E-commerce,0
T05966,C0597,4472.25,2026-08-06 08:56:00,Delhi,Spar,Grocery,0
T08556,C0856,3269.54,2026-08-06 08:56:00,Hyderabad,Myntra,E-commerce,0
T08796,C0880,4831.82,2026-08-06 08:58:00,Bengaluru,Max,Apparel,0
T00896,C0090,2115.06,2026-08-06 08:58:00,Bengaluru,Zara,Apparel,0
T09276,C0928,3293.11,2026-08-06 08:58:00,Bengaluru,H&M,Apparel,0
T03536,C0354,1678.15,2026-08-06 08:58:00,,Spar,Grocery,0
T08106,C0811,4087.5,2026-08-06 08:59:00,Pune,Spar,Grocery,0
T06446,C0645,916.35,2026-08-06 08:59:00,Mumbai,Amazon,E-commerce,0
T00816,C0082,1087.9,2026-08-06 08:59:00,Delhi,Zara,Apparel,0
T01546,C0155,3442.17,2026-08-06 09:04:00,Chennai,Big Chill,Restaurant,0
T02996,C0300,2660.72,2026-08-06 09:05:00,Mumbai,Spar,Grocery,0
T08526,C0853,1107.84,2026-08-06 09:05:00,Delhi,Burger King,Restaurant,0
T04746,C0475,6970.95,2026-08-06 09:05:00,Pune,Burger King,Restaurant,0
T00756,C0076,4149.51,2026-08-06 09:06:00,Goa,Big Chill,Restaurant,0
T05426,C0543,1738.96,2026-08-06 09:06:00,Hyderabad,Flipkart,E-commerce,0
T04216,C0422,2470.18,2026-08-06 09:07:00,Bengaluru,Myntra,E-commerce,0
T09076,C0908,1491.26,2026-08-06 09:08:00,,Big Chill,Restaurant,0
T06046,C0605,1119.44,2026-08-06 09:08:00,Mumbai,Amazon,E-commerce,0
T06136,C0614,3611.59,2026-08-06 09:08:00,Bengaluru,H&M,Apparel,0
T04206,C0421,1440.27,2026-08-06 09:10:00,Kolkata,Zara,Apparel,0
T06076,C0608,618.74,2026-08-06 09:11:00,Mumbai,Amazon,E-commerce,0
T02646,C0265,1668.8,2026-08-06 09:11:00,Delhi,H&M,Apparel,0
T01276,C0128,2104.46,2026-08-06 09:12:00,Hyderabad,Reliance,Retail,0
T04486,C0449,2124.02,2026-08-06 09:12:00,Mumbai,Reliance,Retail,0
T07836,C0784,1966.58,2026-08-06 09:12:00,Pune,Big Chill,Restaurant,0
T04556,C0456,5427.61,2026-08-06 09:13:00,Chennai,Reliance,Retail,0
T09136,C0914,1674.46,2026-08-06 09:16:00,Bengaluru,,Grocery,0
T04476,C0448,3849.77,2026-08-06 09:18:00,Pune,Big Chill,Restaurant,0
T05616,C0562,730.26,2026-08-06 09:18:00,Goa,Flipkart,E-commerce,0
T01316,C0132,3305.38,2026-08-06 09:19:00,,Spar,Grocery,0
T00556,C0056,3040.3,2026-08-06 09:20:00,Mumbai,H&M,Apparel,0
T01156,C0116,1335.73,2026-08-06 09:21:00,Chennai,Max,Apparel,0
T04336,C0434,3266.99,2026-08-06 09:22:00,Pune,Myntra,E-commerce,0
T09836,C0984,4376.19,2026-08-06 09:22:00,Kolkata,Myntra,E-commerce,0
T04226,C0423,5991.36,2026-08-06 09:23:00,Delhi,Big Chill,Restaurant,0
T08976,C0898,4986.73,2026-08-06 09:24:00,Kolkata,Reliance,Retail,0
T01716,C0172,4285.54,2026-08-06 09:24:00,Chennai,Flipkart,E-commerce,0
T02956,C0296,3968.28,2026-08-06 09:25:00,Bengaluru,Myntra,E-commerce,0
T04306,C0431,2669.68,2026-08-06 09:26:00,Chennai,Reliance,Retail,0
T05296,C0530,2234.53,2026-08-06 09:27:00,Pune,Myntra,E-commerce,0
T05496,C0550,4147.79,2026-08-06 09:27:00,Kolkata,Myntra,E-commerce,0
T01766,C0177,3255.46,2026-08-06 09:28:00,Goa,Burger King,Restaurant,0
T06746,C0675,612.49,2026-08-06 09:31:00,Kolkata,Max,Apparel,0
T03096,C0310,2448.62,2026-08-06 09:31:00,Chennai,Myntra,E-commerce,0
T03566,C0357,1789.17,2026-08-06 09:32:00,Mumbai,Max,Apparel,0
T03576,C0358,2940.72,2026-08-06 09:33:00,Goa,H&M,Apparel,0
T09116,C0912,1430.61,2026-08-06 09:33:00,Pune,H&M,Apparel,0
T08036,C0804,5479.5,2026-08-06 09:33:00,,Spar,Grocery,0
T05326,C0533,4938.56,2026-08-06 09:35:00,Goa,Max,Apparel,0
T00986,C0099,4613.89,2026-08-06 09:35:00,Mumbai,Max,Apparel,0
T05066,C0507,769.26,2026-08-06 09:36:00,Hyderabad,H&M,Apparel,0
T08056,C0806,2975.89,2026-08-06 09:37:00,Pune,H&M,Apparel,0
T08456,C0846,3119.72,2026-08-06 09:37:00,Hyderabad,Max,Apparel,0
T00866,C0087,2811.42,2026-08-06 09:38:00,,Zara,Apparel,0
T02526,C0253,1653.98,2026-08-06 09:40:00,Delhi,Spar,Grocery,0
T04566,C0457,1395.23,2026-08-06 09:42:00,Goa,Reliance,Retail,0
T04986,C0499,3355.48,2026-08-06 09:43:00,Delhi,Burger King,Restaurant,0
T05986,C0599,1035.62,2026-08-06 09:44:00,Pune,Reliance,Retail,0
T08606,C0861,514.56,2026-08-06 09:45:00,Goa,Spar,Grocery,0
T01736,C0174,6099.7,2026-08-06 09:46:00,Mumbai,Amazon,E-commerce,0
T07506,C0751,4842.18,2026-08-06 09:47:00,Bengaluru,,Apparel,0
T06556,C0656,591.69,2026-08-06 09:48:00,Mumbai,Burger King,Restaurant,0
T02056,C0206,6064.95,2026-08-06 09:48:00,Kolkata,Burger King,Restaurant,0
T09226,C0923,2105.69,2026-08-06 09:50:00,Mumbai,Zara,Apparel,0
T06886,C0689,4820.11,2026-08-06 09:52:00,Kolkata,Big Chill,Restaurant,0
T06386,C0639,2531.02,2026-08-06 09:57:00,Delhi,Spar,Grocery,0
T01476,C0148,747.43,2026-08-06 09:58:00,Bengaluru,Zara,Apparel,0
T07496,C0750,3362.29,2026-08-06 09:59:00,Pune,Big Chill,Restaurant,0
T07606,C0761,4820.79,2026-08-06 10:00:00,,Amazon,E-commerce,0
T09086,C0909,3944.45,2026-08-06 10:00:00,Goa,Max,Apparel,0
T09696,C0970,2221.43,2026-08-06 10:01:00,Bengaluru,Myntra,E-commerce,0
T09776,C0978,2334.36,2026-08-06 10:03:00,Delhi,Max,Apparel,0
T06066,C0607,2421.31,2026-08-06 10:05:00,Chennai,Burger King,Restaurant,0
T00236,C0024,5638.93,2026-08-06 10:05:00,Bengaluru,Flipkart,E-commerce,0
T03196,C0320,6366.53,2026-08-06 10:10:00,Pune,Flipkart,E-commerce,0
T03976,C0398,3893.9,2026-08-06 10:11:00,Kolkata,Amazon,E-commerce,0
T06616,C0662,2570.36,2026-08-06 10:12:00,Bengaluru,Amazon,E-commerce,0
T00186,C0019,1585.27,2026-08-06 10:12:00,Bengaluru,Myntra,E-commerce,0
T01966,C0197,3334.33,2026-08-06 10:12:00,Mumbai,Burger King,Restaurant,0
T02606,C0261,672.21,2026-08-06 10:13:00,Delhi,Amazon,E-commerce,0
T02106,C0211,2190.6,2026-08-06 10:13:00,Pune,Max,Apparel,0
T06406,C0641,4817.37,2026-08-06 10:14:00,Goa,Amazon,E-commerce,0
T06466,C0647,1607.07,2026-08-06 10:16:00,Kolkata,Reliance,Retail,0
T07916,C0792,1138.39,2026-08-06 10:17:00,Mumbai,Flipkart,E-commerce,0
T01296,C0130,6724.49,2026-08-06 10:17:00,Chennai,Max,Apparel,0
T09516,C0952,900.61,2026-08-06 10:17:00,Kolkata,H&M,Apparel,0
T02536,C0254,2817.63,2026-08-06 10:17:00,Mumbai,Amazon,E-commerce,0
T03166,C0317,2705.48,2026-08-06 10:18:00,Delhi,Max,Apparel,0
T04856,C0486,1635.14,2026-08-06 10:21:00,Kolkata,Amazon,E-commerce,0
T08136,C0814,3108.73,2026-08-06 10:21:00,Mumbai,Amazon,E-commerce,0
T00706,C0071,5459.53,2026-08-06 10:23:00,Delhi,Flipkart,E-commerce,0
T03946,C0395,4471.81,2026-08-06 10:25:00,Hyderabad,Burger King,Restaurant,0
T05206,C0521,1575.48,2026-08-06 10:26:00,Chennai,Max,Apparel,0
T08046,C0805,1591.86,2026-08-06 10:26:00,Pune,Flipkart,E-commerce,0
T03266,C0327,996.95,2026-08-06 10:27:00,Hyderabad,Flipkart,E-commerce,0
T06876,C0688,2088.0,2026-08-06 10:27:00,Chennai,Max,Apparel,0
T02136,C0214,2513.63,2026-08-06 10:28:00,Bengaluru,Max,Apparel,0
T05866,C0587,7229.26,2026-08-06 10:30:00,Delhi,H&M,Apparel,0
T02666,C0267,2304.28,2026-08-06 10:30:00,Chennai,Reliance,Retail,0
T08576,C0858,2660.52,2026-08-06 10:30:00,Mumbai,Flipkart,E-commerce,0
T09876,C0988,5316.57,2026-08-06 10:31:00,Bengaluru,Zara,Apparel,0
T08706,C0871,4879.09,2026-08-06 10:31:00,Bengaluru,Amazon,E-commerce,0
T08656,C0866,2045.97,2026-08-06 10:32:00,Mumbai,Reliance,Retail,0
T01566,C0157,4166.35,2026-08-06 10:33:00,Pune,,Retail,0
T03606,C0361,4101.54,2026-08-06 10:33:00,Goa,Flipkart,E-commerce,0
T05586,C0559,1175.84,2026-08-06 10:33:00,Chennai,,Apparel,0
T00036,C0004,2086.99,2026-08-06 10:34:00,Delhi,Big Chill,Restaurant,0
T00466,C0047,1383.81,2026-08-06 10:35:00,Bengaluru,Flipkart,E-commerce,0
T07636,C0764,2495.45,2026-08-06 10:42:00,Chennai,Big Chill,Restaurant,0
T05016,C0502,632.88,2026-08-06 10:44:00,Bengaluru,Zara,Apparel,0
T07416,C0742,436.27,2026-08-06 10:46:00,Mumbai,Reliance,Retail,0
T05776,C0578,937.16,2026-08-06 10:47:00,Kolkata,Zara,Apparel,0
T04286,C0429,2448.41,2026-08-06 10:47:00,Kolkata,Amazon,E-commerce,0
T02246,C0225,2908.5,2026-08-06 10:47:00,Pune,Big Chill,Restaurant,0
T08066,C0807,1930.86,2026-08-06 10:48:00,Mumbai,Reliance,Retail,0
T06206,C0621,1768.45,2026-08-06 10:48:00,Mumbai,Burger King,Restaurant,0
T06546,C0655,1979.09,2026-08-06 10:48:00,Chennai,Zara,Apparel,0
T01306,C0131,1286.38,2026-08-06 10:50:00,Chennai,Flipkart,E-commerce,0
T05466,C0547,2242.47,2026-08-06 10:51:00,Goa,Big Chill,Restaurant,0
T09386,C0939,3351.09,2026-08-06 10:52:00,Kolkata,H&M,Apparel,0
T09296,C0930,6174.32,2026-08-06 10:52:00,Bengaluru,Spar,Grocery,0
T05606,C0561,3589.46,2026-08-06 10:53:00,,Burger King,Restaurant,0
T00436,C0044,3719.69,2026-08-06 10:54:00,Kolkata,Reliance,Retail,0
T08476,C0848,2524.47,2026-08-06 10:54:00,Kolkata,Reliance,Retail,0
T09866,C0987,1726.38,2026-08-06 10:55:00,Mumbai,Burger King,Restaurant,0
T08006,C0801,2133.8,2026-08-06 10:56:00,Mumbai,Burger King,Restaurant,0
T05556,C0556,2725.79,2026-08-06 10:57:00,Mumbai,H&M,Apparel,0
T03406,C0341,4628.91,2026-08-06 10:58:00,Chennai,Zara,Apparel,0
T03646,C0365,763.45,2026-08-06 10:59:00,Hyderabad,Reliance,Retail,0
T07696,C0770,3198.22,2026-08-06 11:01:00,Kolkata,Flipkart,E-commerce,0
T09006,C0901,1149.77,2026-08-06 11:01:00,Bengaluru,Reliance,Retail,0
T05546,C0555,5992.05,2026-08-06 11:01:00,Hyderabad,H&M,Apparel,0
T05406,C0541,2461.3,2026-08-06 11:02:00,Goa,Reliance,Retail,0
T06916,C0692,1108.85,2026-08-06 11:03:00,Hyderabad,Spar,Grocery,0
T07876,C0788,789.16,2026-08-06 11:04:00,Kolkata,Max,Apparel,0
T05256,C0526,1665.95,2026-08-06 11:05:00,Bengaluru,Spar,Grocery,0
T04916,C0492,531.49,2026-08-06 11:05:00,Delhi,Flipkart,E-commerce,0
T02296,C0230,2791.28,2026-08-06 11:06:00,Hyderabad,Big Chill,Restaurant,0
T07296,C0730,1473.1,2026-08-06 11:06:00,Delhi,Zara,Apparel,0
T08206,C0821,3155.1,2026-08-06 11:09:00,Kolkata,Flipkart,E-commerce,0
T07926,C0793,2027.04,2026-08-06 11:11:00,Chennai,Big Chill,Restaurant,0
T02986,C0299,2400.49,2026-08-06 11:12:00,Mumbai,Spar,Grocery,0
T06836,C0684,3629.74,2026-08-06 11:13:00,Mumbai,Reliance,Retail,0
T05386,C0539,1118.55,2026-08-06 11:19:00,Chennai,Zara,Apparel,0
T06176,C0618,5195.96,2026-08-06 11:20:00,Kolkata,Zara,Apparel,0
T04386,C0439,5783.86,2026-08-06 11:21:00,Kolkata,Big Chill,Restaurant,0
T07466,C0747,3118.39,2026-08-06 11:21:00,Hyderabad,Burger King,Restaurant,0
T09616,C0962,2903.77,2026-08-06 11:21:00,Hyderabad,Myntra,E-commerce,0
T00336,C0034,7141.14,2026-08-06 11:21:00,Chennai,H&M,Apparel,0
T02516,C0252,4767.2,2026-08-06 11:23:00,Mumbai,Flipkart,E-commerce,0
T01236,C0124,6839.31,2026-08-06 11:25:00,Goa,Myntra,E-commerce,0
T07586,C0759,2515.43,2026-08-06 11:25:00,Hyderabad,Max,Apparel,0
T03756,C0376,942.01,2026-08-06 11:26:00,Kolkata,Max,Apparel,0
T03246,C0325,2092.36,2026-08-06 11:27:00,Bengaluru,H&M,Apparel,0
T05366,C0537,4712.81,2026-08-06 11:28:00,Mumbai,Big Chill,Restaurant,0
T09126,C0913,3832.15,2026-08-06 11:30:00,Pune,Max,Apparel,0
T05236,C0524,4782.0,2026-08-06 11:32:00,Hyderabad,Burger King,Restaurant,0
T02756,C0276,394.8,2026-08-06 11:33:00,Chennai,Spar,Grocery,0
T03866,C0387,2384.71,2026-08-06 11:33:00,Bengaluru,Big Chill,Restaurant,0
T02546,C0255,4432.71,2026-08-06 11:34:00,Bengaluru,Flipkart,E-commerce,0
T09796,C0980,905.66,2026-08-06 11:34:00,Hyderabad,Myntra,E-commerce,0
T04766,C0477,3776.78,2026-08-06 11:35:00,Pune,Max,Apparel,0
T03236,C0324,2553.56,2026-08-06 11:35:00,Delhi,H&M,Apparel,0
T05876,C0588,1105.94,2026-08-06 11:36:00,Bengaluru,Reliance,Retail,0
T04826,C0483,2739.15,2026-08-06 11:38:00,Pune,Zara,Apparel,0
T00546,C0055,4690.63,2026-08-06 11:39:00,Mumbai,H&M,Apparel,0
T03926,C0393,5386.58,2026-08-06 11:39:00,Hyderabad,Flipkart,E-commerce,0
T05506,C0551,1989.77,2026-08-06 11:40:00,Pune,Zara,Apparel,0
T05716,C0572,1219.58,2026-08-06 11:43:00,Chennai,Reliance,Retail,0
T01516,C0152,3722.36,2026-08-06 11:43:00,Chennai,Max,Apparel,0
T01176,C0118,4871.75,2026-08-06 11:44:00,Hyderabad,Amazon,E-commerce,0
T06336,C0634,1292.3,2026-08-06 11:45:00,Pune,H&M,Apparel,0
T07406,C0741,2611.11,2026-08-06 11:47:00,Kolkata,Big Chill,Restaurant,0
T09656,C0966,1185.01,2026-08-06 11:48:00,,Burger King,Restaurant,0
T07716,C0772,3442.19,2026-08-06 11:49:00,Hyderabad,Big Chill,Restaurant,0
T02886,C0289,2503.69,2026-08-06 11:51:00,Delhi,H&M,Apparel,0
T09286,C0929,1620.86,2026-08-06 11:51:00,Kolkata,Flipkart,E-commerce,0
T04736,C0474,829.22,2026-08-06 11:53:00,Kolkata,Zara,Apparel,0
T05996,C0600,1557.43,2026-08-06 11:53:00,Chennai,Spar,Grocery,0
T08956,C0896,457.48,2026-08-06 11:54:00,Pune,Amazon,E-commerce,0
T06116,C0612,1039.53,2026-08-06 11:55:00,Bengaluru,Flipkart,E-commerce,0
T01186,C0119,3037.1,2026-08-06 11:55:00,Bengaluru,Flipkart,E-commerce,0
T08626,C0863,2956.67,2026-08-06 11:57:00,Mumbai,Big Chill,Restaurant,0
T07346,C0735,2970.58,2026-08-06 12:01:00,Delhi,Myntra,E-commerce,0
T04426,C0443,1626.02,2026-08-06 12:01:00,Goa,Burger King,Restaurant,0
T08146,C0815,3095.23,2026-08-06 12:01:00,Hyderabad,Myntra,E-commerce,0
T09956,C0996,723.15,2026-08-06 12:02:00,Goa,Burger King,Restaurant,0
T05136,C0514,2127.95,2026-08-06 12:05:00,Bengaluru,Max,Apparel,0
T08686,C0869,1839.04,2026-08-06 12:09:00,Delhi,H&M,Apparel,0
T06956,C0696,784.66,2026-08-06 12:11:00,Goa,Myntra,E-commerce,0
T00566,C0057,1679.47,2026-08-06 12:11:00,,,E-commerce,0
T00096,C0010,2837.01,2026-08-06 12:12:00,Bengaluru,H&M,Apparel,0
T00326,C0033,5450.48,2026-08-06 12:13:00,Kolkata,Flipkart,E-commerce,0
T01066,C0107,828.82,2026-08-06 12:13:00,Mumbai,,Restaurant,0
T06996,C0700,2697.63,2026-08-06 12:16:00,Mumbai,Burger King,Restaurant,0
T01626,C0163,556.14,2026-08-06 12:16:00,Goa,Myntra,E-commerce,0
T06856,C0686,3546.74,2026-08-06 12:17:00,Hyderabad,H&M,Apparel,0
T04126,C0413,5842.42,2026-08-06 12:19:00,Chennai,Amazon,E-commerce,0
T01106,C0111,6238.38,2026-08-06 12:21:00,Delhi,Big Chill,Restaurant,0
T01116,C0112,3033.51,2026-08-06 12:22:00,Pune,Zara,Apparel,0
T00676,C0068,2614.33,2026-08-06 12:23:00,Chennai,Spar,Grocery,0
T05636,C0564,1205.07,2026-08-06 12:23:00,Kolkata,Amazon,E-commerce,0
T01846,C0185,4182.22,2026-08-06 12:25:00,Bengaluru,Burger King,Restaurant,0
T05476,C0548,2111.99,2026-08-06 12:25:00,Kolkata,Myntra,E-commerce,0
T07546,C0755,1060.62,2026-08-06 12:25:00,Hyderabad,Burger King,Restaurant,0
T07336,C0734,1360.24,2026-08-06 12:26:00,Hyderabad,Burger King,Restaurant,0
T03056,C0306,484.14,2026-08-06 12:26:00,Kolkata,Myntra,E-commerce,0
T07966,C0797,3550.21,2026-08-06 12:26:00,Goa,Amazon,E-commerce,0
T06646,C0665,2733.59,2026-08-06 12:28:00,Hyderabad,Flipkart,E-commerce,0
T04786,C0479,813.36,2026-08-06 12:30:00,Kolkata,Spar,Grocery,0
T04256,C0426,1136.51,2026-08-06 12:31:00,Hyderabad,Flipkart,E-commerce,0
T09986,C0999,4624.9,2026-08-06 12:32:00,Kolkata,Max,Apparel,0
T03786,C0379,5124.51,2026-08-06 12:32:00,Goa,Reliance,Retail,0
T08466,C0847,4509.56,2026-08-06 12:33:00,Hyderabad,Myntra,E-commerce,0
T01166,C0117,2793.46,2026-08-06 12:35:00,Bengaluru,Reliance,Retail,0
T07756,C0776,4546.08,2026-08-06 12:35:00,Mumbai,Amazon,E-commerce,0
T07776,C0778,3361.11,2026-08-06 12:35:00,Kolkata,H&M,Apparel,0
T07036,C0704,1453.89,2026-08-06 12:36:00,Chennai,Max,Apparel,0
T00176,C0018,4605.41,2026-08-06 12:36:00,Pune,Max,Apparel,0
T08986,C0899,4088.31,2026-08-06 12:38:00,Bengaluru,Myntra,E-commerce,0
T06676,C0668,3007.1,2026-08-06 12:38:00,Hyderabad,Reliance,Retail,0
T09326,C0933,5604.33,2026-08-06 12:38:00,,Amazon,E-commerce,0
T05856,C0586,750.33,2026-08-06 12:39:00,Kolkata,Myntra,E-commerce,0
T01746,C0175,3207.06,2026-08-06 12:40:00,Kolkata,Flipkart,E-commerce,0
T09176,C0918,1005.46,2026-08-06 12:41:00,Mumbai,Flipkart,E-commerce,0
T01366,C0137,2942.44,2026-08-06 12:42:00,Bengaluru,Reliance,Retail,0
T00996,C0100,423.43,2026-08-06 12:43:00,Kolkata,Reliance,Retail,0
T00776,C0078,3137.24,2026-08-06 12:46:00,Delhi,H&M,Apparel,0
T01696,C0170,2740.11,2026-08-06 12:46:00,Kolkata,Big Chill,Restaurant,0
T06896,C0690,5244.1,2026-08-06 12:47:00,Mumbai,,Apparel,0
T05086,C0509,908.54,2026-08-06 12:47:00,Hyderabad,Myntra,E-commerce,0
T07156,C0716,4479.25,2026-08-06 12:47:00,Kolkata,Myntra,E-commerce,0
T05486,C0549,2246.89,2026-08-06 12:47:00,Chennai,H&M,Apparel,0
T08846,C0885,1661.52,2026-08-06 12:48:00,Kolkata,Flipkart,E-commerce,0
T08936,C0894,2270.73,2026-08-06 12:49:00,Goa,Max,Apparel,0
T08616,C0862,1171.08,2026-08-06 12:50:00,Mumbai,Zara,Apparel,0
T07016,C0702,2803.39,2026-08-06 12:50:00,Mumbai,Zara,Apparel,0
T03896,C0390,510.18,2026-08-06 12:53:00,Bengaluru,Burger King,Restaurant,0
T06976,C0698,1368.2,2026-08-06 12:53:00,Bengaluru,Big Chill,Restaurant,0
T08596,C0860,1297.86,2026-08-06 12:56:00,Mumbai,Reliance,Retail,0
T08356,C0836,2110.62,2026-08-06 13:00:00,Delhi,H&M,Apparel,0
T05376,C0538,3764.17,2026-08-06 13:00:00,Delhi,Spar,Grocery,0
T09096,C0910,1541.27,2026-08-06 13:00:00,Delhi,Reliance,Retail,0
T09036,C0904,650.41,2026-08-06 13:00:00,Pune,Amazon,E-commerce,0
T06106,C0611,1106.03,2026-08-06 13:03:00,Chennai,Burger King,Restaurant,0
T02176,C0218,5427.65,2026-08-06 13:04:00,Pune,Big Chill,Restaurant,0
T04156,C0416,5988.22,2026-08-06 13:04:00,Bengaluru,Amazon,E-commerce,0
T04906,C0491,619.08,2026-08-06 13:06:00,Kolkata,Big Chill,Restaurant,0
T01486,C0149,4732.93,2026-08-06 13:08:00,Goa,Reliance,Retail,0
T03286,C0329,2107.75,2026-08-06 13:08:00,Hyderabad,Reliance,Retail,0
T03546,C0355,1386.89,2026-08-06 13:10:00,Pune,Burger King,Restaurant,0
T00426,C0043,4378.87,2026-08-06 13:11:00,Mumbai,Big Chill,Restaurant,0
T06416,C0642,2186.98,2026-08-06 13:12:00,Chennai,H&M,Apparel,0
T08216,C0822,732.43,2026-08-06 13:14:00,Kolkata,Flipkart,E-commerce,0
T03996,C0400,1639.96,2026-08-06 13:14:00,Delhi,Myntra,E-commerce,0
T02976,C0298,3432.91,2026-08-06 13:15:00,Bengaluru,Big Chill,Restaurant,0
T08186,C0819,3140.66,2026-08-06 13:16:00,Pune,Spar,Grocery,0
T00486,C0049,742.47,2026-08-06 13:17:00,Pune,H&M,Apparel,0
T01796,C0180,2761.2,2026-08-06 13:17:00,Pune,Reliance,Retail,0
T02466,C0247,1645.47,2026-08-06 13:17:00,Kolkata,Reliance,Retail,0
T07856,C0786,4323.63,2026-08-06 13:18:00,Goa,Myntra,E-commerce,0
T09976,C0998,3012.1,2026-08-06 13:19:00,Bengaluru,Flipkart,E-commerce,0
T07846,C0785,358.86,2026-08-06 13:19:00,Delhi,Reliance,Retail,0
T09546,C0955,2650.84,2026-08-06 13:20:00,Mumbai,Spar,Grocery,0
T05706,C0571,5845.36,2026-08-06 13:20:00,Mumbai,H&M,Apparel,0
T05286,C0529,5758.26,2026-08-06 13:20:00,Bengaluru,Spar,Grocery,0
T06626,C0663,2269.63,2026-08-06 13:22:00,Mumbai,H&M,Apparel,0
T02306,C0231,1547.94,2026-08-06 13:23:00,Chennai,Reliance,Retail,0
T07536,C0754,1521.17,2026-08-06 13:25:00,Hyderabad,Big Chill,Restaurant,0
T07146,C0715,1523.04,2026-08-06 13:26:00,Chennai,Spar,Grocery,0
T00526,C0053,3890.38,2026-08-06 13:26:00,Delhi,Burger King,Restaurant,0
T00736,C0074,6609.91,2026-08-06 13:27:00,Chennai,Big Chill,Restaurant,0
T09636,C0964,4733.55,2026-08-06 13:27:00,Pune,Amazon,E-commerce,0
T02926,C0293,1963.95,2026-08-06 13:30:00,Goa,Big Chill,Restaurant,0
T06606,C0661,3885.85,2026-08-06 13:32:00,Kolkata,Myntra,E-commerce,0
T06026,C0603,2350.47,2026-08-06 13:33:00,Pune,Big Chill,Restaurant,0
T05396,C0540,1751.66,2026-08-06 13:34:00,Pune,Flipkart,E-commerce,0
T04756,C0476,2056.71,2026-08-06 13:34:00,Pune,Big Chill,Restaurant,0
T08716,C0872,1476.46,2026-08-06 13:34:00,Goa,Big Chill,Restaurant,0
T05696,C0570,1276.7,2026-08-06 13:35:00,Delhi,Burger King,Restaurant,0
T01266,C0127,2903.57,2026-08-06 13:37:00,,Reliance,Retail,0
T06536,C0654,3238.76,2026-08-06 13:38:00,Delhi,Max,Apparel,0
T05166,C0517,1601.56,2026-08-06 13:38:00,Mumbai,Big Chill,Restaurant,0
T06986,C0699,793.37,2026-08-06 13:38:00,Kolkata,Big Chill,Restaurant,0
T09936,C0994,1287.78,2026-08-06 13:39:00,Mumbai,Reliance,Retail,0
T02896,C0290,2234.14,2026-08-06 13:40:00,Kolkata,Burger King,Restaurant,0
T01086,C0109,1188.81,2026-08-06 13:40:00,Kolkata,Myntra,E-commerce,0
T07866,C0787,5075.15,2026-08-06 13:42:00,Bengaluru,,E-commerce,0
T02016,C0202,5193.9,2026-08-06 13:42:00,Kolkata,H&M,Apparel,0
T04646,C0465,4217.39,2026-08-06 13:43:00,Chennai,Spar,Grocery,0
T01676,C0168,2327.03,2026-08-06 13:43:00,Bengaluru,Burger King,Restaurant,0
T01006,C0101,2445.51,2026-08-06 13:44:00,Goa,Myntra,E-commerce,0
T08496,C0850,1759.86,2026-08-06 13:44:00,Goa,Big Chill,Restaurant,0
T03496,C0350,4904.96,2026-08-06 13:45:00,Kolkata,Amazon,E-commerce,0
T00946,C0095,2557.36,2026-08-06 13:47:00,Mumbai,Zara,Apparel,0
T08086,C0809,1897.97,2026-08-06 13:47:00,Mumbai,Flipkart,E-commerce,0
T06226,C0623,838.07,2026-08-06 13:48:00,Hyderabad,Myntra,E-commerce,0
T06186,C0619,1767.81,2026-08-06 13:49:00,Goa,Zara,Apparel,0
T01646,C0165,1733.54,2026-08-06 13:50:00,Bengaluru,Reliance,Retail,0
T04936,C0494,6498.76,2026-08-06 13:51:00,Mumbai,H&M,Apparel,0
T00256,C0026,1404.56,2026-08-06 13:51:00,,Zara,Apparel,0
T07076,C0708,1721.1,2026-08-06 13:51:00,Pune,Big Chill,Restaurant,0
T08736,C0874,4625.65,2026-08-06 13:53:00,Chennai,Max,Apparel,0
T01026,C0103,2859.57,2026-08-06 13:53:00,Chennai,Max,Apparel,0
T08756,C0876,3271.95,2026-08-06 13:53:00,Goa,Flipkart,E-commerce,0
T03816,C0382,2137.12,2026-08-06 13:55:00,Chennai,Spar,Grocery,0
T03966,C0397,4235.37,2026-08-06 13:55:00,Chennai,Zara,Apparel,0
T00626,C0063,1813.9,2026-08-06 13:56:00,Bengaluru,Zara,Apparel,0
T09896,C0990,3459.53,2026-08-06 13:56:00,Kolkata,Amazon,E-commerce,0
T09756,C0976,1102.44,2026-08-06 13:57:00,Delhi,Flipkart,E-commerce,0
T04686,C0469,4189.65,2026-08-06 13:57:00,Delhi,Flipkart,E-commerce,0
T03726,C0373,4686.24,2026-08-06 13:57:00,Bengaluru,Big Chill,Restaurant,0
T06146,C0615,780.59,2026-08-06 13:58:00,Pune,Burger King,Restaurant,0
T04726,C0473,705.72,2026-08-06 13:58:00,Mumbai,Flipkart,E-commerce,0
T07906,C0791,2666.14,2026-08-06 14:00:00,Goa,Max,Apparel,0
T05816,C0582,2542.36,2026-08-06 14:00:00,Hyderabad,H&M,Apparel,0
T07426,C0743,1173.0,2026-08-06 14:00:00,Bengaluru,Burger King,Restaurant,0
T07116,C0712,5278.49,2026-08-06 14:01:00,Pune,Amazon,E-commerce,0
T05446,C0545,603.5,2026-08-06 14:01:00,Hyderabad,Reliance,Retail,0
T01056,C0106,2222.56,2026-08-06 14:01:00,Bengaluru,Spar,Grocery,0
T01976,C0198,2493.86,2026-08-06 14:02:00,Goa,Spar,Grocery,0
T02456,C0246,1859.69,2026-08-06 14:04:00,Hyderabad,Spar,Grocery,0
T02226,C0223,2451.75,2026-08-06 14:06:00,Bengaluru,Max,Apparel,0
T03256,C0326,1028.26,2026-08-06 14:07:00,Chennai,Zara,Apparel,0
T04196,C0420,682.36,2026-08-06 14:08:00,Goa,Max,Apparel,0
T03626,C0363,3482.38,2026-08-06 14:08:00,Chennai,Reliance,Retail,0
T03326,C0333,2805.13,2026-08-06 14:10:00,Mumbai,Amazon,E-commerce,0
T03126,C0313,3399.88,2026-08-06 14:10:00,Mumbai,Burger King,Restaurant,0
T01616,C0162,1208.32,2026-08-06 14:11:00,Chennai,Max,Apparel,0
T06166,C0617,1900.25,2026-08-06 14:11:00,Delhi,Myntra,E-commerce,0
T04276,C0428,1019.05,2026-08-06 14:12:00,Bengaluru,Spar,Grocery,0
T05786,C0579,1519.34,2026-08-06 14:16:00,Chennai,Reliance,Retail,0
T05056,C0506,3296.14,2026-08-06 14:17:00,Hyderabad,Reliance,Retail,0
T03146,C0315,2569.22,2026-08-06 14:18:00,Hyderabad,Myntra,E-commerce,0
T09946,C0995,793.7,2026-08-06 14:18:00,Bengaluru,Burger King,Restaurant,0
T07256,C0726,934.5,2026-08-06 14:19:00,Kolkata,Burger King,Restaurant,0
T00026,C0003,473.24,2026-08-06 14:20:00,Chennai,Myntra,E-commerce,0
T01496,C0150,2051.32,2026-08-06 14:20:00,Bengaluru,Spar,Grocery,0
T02196,C0220,2993.99,2026-08-06 14:23:00,Mumbai,Reliance,Retail,0
T03506,C0351,3463.39,2026-08-06 14:23:00,Goa,Zara,Apparel,0
T09816,C0982,3858.97,2026-08-06 14:24:00,,Flipkart,E-commerce,0
T02736,C0274,3225.41,2026-08-06 14:24:00,Delhi,Big Chill,Restaurant,0
T02566,C0257,4433.46,2026-08-06 14:24:00,Hyderabad,Reliance,Retail,0
T00806,C0081,4345.53,2026-08-06 14:25:00,Hyderabad,Amazon,E-commerce,0
T05566,C0557,1430.76,2026-08-06 14:27:00,Bengaluru,Max,Apparel,0
T06866,C0687,1540.72,2026-08-06 14:28:00,Mumbai,Myntra,E-commerce,0
T04836,C0484,4486.15,2026-08-06 14:28:00,,Burger King,Restaurant,0
T01346,C0135,609.26,2026-08-06 14:29:00,Hyderabad,Burger King,Restaurant,0
T04886,C0489,558.46,2026-08-06 14:29:00,Goa,Burger King,Restaurant,0
T02716,C0272,894.69,2026-08-06 14:29:00,Goa,H&M,Apparel,0
T02696,C0270,1891.31,2026-08-06 14:30:00,Delhi,Max,Apparel,0
T02276,C0228,4135.02,2026-08-06 14:30:00,Chennai,Spar,Grocery,0
T09406,C0941,3086.17,2026-08-06 14:34:00,Pune,Spar,Grocery,0
T02426,C0243,3447.5,2026-08-06 14:35:00,Chennai,Burger King,Restaurant,0
T06426,C0643,5267.59,2026-08-06 14:35:00,Bengaluru,Spar,Grocery,0
T01416,C0142,1936.74,2026-08-06 14:35:00,Hyderabad,Myntra,E-commerce,0
T00216,C0022,3632.43,2026-08-06 14:36:00,Mumbai,Max,Apparel,0
T01786,C0179,2828.97,2026-08-06 14:36:00,Bengaluru,Reliance,Retail,0
T01326,C0133,6013.78,2026-08-06 14:37:00,Hyderabad,Burger King,Restaurant,0
T09786,C0979,5067.55,2026-08-06 14:41:00,Pune,Reliance,Retail,0
T08386,C0839,3295.4,2026-08-06 14:41:00,Chennai,Spar,Grocery,0
T00876,C0088,2008.89,2026-08-06 14:41:00,Chennai,Amazon,E-commerce,0
T01776,C0178,2759.46,2026-08-06 14:43:00,Delhi,Max,Apparel,0
T01996,C0200,3994.17,2026-08-06 14:43:00,Pune,Myntra,E-commerce,0
T09556,C0956,3373.19,2026-08-06 14:44:00,Goa,Flipkart,E-commerce,0
T06196,C0620,1521.31,2026-08-06 14:45:00,Delhi,Zara,Apparel,0
T09716,C0972,2247.41,2026-08-06 14:46:00,Hyderabad,Burger King,Restaurant,0
T05116,C0512,739.04,2026-08-06 14:48:00,Mumbai,Big Chill,Restaurant,0
T00646,C0065,1578.68,2026-08-06 14:48:00,Goa,Flipkart,E-commerce,0
T02126,C0213,368.58,2026-08-06 14:49:00,,Reliance,Retail,0
T07376,C0738,4173.75,2026-08-06 14:50:00,Goa,Amazon,E-commerce,0
T03656,C0366,1275.44,2026-08-06 14:51:00,Goa,Reliance,Retail,0
T01666,C0167,1052.96,2026-08-06 14:51:00,Delhi,Max,Apparel,0
T02006,C0201,1078.6,2026-08-06 14:52:00,Goa,H&M,Apparel,0
T06436,C0644,1145.69,2026-08-06 14:53:00,Kolkata,H&M,Apparel,0
T08866,C0887,4336.89,2026-08-06 14:54:00,Goa,Reliance,Retail,0
T04416,C0442,615.82,2026-08-06 14:54:00,,H&M,Apparel,0
T06706,C0671,1425.61,2026-08-06 14:54:00,Goa,Spar,Grocery,0
T02376,C0238,1508.09,2026-08-06 14:54:00,Delhi,Myntra,E-commerce,0
T03376,C0338,2055.2,2026-08-06 14:55:00,Hyderabad,Big Chill,Restaurant,0
T06636,C0664,2974.4,2026-08-06 14:56:00,Pune,Amazon,E-commerce,0
T00826,C0083,1227.99,2026-08-06 14:57:00,Delhi,Max,Apparel,0
T07616,C0762,1952.75,2026-08-06 14:57:00,Delhi,Myntra,E-commerce,0
T09916,C0992,1212.78,2026-08-06 14:59:00,Goa,Max,Apparel,0
T07386,C0739,2249.96,2026-08-06 15:02:00,Bengaluru,Big Chill,Restaurant,0
T07126,C0713,3698.18,2026-08-06 15:02:00,Mumbai,Zara,Apparel,0
T01576,C0158,870.88,2026-08-06 15:04:00,Pune,Amazon,E-commerce,0
T09236,C0924,513.82,2026-08-06 15:05:00,Pune,Flipkart,E-commerce,0
T04846,C0485,2372.66,2026-08-06 15:06:00,Goa,Big Chill,Restaurant,0
T00936,C0094,1883.6,2026-08-06 15:07:00,Bengaluru,Myntra,E-commerce,0
T02486,C0249,1930.32,2026-08-06 15:09:00,Kolkata,Reliance,Retail,0
T03906,C0391,3848.42,2026-08-06 15:11:00,Bengaluru,Reliance,Retail,0
T04066,C0407,6340.43,2026-08-06 15:12:00,Hyderabad,Spar,Grocery,0
T02726,C0273,781.13,2026-08-06 15:12:00,Hyderabad,Amazon,E-commerce,0
T04406,C0441,3188.95,2026-08-06 15:13:00,Mumbai,Spar,Grocery,0
T01706,C0171,2054.52,2026-08-06 15:15:00,Hyderabad,Max,Apparel,0
T03106,C0311,370.79,2026-08-06 15:16:00,Bengaluru,Reliance,Retail,0
T07656,C0766,3201.16,2026-08-06 15:17:00,Hyderabad,H&M,Apparel,0
T00146,C0015,3174.03,2026-08-06 15:18:00,Goa,Flipkart,E-commerce,0
T02086,C0209,3675.13,2026-08-06 15:18:00,Delhi,Amazon,E-commerce,0
T04456,C0446,2233.05,2026-08-06 15:18:00,Chennai,Flipkart,E-commerce,0
T01526,C0153,2555.74,2026-08-06 15:20:00,Goa,H&M,Apparel,0
T02046,C0205,6242.94,2026-08-06 15:20:00,Hyderabad,Big Chill,Restaurant,0
T00976,C0098,3085.27,2026-08-06 15:23:00,Chennai,Max,Apparel,0
T08546,C0855,1776.99,2026-08-06 15:24:00,Mumbai,Zara,Apparel,0
T02446,C0245,1129.22,2026-08-06 15:24:00,Mumbai,Flipkart,E-commerce,0
T03706,C0371,1807.71,2026-08-06 15:26:00,Goa,Spar,Grocery,0
T02676,C0268,516.3,2026-08-06 15:28:00,Chennai,Burger King,Restaurant,0
T01146,C0115,4164.96,2026-08-06 15:30:00,Chennai,Reliance,Retail,0
T06476,C0648,3835.16,2026-08-06 15:30:00,Goa,Myntra,E-commerce,0
T09046,C0905,1763.19,2026-08-06 15:30:00,Goa,Myntra,E-commerce,0
T02576,C0258,4328.7,2026-08-06 15:31:00,Pune,H&M,Apparel,0
T07566,C0757,5682.54,2026-08-06 15:31:00,Kolkata,Reliance,Retail,0
T03206,C0321,630.8,2026-08-06 15:31:00,Chennai,H&M,Apparel,0
T05906,C0591,4381.18,2026-08-06 15:31:00,Mumbai,Burger King,Restaurant,0
T03856,C0386,920.25,2026-08-06 15:32:00,Delhi,Burger King,Restaurant,0
T05126,C0513,2778.23,2026-08-06 15:34:00,Chennai,Reliance,Retail,0
T01946,C0195,1733.74,2026-08-06 15:35:00,Hyderabad,Amazon,E-commerce,0
T05656,C0566,4661.05,2026-08-06 15:38:00,Goa,Burger King,Restaurant,0
T00446,C0045,3341.78,2026-08-06 15:38:00,Chennai,Myntra,E-commerce,0
T05846,C0585,2518.75,2026-08-06 15:41:00,Hyderabad,Reliance,Retail,0
T00966,C0097,2746.07,2026-08-06 15:44:00,Mumbai,Myntra,E-commerce,0
T08026,C0803,519.62,2026-08-06 15:44:00,Delhi,Burger King,Restaurant,0
T00016,C0002,5713.41,2026-08-06 15:44:00,Goa,Reliance,Retail,0
T05276,C0528,6653.52,2026-08-06 15:47:00,Kolkata,Big Chill,Restaurant,0
T03616,C0362,6270.44,2026-08-06 15:47:00,Chennai,Flipkart,E-commerce,0
T09106,C0911,6447.34,2026-08-06 15:48:00,Delhi,Zara,Apparel,0
T05416,C0542,2701.71,2026-08-06 15:48:00,Bengaluru,Reliance,Retail,0
T04076,C0408,2477.97,2026-08-06 15:49:00,Hyderabad,Burger King,Restaurant,0
T07326,C0733,7171.86,2026-08-06 15:50:00,Goa,Flipkart,E-commerce,0
T04496,C0450,1213.74,2026-08-06 15:53:00,Delhi,Big Chill,Restaurant,0
T03556,C0356,4052.69,2026-08-06 15:53:00,Kolkata,,Grocery,0
T03986,C0399,1363.77,2026-08-06 15:53:00,Hyderabad,Big Chill,Restaurant,0
T00396,C0040,1416.69,2026-08-06 15:55:00,Pune,H&M,Apparel,0
T09196,C0920,2872.01,2026-08-06 15:58:00,Chennai,Burger King,Restaurant,0
T04966,C0497,2368.86,2026-08-06 15:58:00,Pune,Amazon,E-commerce,0
T04186,C0419,1001.81,2026-08-06 16:03:00,Delhi,Reliance,Retail,0
T08346,C0835,3809.17,2026-08-06 16:03:00,Goa,Zara,Apparel,0
T04466,C0447,3701.76,2026-08-06 16:04:00,Bengaluru,Zara,Apparel,0
T06716,C0672,2778.51,2026-08-06 16:05:00,Hyderabad,Burger King,Restaurant,0
T07196,C0720,495.15,2026-08-06 16:05:00,Kolkata,Amazon,E-commerce,0
T08426,C0843,2517.81,2026-08-06 16:06:00,Goa,Myntra,E-commerce,0
T04056,C0406,4944.32,2026-08-06 16:09:00,Hyderabad,Big Chill,Restaurant,0
T02796,C0280,2440.14,2026-08-06 16:10:00,Mumbai,Myntra,E-commerce,0
T06456,C0646,2132.11,2026-08-06 16:10:00,Hyderabad,H&M,Apparel,0
T08196,C0820,627.96,2026-08-06 16:12:00,,Reliance,Retail,0
T02346,C0235,1107.75,2026-08-06 16:13:00,Pune,Amazon,E-commerce,0
T07056,C0706,5186.15,2026-08-06 16:13:00,Pune,Amazon,E-commerce,0
T03216,C0322,773.52,2026-08-06 16:13:00,Mumbai,Myntra,E-commerce,0
T04946,C0495,4086.27,2026-08-06 16:15:00,Pune,Spar,Grocery,0
T02596,C0260,1200.99,2026-08-06 16:16:00,Goa,Spar,Grocery,0
T02476,C0248,1686.38,2026-08-06 16:18:00,Pune,Spar,Grocery,0
T06126,C0613,3455.42,2026-08-06 16:21:00,Goa,Reliance,Retail,0
T07526,C0753,5652.76,2026-08-06 16:21:00,Goa,Spar,Grocery,0
T00586,C0059,1352.54,2026-08-06 16:21:00,Bengaluru,H&M,Apparel,0
T05316,C0532,5770.43,2026-08-06 16:23:00,Bengaluru,Spar,Grocery,0
T06846,C0685,1476.25,2026-08-06 16:23:00,Pune,Reliance,Retail,0
T00346,C0035,2656.45,2026-08-06 16:25:00,Chennai,Spar,Grocery,0
T07766,C0777,3537.56,2026-08-06 16:25:00,Chennai,Zara,Apparel,0
T03776,C0378,3216.33,2026-08-06 16:26:00,Hyderabad,Big Chill,Restaurant,0
T01206,C0121,3318.55,2026-08-06 16:27:00,Delhi,Amazon,E-commerce,0
T04586,C0459,1228.28,2026-08-06 16:28:00,Mumbai,Burger King,Restaurant,0
T08166,C0817,4469.6,2026-08-06 16:28:00,Goa,Reliance,Retail,0
T02766,C0277,1072.38,2026-08-06 16:30:00,Hyderabad,,Apparel,0
T06786,C0679,1384.75,2026-08-06 16:30:00,,Max,Apparel,0
T03466,C0347,4069.56,2026-08-06 16:30:00,Goa,Amazon,E-commerce,0
T05536,C0554,2098.93,2026-08-06 16:31:00,Chennai,Spar,Grocery,0
T06666,C0667,484.2,2026-08-06 16:31:00,Pune,Amazon,E-commerce,0
T08396,C0840,642.1,2026-08-06 16:33:00,Delhi,H&M,Apparel,0
T07166,C0717,859.05,2026-08-06 16:34:00,Chennai,Reliance,Retail,0
T05896,C0590,3285.37,2026-08-06 16:34:00,Chennai,Max,Apparel,0
T09216,C0922,1775.93,2026-08-06 16:34:00,Mumbai,H&M,Apparel,0
T07886,C0789,2350.55,2026-08-06 16:34:00,Hyderabad,Reliance,Retail,0
T00066,C0007,1301.84,2026-08-06 16:35:00,Mumbai,Spar,Grocery,0
T06276,C0628,1558.14,2026-08-06 16:36:00,Mumbai,Amazon,E-commerce,0
T05626,C0563,2714.03,2026-08-06 16:36:00,Kolkata,Burger King,Restaurant,0
T07706,C0771,4223.26,2026-08-06 16:38:00,Chennai,Burger King,Restaurant,0
T00266,C0027,1663.4,2026-08-06 16:40:00,Goa,Flipkart,E-commerce,0
T00906,C0091,2436.07,2026-08-06 16:42:00,Pune,Myntra,E-commerce,0
T05036,C0504,4265.18,2026-08-06 16:42:00,Goa,Big Chill,Restaurant,0
T03276,C0328,1863.15,2026-08-06 16:42:00,Delhi,Amazon,E-commerce,0
T09736,C0974,4090.26,2026-08-06 16:44:00,Bengaluru,Zara,Apparel,0
T03476,C0348,924.29,2026-08-06 16:44:00,Goa,Spar,Grocery,0
T06096,C0610,2970.93,2026-08-06 16:46:00,Bengaluru,H&M,Apparel,0
T05596,C0560,2376.06,2026-08-06 16:46:00,Goa,Spar,Grocery,0
T08156,C0816,3602.76,2026-08-06 16:46:00,Hyderabad,Burger King,Restaurant,0
T08746,C0875,1378.85,2026-08-06 16:47:00,,Reliance,Retail,0
T03716,C0372,3197.32,2026-08-06 16:47:00,Delhi,Reliance,Retail,0
T04606,C0461,5011.14,2026-08-06 16:48:00,Pune,Zara,Apparel,0
T03596,C0360,3699.84,2026-08-06 16:49:00,,Flipkart,E-commerce,0
T06256,C0626,5467.33,2026-08-06 16:50:00,Goa,Flipkart,E-commerce,0
T00746,C0075,6466.66,2026-08-06 16:50:00,Goa,,Restaurant,0
T00246,C0025,4687.38,2026-08-06 16:51:00,Bengaluru,Reliance,Retail,0
T03696,C0370,3491.78,2026-08-06 16:51:00,Bengaluru,Reliance,Retail,0
T01406,C0141,1681.12,2026-08-06 16:52:00,Hyderabad,Spar,Grocery,0
T07806,C0781,1209.84,2026-08-06 16:53:00,Bengaluru,Burger King,Restaurant,0
T05006,C0501,885.89,2026-08-06 16:54:00,Pune,Burger King,Restaurant,0
T02826,C0283,2635.98,2026-08-06 16:55:00,Kolkata,Burger King,Restaurant,0
T09166,C0917,1751.23,2026-08-06 16:56:00,Mumbai,Zara,Apparel,0
T05806,C0581,4061.74,2026-08-06 16:57:00,,Reliance,Retail,0
T01596,C0160,1827.41,2026-08-06 16:57:00,Delhi,Burger King,Restaurant,0
T08226,C0823,4545.55,2026-08-06 16:58:00,Chennai,,Apparel,0
T00506,C0051,1813.6,2026-08-06 16:59:00,Chennai,Big Chill,Restaurant,0
T03046,C0305,1490.51,2026-08-06 16:59:00,Goa,Myntra,E-commerce,0
T03156,C0316,1669.32,2026-08-06 17:00:00,,H&M,Apparel,0
T03686,C0369,2017.54,2026-08-06 17:01:00,Bengaluru,Max,Apparel,0
T07266,C0727,4018.02,2026-08-06 17:01:00,Hyderabad,Reliance,Retail,0
T06726,C0673,3642.75,2026-08-06 17:01:00,Kolkata,Burger King,Restaurant,0
T04016,C0402,3853.38,2026-08-06 17:02:00,,Reliance,Retail,0
T08126,C0813,4427.08,2026-08-06 17:02:00,Kolkata,Flipkart,E-commerce,0
T01076,C0108,430.37,2026-08-06 17:03:00,Pune,Spar,Grocery,0
T03086,C0309,2150.37,2026-08-06 17:04:00,Kolkata,Flipkart,E-commerce,0
T07976,C0798,3152.39,2026-08-06 17:05:00,Goa,Reliance,Retail,0
T01556,C0156,2660.64,2026-08-06 17:06:00,Bengaluru,Reliance,Retail,0
T06286,C0629,1951.04,2026-08-06 17:07:00,Goa,Amazon,E-commerce,0
T05076,C0508,2848.46,2026-08-06 17:08:00,Hyderabad,Big Chill,Restaurant,0
T00276,C0028,696.5,2026-08-06 17:08:00,Pune,Flipkart,E-commerce,0
T00076,C0008,3385.48,2026-08-06 17:09:00,Bengaluru,Burger King,Restaurant,0
T06656,C0666,1736.65,2026-08-06 17:10:00,Hyderabad,Spar,Grocery,0
T07106,C0711,1023.02,2026-08-06 17:12:00,Goa,Max,Apparel,0
T08536,C0854,7200.62,2026-08-06 17:13:00,Pune,Big Chill,Restaurant,0
T04996,C0500,2690.85,2026-08-06 17:14:00,Hyderabad,Flipkart,E-commerce,0
T06216,C0622,3502.24,2026-08-06 17:14:00,Kolkata,Max,Apparel,0
T02026,C0203,3037.72,2026-08-06 17:16:00,Bengaluru,Burger King,Restaurant,0
T07936,C0794,4757.69,2026-08-06 17:18:00,Kolkata,Max,Apparel,0
T04576,C0458,3025.12,2026-08-06 17:18:00,Chennai,H&M,Apparel,0
T08826,C0883,1773.84,2026-08-06 17:20:00,Hyderabad,Zara,Apparel,0
T09566,C0957,6792.74,2026-08-06 17:23:00,Goa,Burger King,Restaurant,0
T09206,C0921,2908.35,2026-08-06 17:25:00,Pune,Big Chill,Restaurant,0
T00456,C0046,2842.86,2026-08-06 17:25:00,Pune,Flipkart,E-commerce,0
T09416,C0942,2884.9,2026-08-06 17:26:00,Pune,Reliance,Retail,0
T06696,C0670,2631.18,2026-08-06 17:27:00,Pune,Spar,Grocery,0
T03936,C0394,3903.12,2026-08-06 17:27:00,Chennai,Amazon,E-commerce,0
T07996,C0800,5924.05,2026-08-06 17:28:00,Pune,Flipkart,E-commerce,0
T01726,C0173,1897.43,2026-08-06 17:28:00,Delhi,Max,Apparel,0
T05886,C0589,833.53,2026-08-06 17:30:00,Bengaluru,Reliance,Retail,0
T06506,C0651,1408.48,2026-08-06 17:30:00,Bengaluru,Big Chill,Restaurant,0
T07786,C0779,3892.71,2026-08-06 17:31:00,Chennai,Zara,Apparel,0
T05216,C0522,1728.74,2026-08-06 17:31:00,Hyderabad,H&M,Apparel,0
T04436,C0444,2864.15,2026-08-06 17:34:00,Pune,Reliance,Retail,0
T03456,C0346,1526.94,2026-08-06 17:34:00,,H&M,Apparel,0
T04616,C0462,1995.37,2026-08-06 17:36:00,Bengaluru,Myntra,E-commerce,0
T02856,C0286,2533.15,2026-08-06 17:38:00,Delhi,,Restaurant,0
T09256,C0926,1946.81,2026-08-06 17:38:00,Chennai,Big Chill,Restaurant,0
T07396,C0740,3414.91,2026-08-06 17:38:00,Chennai,Burger King,Restaurant,0
T01886,C0189,5227.62,2026-08-06 17:38:00,,Amazon,E-commerce,0
T06486,C0649,3245.46,2026-08-06 17:38:00,Pune,Max,Apparel,0
T02656,C0266,3497.22,2026-08-06 17:39:00,,Burger King,Restaurant,0
T07446,C0745,5118.97,2026-08-06 17:40:00,Bengaluru,H&M,Apparel,0
T08776,C0878,794.37,2026-08-06 17:40:00,Bengaluru,Burger King,Restaurant,0
T02266,C0227,4631.17,2026-08-06 17:40:00,Goa,Burger King,Restaurant,0
T04376,C0438,972.92,2026-08-06 17:41:00,Pune,Max,Apparel,0
T07316,C0732,1790.65,2026-08-06 17:41:00,Delhi,Myntra,E-commerce,0
T00086,C0009,4004.4,2026-08-06 17:41:00,Mumbai,Flipkart,E-commerce,0
T09456,C0946,5534.53,2026-08-06 17:41:00,Hyderabad,H&M,Apparel,0
T02316,C0232,3797.39,2026-08-06 17:41:00,Pune,Amazon,E-commerce,0
T00046,C0005,1509.72,2026-08-06 17:41:00,Pune,Burger King,Restaurant,0
T00616,C0062,2899.42,2026-08-06 17:41:00,Goa,Spar,Grocery,0
T06946,C0695,4734.5,2026-08-06 17:42:00,Chennai,Big Chill,Restaurant,0
T04176,C0418,2887.64,2026-08-06 17:44:00,Delhi,Myntra,E-commerce,0
T03836,C0384,2523.31,2026-08-06 17:44:00,Kolkata,Reliance,Retail,0
T04246,C0425,5290.86,2026-08-06 17:44:00,Bengaluru,Zara,Apparel,0
T03006,C0301,1802.81,2026-08-06 17:46:00,,H&M,Apparel,0
T02846,C0285,563.45,2026-08-06 17:47:00,Kolkata,Zara,Apparel,0
T07186,C0719,5844.38,2026-08-06 17:48:00,Hyderabad,Burger King,Restaurant,0
T08646,C0865,2185.88,2026-08-06 17:50:00,Delhi,Amazon,E-commerce,0
T02336,C0234,4022.22,2026-08-06 17:50:00,Mumbai,H&M,Apparel,0
T02946,C0295,462.96,2026-08-06 17:50:00,Hyderabad,Zara,Apparel,0
T04636,C0464,2471.08,2026-08-06 17:51:00,Chennai,Flipkart,E-commerce,0
T07956,C0796,4744.26,2026-08-06 17:52:00,,Burger King,Restaurant,0
T03066,C0307,2333.68,2026-08-06 17:52:00,Bengaluru,Myntra,E-commerce,0
T03916,C0392,7209.32,2026-08-06 17:52:00,Goa,Spar,Grocery,0
T06296,C0630,4158.9,2026-08-06 17:53:00,Mumbai,Spar,Grocery,0
T07086,C0709,1671.21,2026-08-06 17:53:00,Kolkata,Max,Apparel,0
T08016,C0802,1965.22,2026-08-06 17:53:00,Hyderabad,Max,Apparel,0
T08926,C0893,3865.15,2026-08-06 17:53:00,Delhi,Max,Apparel,0
T07596,C0760,5287.74,2026-08-06 17:54:00,Hyderabad,Burger King,Restaurant,0
T03176,C0318,553.54,2026-08-06 17:55:00,Goa,Max,Apparel,0
T09726,C0973,2565.89,2026-08-06 17:55:00,Goa,Myntra,E-commerce,0
T01396,C0140,1554.29,2026-08-06 17:57:00,Mumbai,H&M,Apparel,0
T03526,C0353,3642.08,2026-08-06 17:57:00,Chennai,Zara,Apparel,0
T04116,C0412,1164.04,2026-08-06 17:58:00,Bengaluru,Myntra,E-commerce,0
T08516,C0852,1007.91,2026-08-06 18:02:00,Hyderabad,Flipkart,E-commerce,0
T04366,C0437,3753.4,2026-08-06 18:02:00,Bengaluru,H&M,Apparel,0
T08376,C0838,5230.26,2026-08-06 18:02:00,Bengaluru,Myntra,E-commerce,0
T03316,C0332,3314.36,2026-08-06 18:03:00,Kolkata,Myntra,E-commerce,0
T00306,C0031,2289.46,2026-08-06 18:03:00,Pune,Reliance,Retail,0
T07136,C0714,2680.25,2026-08-06 18:04:00,Bengaluru,Myntra,E-commerce,0
T03956,C0396,1186.24,2026-08-06 18:06:00,,Spar,Grocery,0
T05926,C0593,525.31,2026-08-06 18:06:00,Delhi,Reliance,Retail,0
T08726,C0873,1846.06,2026-08-06 18:06:00,Mumbai,H&M,Apparel,0
T04166,C0417,2449.24,2026-08-06 18:07:00,Mumbai,Amazon,E-commerce,0
T07366,C0737,2642.39,2026-08-06 18:08:00,Chennai,Amazon,E-commerce,0
T03136,C0314,5905.78,2026-08-06 18:08:00,Goa,Burger King,Restaurant,0
T09496,C0950,1879.16,2026-08-06 18:09:00,Bengaluru,Myntra,E-commerce,0
T05246,C0525,2145.23,2026-08-06 18:09:00,,Myntra,E-commerce,0
T05356,C0536,3099.9,2026-08-06 18:10:00,Delhi,Flipkart,E-commerce,0
T05046,C0505,991.75,2026-08-06 18:10:00,Bengaluru,Big Chill,Restaurant,0
T04146,C0415,5656.87,2026-08-06 18:12:00,Bengaluru,Flipkart,E-commerce,0
T00296,C0030,6536.67,2026-08-06 18:12:00,Hyderabad,Amazon,E-commerce,0
T00126,C0013,890.14,2026-08-06 18:12:00,Hyderabad,H&M,Apparel,0
T02166,C0217,5490.4,2026-08-06 18:13:00,Hyderabad,Zara,Apparel,0
T07206,C0721,657.46,2026-08-06 18:14:00,Chennai,Amazon,E-commerce,0
T01876,C0188,995.31,2026-08-06 18:14:00,Chennai,Amazon,E-commerce,0
T00846,C0085,959.02,2026-08-06 18:15:00,Pune,Amazon,E-commerce,0
T01246,C0125,3734.3,2026-08-06 18:18:00,Bengaluru,H&M,Apparel,0
T09606,C0961,1973.37,2026-08-06 18:18:00,Delhi,Burger King,Restaurant,0
T07006,C0701,1233.32,2026-08-06 18:19:00,Pune,Max,Apparel,0
T03226,C0323,1478.01,2026-08-06 18:19:00,Mumbai,Myntra,E-commerce,0
T08676,C0868,1036.33,2026-08-06 18:20:00,Mumbai,Big Chill,Restaurant,0
T00716,C0072,829.83,2026-08-06 18:20:00,Chennai,Amazon,E-commerce,0
T08366,C0837,5675.0,2026-08-06 18:21:00,Pune,Max,Apparel,0
T05146,C0515,2000.92,2026-08-06 18:23:00,Mumbai,Reliance,Retail,0
T09686,C0969,2447.41,2026-08-06 18:24:00,Hyderabad,Max,Apparel,0
T07246,C0725,3386.08,2026-08-06 18:24:00,Bengaluru,H&M,Apparel,0
T04446,C0445,5112.07,2026-08-06 18:24:00,Kolkata,Spar,Grocery,0
T09536,C0954,3745.55,2026-08-06 18:25:00,Delhi,Zara,Apparel,0
T01806,C0181,1756.06,2026-08-06 18:26:00,Goa,Flipkart,E-commerce,0
T02286,C0229,3557.55,2026-08-06 18:27:00,Pune,Spar,Grocery,0
T01436,C0144,3379.22,2026-08-06 18:27:00,Mumbai,H&M,Apparel,0
T03796,C0380,797.91,2026-08-06 18:27:00,Hyderabad,Zara,Apparel,0
T03386,C0339,3911.55,2026-08-06 18:28:00,Hyderabad,Spar,Grocery,0
T06036,C0604,3066.07,2026-08-06 18:29:00,Bengaluru,Big Chill,Restaurant,0
T05756,C0576,4138.32,2026-08-06 18:29:00,Chennai,Reliance,Retail,0
T00766,C0077,1023.66,2026-08-06 18:30:00,Bengaluru,Big Chill,Restaurant,0
T03516,C0352,3891.6,2026-08-06 18:31:00,Pune,Burger King,Restaurant,0
T07356,C0736,3557.96,2026-08-06 18:33:00,Pune,H&M,Apparel,0
T08306,C0831,4112.32,2026-08-06 18:33:00,Hyderabad,Myntra,E-commerce,0
T04676,C0468,1628.23,2026-08-06 18:33:00,Pune,Burger King,Restaurant,0
T04296,C0430,2263.84,2026-08-06 18:34:00,Hyderabad,Zara,Apparel,0
T07946,C0795,4694.82,2026-08-06 18:34:00,Goa,Reliance,Retail,0
T07176,C0718,1723.11,2026-08-06 18:34:00,Mumbai,Spar,Grocery,0
T07686,C0769,416.41,2026-08-06 18:35:00,Goa,Myntra,E-commerce,0
T04776,C0478,2708.52,2026-08-06 18:37:00,Hyderabad,Burger King,Restaurant,0
T02806,C0281,2228.82,2026-08-06 18:37:00,Goa,Amazon,E-commerce,0
T00536,C0054,1075.82,2026-08-06 18:39:00,Goa,Reliance,Retail,0
T05156,C0516,498.6,2026-08-06 18:39:00,Chennai,Spar,Grocery,0
T05726,C0573,2503.96,2026-08-06 18:39:00,Delhi,Flipkart,E-commerce,0
T02916,C0292,1826.11,2026-08-06 18:40:00,Delhi,Burger King,Restaurant,0
T00206,C0021,1420.9,2026-08-06 18:41:00,Hyderabad,Burger King,Restaurant,0
T08766,C0877,3833.65,2026-08-06 18:42:00,Kolkata,Zara,Apparel,0
T02256,C0226,1855.9,2026-08-06 18:46:00,Hyderabad,Big Chill,Restaurant,0
T01606,C0161,4491.31,2026-08-06 18:48:00,Mumbai,,E-commerce,0
T05836,C0584,1283.52,2026-08-06 18:49:00,Bengaluru,Zara,Apparel,0
T06766,C0677,2909.92,2026-08-06 18:49:00,Goa,Flipkart,E-commerce,0
T04346,C0435,1105.43,2026-08-06 18:49:00,Delhi,Amazon,E-commerce,0
T03366,C0337,6542.82,2026-08-06 18:52:00,Delhi,Reliance,Retail,0
T06156,C0616,2252.13,2026-08-06 18:54:00,Delhi,Reliance,Retail,0
T03306,C0331,591.86,2026-08-06 18:54:00,Goa,Spar,Grocery,0
T04506,C0451,3116.24,2026-08-06 18:56:00,Hyderabad,Big Chill,Restaurant,0
T08506,C0851,1556.64,2026-08-06 18:57:00,Hyderabad,Myntra,E-commerce,0
T09426,C0943,1969.84,2026-08-06 18:58:00,Chennai,Big Chill,Restaurant,0
T01226,C0123,4898.83,2026-08-06 18:58:00,Kolkata,Max,Apparel,0
T05266,C0527,958.39,2026-08-06 19:00:00,Hyderabad,Amazon,E-commerce,0
T07736,C0774,1200.45,2026-08-06 19:01:00,Goa,Big Chill,Restaurant,0
T01986,C0199,2076.67,2026-08-06 19:03:00,Delhi,Big Chill,Restaurant,0
T02396,C0240,2413.96,2026-08-06 19:04:00,Mumbai,Spar,Grocery,0
T01926,C0193,2346.14,2026-08-06 19:04:00,Mumbai,Spar,Grocery,0
T06776,C0678,5068.44,2026-08-06 19:07:00,Hyderabad,Reliance,Retail,0
T05176,C0518,2687.41,2026-08-06 19:07:00,Bengaluru,H&M,Apparel,0
T03876,C0388,3682.8,2026-08-06 19:08:00,,Spar,Grocery,0
T07556,C0756,531.76,2026-08-06 19:10:00,Kolkata,Myntra,E-commerce,0
T09676,C0968,4771.39,2026-08-06 19:14:00,,Reliance,Retail,0
T07896,C0790,3633.83,2026-08-06 19:14:00,Mumbai,Max,Apparel,0
T09246,C0925,1766.39,2026-08-06 19:15:00,Mumbai,H&M,Apparel,0
T05306,C0531,6927.12,2026-08-06 19:15:00,,H&M,Apparel,0
T02326,C0233,1931.57,2026-08-06 19:15:00,Hyderabad,Myntra,E-commerce,0
T09016,C0902,2432.87,2026-08-06 19:15:00,Hyderabad,Amazon,E-commerce,0
T02146,C0215,4131.33,2026-08-06 19:15:00,Goa,Myntra,E-commerce,0
T00286,C0029,1822.61,2026-08-06 19:16:00,Delhi,Amazon,E-commerce,0
T07486,C0749,4079.19,2026-08-06 19:16:00,Delhi,H&M,Apparel,0
T01336,C0134,5636.14,2026-08-06 19:17:00,Pune,,E-commerce,0
T06736,C0674,384.45,2026-08-06 19:17:00,Mumbai,H&M,Apparel,0
T05526,C0553,3908.04,2026-08-06 19:17:00,,Spar,Grocery,0
T08786,C0879,2514.28,2026-08-06 19:18:00,Hyderabad,Amazon,E-commerce,0
T04526,C0453,918.68,2026-08-06 19:18:00,Hyderabad,Flipkart,E-commerce,0
T00596,C0060,4288.59,2026-08-06 19:19:00,Hyderabad,Burger King,Restaurant,0
T08966,C0897,2697.17,2026-08-06 19:23:00,Pune,Burger King,Restaurant,0
T07726,C0773,2126.84,2026-08-06 19:24:00,Pune,Max,Apparel,0
T05746,C0575,3247.53,2026-08-06 19:25:00,Bengaluru,Reliance,Retail,0
T09906,C0991,5037.54,2026-08-06 19:25:00,Pune,Reliance,Retail,0
T02366,C0237,4088.7,2026-08-06 19:25:00,Bengaluru,Max,Apparel,0
T04626,C0463,1087.56,2026-08-06 19:25:00,Hyderabad,,E-commerce,0
T00666,C0067,1659.02,2026-08-06 19:27:00,Bengaluru,Reliance,Retail,0
T04666,C0467,1950.3,2026-08-06 19:27:00,Chennai,H&M,Apparel,0
T06966,C0697,3282.86,2026-08-06 19:28:00,,Zara,Apparel,0
T07576,C0758,1477.06,2026-08-06 19:28:00,Bengaluru,Spar,Grocery,0
T09306,C0931,3407.25,2026-08-06 19:29:00,Goa,,Retail,0
T08446,C0845,1118.23,2026-08-06 19:30:00,Bengaluru,Zara,Apparel,0
T03586,C0359,4050.34,2026-08-06 19:30:00,Pune,Amazon,E-commerce,0
T05106,C0511,729.51,2026-08-06 19:31:00,Chennai,Zara,Apparel,0
T02786,C0279,2171.57,2026-08-06 19:31:00,Pune,Reliance,Retail,0
T09146,C0915,1051.52,2026-08-06 19:32:00,Mumbai,Max,Apparel,0
T02836,C0284,5063.96,2026-08-06 19:32:00,Hyderabad,Spar,Grocery,0
T00156,C0016,6294.55,2026-08-06 19:37:00,Hyderabad,H&M,Apparel,0
T05226,C0523,1113.44,2026-08-06 19:37:00,Kolkata,Big Chill,Restaurant,0
T05686,C0569,1169.99,2026-08-06 19:39:00,Chennai,Zara,Apparel,0
T04046,C0405,4397.86,2026-08-06 19:39:00,Delhi,Flipkart,E-commerce,0
T01916,C0192,469.2,2026-08-06 19:40:00,,Big Chill,Restaurant,0
T05736,C0574,2546.18,2026-08-06 19:40:00,Goa,Myntra,E-commerce,0
T04866,C0487,6179.36,2026-08-06 19:40:00,Delhi,Amazon,E-commerce,0
T06516,C0652,3445.38,2026-08-06 19:40:00,Kolkata,H&M,Apparel,0
T09766,C0977,3515.02,2026-08-06 19:42:00,Hyderabad,Flipkart,E-commerce,0
T09806,C0981,1629.49,2026-08-06 19:42:00,Bengaluru,Reliance,Retail,0
T02096,C0210,2043.3,2026-08-06 19:43:00,Bengaluru,Spar,Grocery,0
T07796,C0780,3124.84,2026-08-06 19:43:00,Goa,Reliance,Retail,0
T04656,C0466,3184.93,2026-08-06 19:43:00,Hyderabad,Zara,Apparel,0
T03336,C0334,976.06,2026-08-06 19:44:00,Pune,Amazon,E-commerce,0
T07986,C0799,973.07,2026-08-06 19:44:00,Kolkata,Amazon,E-commerce,0
T02506,C0251,663.64,2026-08-06 19:49:00,Kolkata,Big Chill,Restaurant,0
T08296,C0830,1818.85,2026-08-06 19:51:00,Goa,Reliance,Retail,0
T05196,C0520,1633.74,2026-08-06 19:53:00,Bengaluru,Reliance,Retail,0
T08806,C0881,2960.04,2026-08-06 19:53:00,Kolkata,Zara,Apparel,0
T09526,C0953,2201.9,2026-08-06 19:53:00,Pune,Flipkart,E-commerce,0
T01046,C0105,4070.76,2026-08-06 19:53:00,Kolkata,Max,Apparel,0
T05186,C0519,3849.97,2026-08-06 19:53:00,Goa,,Apparel,0
T07096,C0710,2421.5,2026-08-06 19:53:00,Mumbai,Spar,Grocery,0
T01286,C0129,645.75,2026-08-06 19:54:00,Hyderabad,Burger King,Restaurant,0
T01586,C0159,3706.64,2026-08-06 19:55:00,Chennai,Zara,Apparel,0
T03026,C0303,4363.15,2026-08-06 19:55:00,Bengaluru,Myntra,E-commerce,0
T03396,C0340,5138.06,2026-08-06 19:55:00,Bengaluru,Big Chill,Restaurant,0
T08326,C0833,370.32,2026-08-06 19:56:00,Mumbai,Amazon,E-commerce,0
T09626,C0963,1411.79,2026-08-06 19:59:00,Kolkata,Zara,Apparel,0
T00406,C0041,2720.64,2026-08-06 20:00:00,Goa,Burger King,Restaurant,0
T08116,C0812,4970.68,2026-08-06 20:00:00,Delhi,Flipkart,E-commerce,0
T02626,C0263,2890.58,2026-08-06 20:01:00,Pune,Max,Apparel,0
T09156,C0916,1020.25,2026-08-06 20:03:00,Delhi,Big Chill,Restaurant,0
T05646,C0565,383.9,2026-08-06 20:04:00,Bengaluru,Flipkart,E-commerce,0
T00696,C0070,2064.45,2026-08-06 20:05:00,Chennai,Max,Apparel,0
T09826,C0983,1777.13,2026-08-06 20:05:00,Bengaluru,Flipkart,E-commerce,0
T05666,C0567,2447.37,2026-08-06 20:06:00,Mumbai,Flipkart,E-commerce,0
T08416,C0842,3900.1,2026-08-06 20:06:00,Pune,Burger King,Restaurant,0
T04596,C0460,3649.9,2026-08-06 20:07:00,Pune,Burger King,Restaurant,0
T03666,C0367,1585.81,2026-08-06 20:10:00,Goa,Zara,Apparel,0
T09846,C0985,3933.03,2026-08-06 20:12:00,Kolkata,Spar,Grocery,0
T02586,C0259,2224.88,2026-08-06 20:14:00,Delhi,Amazon,E-commerce,0
T09266,C0927,6095.21,2026-08-06 20:14:00,Bengaluru,Spar,Grocery,0
T09706,C0971,750.15,2026-08-06 20:14:00,Hyderabad,H&M,Apparel,0
T05336,C0534,4368.04,2026-08-06 20:15:00,Chennai,Myntra,E-commerce,0
T09346,C0935,3474.02,2026-08-06 20:17:00,Goa,Reliance,Retail,0
T07436,C0744,4039.53,2026-08-06 20:17:00,Hyderabad,H&M,Apparel,0
T09336,C0934,2999.59,2026-08-06 20:18:00,Goa,Reliance,Retail,0
T04396,C0440,5775.27,2026-08-06 20:20:00,Kolkata,H&M,Apparel,0
T06236,C0624,2153.85,2026-08-06 20:22:00,Pune,H&M,Apparel,0
T06376,C0638,6720.51,2026-08-06 20:22:00,Delhi,Zara,Apparel,0
T08266,C0827,1451.17,2026-08-06 20:23:00,Goa,Flipkart,E-commerce,0
T02206,C0221,1216.53,2026-08-06 20:23:00,Hyderabad,Amazon,E-commerce,0
T06496,C0650,4196.33,2026-08-06 20:24:00,Pune,Amazon,E-commerce,0
T06566,C0657,1180.63,2026-08-06 20:24:00,Goa,Zara,Apparel,0
T08996,C0900,1820.62,2026-08-06 20:24:00,Goa,Reliance,Retail,0
T02616,C0262,1236.98,2026-08-06 20:26:00,Mumbai,Amazon,E-commerce,0
T07826,C0783,2175.97,2026-08-06 20:26:00,Chennai,Burger King,Restaurant,0
T05946,C0595,1319.7,2026-08-06 20:27:00,Mumbai,Max,Apparel,0
T03486,C0349,6312.41,2026-08-06 20:27:00,Chennai,H&M,Apparel,0
T08486,C0849,3883.17,2026-08-06 20:28:00,Hyderabad,,Retail,0
T04026,C0403,340.81,2026-08-06 20:28:00,Pune,Spar,Grocery,0
T06806,C0681,4857.59,2026-08-06 20:29:00,Pune,Flipkart,E-commerce,0
T00886,C0089,1052.26,2026-08-06 20:30:00,Goa,Max,Apparel,0
T04896,C0490,4344.26,2026-08-06 20:31:00,Delhi,Burger King,Restaurant,0
T02816,C0282,3459.99,2026-08-06 20:31:00,Goa,Reliance,Retail,0
T00636,C0064,4235.07,2026-08-06 20:32:00,Delhi,Zara,Apparel,0
T09506,C0951,4114.33,2026-08-06 20:33:00,Pune,Spar,Grocery,0
T06596,C0660,1738.29,2026-08-06 20:33:00,Hyderabad,Zara,Apparel,0
T08316,C0832,3446.59,2026-08-06 20:33:00,Bengaluru,Amazon,E-commerce,0
T07676,C0768,1462.7,2026-08-06 20:34:00,Bengaluru,Flipkart,E-commerce,0
T01426,C0143,2216.08,2026-08-06 20:35:00,Bengaluru,H&M,Apparel,0
T07646,C0765,1918.47,2026-08-06 20:36:00,Delhi,Amazon,E-commerce,0
T00386,C0039,5337.8,2026-08-06 20:36:00,Mumbai,Flipkart,E-commerce,0
T08276,C0828,2300.11,2026-08-06 20:37:00,Hyderabad,Myntra,E-commerce,0
T08336,C0834,1273.68,2026-08-06 20:38:00,Pune,Zara,Apparel,0
T09316,C0932,2929.06,2026-08-06 20:38:00,Kolkata,H&M,Apparel,0
T09376,C0938,4880.8,2026-08-06 20:39:00,Bengaluru,Amazon,E-commerce,0
T00656,C0066,1805.62,2026-08-06 20:40:00,Bengaluru,Spar,Grocery,0
T00056,C0006,2531.01,2026-08-06 20:40:00,Chennai,Spar,Grocery,0
T00416,C0042,4086.68,2026-08-06 20:40:00,Pune,H&M,Apparel,0
T06796,C0680,2988.59,2026-08-06 20:41:00,Kolkata,Spar,Grocery,0
T07516,C0752,929.9,2026-08-06 20:41:00,Bengaluru,Amazon,E-commerce,0
T00516,C0052,1424.76,2026-08-06 20:42:00,Kolkata,Amazon,E-commerce,0
T05516,C0552,1892.71,2026-08-06 20:44:00,Goa,Max,Apparel,0
T02116,C0212,5591.41,2026-08-06 20:44:00,Mumbai,Spar,Grocery,0
T01126,C0113,2310.48,2026-08-06 20:44:00,Delhi,H&M,Apparel,0
T01816,C0182,2260.81,2026-08-06 20:44:00,Bengaluru,H&M,Apparel,0
T03036,C0304,4817.27,2026-08-06 20:44:00,Delhi,Big Chill,Restaurant,0
T04536,C0454,2316.52,2026-08-06 20:45:00,Goa,Myntra,E-commerce,0
T04926,C0493,607.72,2026-08-06 20:46:00,Bengaluru,Big Chill,Restaurant,0
T08076,C0808,1918.89,2026-08-06 20:46:00,Kolkata,Amazon,E-commerce,0
T01466,C0147,1321.61,2026-08-06 20:47:00,Hyderabad,Max,Apparel,0
T08176,C0818,4638.94,2026-08-06 20:47:00,Bengaluru,Big Chill,Restaurant,0
T07286,C0729,1512.78,2026-08-06 20:48:00,Delhi,H&M,Apparel,0
T06936,C0694,1998.8,2026-08-06 20:49:00,Mumbai,Amazon,E-commerce,0
T02876,C0288,4147.02,2026-08-06 20:50:00,Mumbai,Big Chill,Restaurant,0
T04716,C0472,987.13,2026-08-06 20:51:00,Pune,Myntra,E-commerce,0
T05436,C0544,1103.49,2026-08-06 20:55:00,,Myntra,E-commerce,0
T05976,C0598,3932.4,2026-08-06 20:56:00,Pune,Burger King,Restaurant,0
T06926,C0693,6122.59,2026-08-06 21:00:00,Goa,Reliance,Retail,0
T05766,C0577,1293.81,2026-08-06 21:01:00,Pune,H&M,Apparel,0
T00576,C0058,2961.69,2026-08-06 21:03:00,Hyderabad,Zara,Apparel,0
T06756,C0676,4798.01,2026-08-06 21:04:00,Hyderabad,Myntra,E-commerce,0
T03736,C0374,3601.3,2026-08-06 21:05:00,Kolkata,Flipkart,E-commerce,0
T01016,C0102,6067.24,2026-08-06 21:05:00,Hyderabad,Myntra,E-commerce,0
T01836,C0184,3950.66,2026-08-06 21:06:00,Goa,Spar,Grocery,0
T04696,C0470,2715.81,2026-08-06 21:07:00,Goa,Spar,Grocery,0
T08896,C0890,3045.47,2026-08-06 21:09:00,Kolkata,Spar,Grocery,0
T08886,C0889,6077.32,2026-08-06 21:09:00,Pune,Zara,Apparel,0
T04806,C0481,446.82,2026-08-06 21:09:00,Goa,Myntra,E-commerce,0
T03636,C0364,3244.51,2026-08-06 21:10:00,,Flipkart,E-commerce,0
T06686,C0669,4881.24,2026-08-06 21:11:00,Pune,Amazon,E-commerce,0
T01096,C0110,2983.5,2026-08-06 21:11:00,Delhi,Burger King,Restaurant,0
T03436,C0344,2995.29,2026-08-06 21:12:00,Hyderabad,Big Chill,Restaurant,0
T03826,C0383,3875.69,2026-08-06 21:14:00,Pune,Burger King,Restaurant,0
T07816,C0782,5006.53,2026-08-06 21:16:00,Pune,H&M,Apparel,0
T09856,C0986,2809.72,2026-08-06 21:16:00,,Reliance,Retail,0
T02496,C0250,1336.21,2026-08-06 21:17:00,Chennai,Big Chill,Restaurant,0
T05026,C0503,853.73,2026-08-06 21:17:00,Delhi,H&M,Apparel,0
T08876,C0888,5760.6,2026-08-06 21:18:00,Mumbai,Amazon,E-commerce,0
T03356,C0336,5785.89,2026-08-06 21:20:00,Delhi,Spar,Grocery,0
T02966,C0297,1115.76,2026-08-06 21:20:00,Hyderabad,Spar,Grocery,0
T07476,C0748,935.68,2026-08-06 21:23:00,Bengaluru,Big Chill,Restaurant,0
T09186,C0919,3862.29,2026-08-06 21:24:00,Delhi,Big Chill,Restaurant,0
T02906,C0291,5831.84,2026-08-06 21:26:00,Hyderabad,Max,Apparel,0
T00496,C0050,5171.83,2026-08-06 21:26:00,Chennai,Amazon,E-commerce,0
T04976,C0498,2758.55,2026-08-06 21:27:00,Chennai,Amazon,E-commerce,0
T07236,C0724,1878.98,2026-08-06 21:27:00,Goa,Spar,Grocery,0
T01506,C0151,1670.34,2026-08-06 21:29:00,Delhi,Reliance,Retail,0
T07456,C0746,3823.5,2026-08-06 21:30:00,,Amazon,E-commerce,0
T02386,C0239,1793.97,2026-08-06 21:31:00,Delhi,Big Chill,Restaurant,0
T00786,C0079,2571.85,2026-08-06 21:32:00,Hyderabad,Burger King,Restaurant,0
T07666,C0767,4008.0,2026-08-06 21:33:00,Delhi,H&M,Apparel,0
T01936,C0194,3953.04,2026-08-06 21:33:00,Mumbai,Big Chill,Restaurant,0
T08836,C0884,1532.66,2026-08-06 21:33:00,Hyderabad,Burger King,Restaurant,0
T05796,C0580,2989.33,2026-08-06 21:35:00,Bengaluru,Myntra,E-commerce,0
T01856,C0186,3133.61,2026-08-06 21:36:00,Goa,Spar,Grocery,0
T09926,C0993,672.79,2026-08-06 21:38:00,Delhi,Amazon,E-commerce,0
T08916,C0892,3264.28,2026-08-06 21:38:00,Kolkata,Big Chill,Restaurant,0
T02776,C0278,3679.76,2026-08-06 21:39:00,Chennai,Zara,Apparel,0
T07026,C0703,1513.73,2026-08-06 21:39:00,Kolkata,H&M,Apparel,0
T06396,C0640,5435.7,2026-08-06 21:39:00,Kolkata,Myntra,E-commerce,0
T00726,C0073,999.47,2026-08-06 21:39:00,Hyderabad,Reliance,Retail,0
T01656,C0166,6294.45,2026-08-06 21:43:00,Delhi,Zara,Apparel,0
T06906,C0691,527.55,2026-08-06 21:44:00,Kolkata,Amazon,E-commerce,0
T04706,C0471,4470.85,2026-08-06 21:44:00,Mumbai,Amazon,E-commerce,0
T08946,C0895,5716.25,2026-08-06 21:44:00,Kolkata,Burger King,Restaurant,0
T04106,C0411,1192.34,2026-08-06 21:45:00,Kolkata,Zara,Apparel,0
T00956,C0096,899.59,2026-08-06 21:45:00,Pune,H&M,Apparel,0
T02036,C0204,3791.97,2026-08-06 21:46:00,Bengaluru,Burger King,Restaurant,0
T01196,C0120,5819.84,2026-08-06 21:46:00,Delhi,Reliance,Retail,0
T01386,C0139,2093.24,2026-08-06 21:47:00,Kolkata,Amazon,E-commerce,0
T02436,C0244,4548.81,2026-08-06 21:49:00,Mumbai,Myntra,E-commerce,0
T08586,C0859,3526.31,2026-08-06 21:50:00,Delhi,H&M,Apparel,0
T01376,C0138,3588.79,2026-08-06 21:50:00,Pune,H&M,Apparel,0
T00606,C0061,1113.49,2026-08-06 21:50:00,Mumbai,Flipkart,E-commerce,0
T08566,C0857,1203.96,2026-08-06 21:51:00,Delhi,Myntra,E-commerce,0
T01136,C0114,2376.84,2026-08-06 21:52:00,Kolkata,Flipkart,E-commerce,0
T01756,C0176,4441.14,2026-08-06 21:52:00,Kolkata,H&M,Apparel,0
T01866,C0187,1753.1,2026-08-06 21:52:00,,Big Chill,Restaurant,0
T09646,C0965,3764.8,2026-08-06 21:54:00,Chennai,Amazon,E-commerce,0
T03296,C0330,2071.57,2026-08-06 21:54:00,Hyderabad,Reliance,Retail,0
T04326,C0433,5165.26,2026-08-06 21:54:00,Hyderabad,Myntra,E-commerce,0
T00116,C0012,3009.63,2026-08-06 21:56:00,Pune,,Apparel,0
T05346,C0535,2735.1,2026-08-06 21:56:00,Chennai,Flipkart,E-commerce,0
T07066,C0707,840.77,2026-08-06 21:57:00,Mumbai,Flipkart,E-commerce,0
T01636,C0164,1196.78,2026-08-06 21:57:00,Kolkata,Big Chill,Restaurant,0
T08636,C0864,3338.13,2026-08-06 21:57:00,Chennai,Spar,Grocery,0
T09666,C0967,3489.4,2026-08-06 21:59:00,Mumbai,Spar,Grocery,0
T01906,C0191,4906.63,2026-08-06 21:59:00,Mumbai,Reliance,Retail,0
T03676,C0368,7064.35,2026-08-06 21:59:00,Hyderabad,Zara,Apparel,0
T08096,C0810,4614.68,2026-08-06 22:00:00,Delhi,Zara,Apparel,0
T06006,C0601,1012.72,2026-08-06 22:01:00,Pune,H&M,Apparel,0
T08666,C0867,3545.93,2026-08-06 22:02:00,Hyderabad,Spar,Grocery,0
T07626,C0763,5913.75,2026-08-06 22:02:00,Kolkata,Big Chill,Restaurant,0
T04036,C0404,1923.62,2026-08-06 22:02:00,Chennai,Flipkart,E-commerce,0
T06246,C0625,530.89,2026-08-06 22:02:00,Pune,Max,Apparel,0
T06826,C0683,1167.54,2026-08-06 22:03:00,Delhi,Myntra,E-commerce,0
T06346,C0635,3864.88,2026-08-06 22:03:00,Hyderabad,Myntra,E-commerce,0
T03846,C0385,1667.29,2026-08-06 22:04:00,Chennai,Spar,Grocery,0
T05676,C0568,2393.75,2026-08-06 22:04:00,Delhi,H&M,Apparel,0
T06316,C0632,3514.18,2026-08-06 22:05:00,Bengaluru,Myntra,E-commerce,0
T03346,C0335,4012.77,2026-08-06 22:05:00,Bengaluru,Burger King,Restaurant,0
T00316,C0032,2485.87,2026-08-06 22:05:00,Mumbai,Myntra,E-commerce,0
T09586,C0959,1724.73,2026-08-06 22:05:00,Pune,Myntra,E-commerce,0
T02866,C0287,769.68,2026-08-06 22:06:00,Kolkata,Reliance,Retail,0
T02236,C0224,2446.27,2026-08-06 22:07:00,Delhi,Reliance,Retail,0
T02076,C0208,815.16,2026-08-06 22:07:00,Bengaluru,Big Chill,Restaurant,0
T03766,C0377,1876.74,2026-08-06 22:08:00,Chennai,Max,Apparel,0
T09486,C0949,2738.03,2026-08-06 22:09:00,Bengaluru,Zara,Apparel,0
T04356,C0436,3719.07,2026-08-06 22:09:00,Mumbai,Flipkart,E-commerce,0
T01036,C0104,2598.79,2026-08-06 22:09:00,Kolkata,Flipkart,E-commerce,0
T02356,C0236,5669.37,2026-08-06 22:09:00,Bengaluru,Flipkart,E-commerce,0
T04096,C0410,5141.98,2026-08-06 22:09:00,Pune,Burger King,Restaurant,0
T00136,C0014,3856.74,2026-08-06 22:09:00,Mumbai,H&M,Apparel,0
T09996,C1000,3587.44,2026-08-06 22:10:00,Bengaluru,Flipkart,E-commerce,0
T02066,C0207,1551.14,2026-08-06 22:10:00,Mumbai,Spar,Grocery,0
T09436,C0944,2297.63,2026-08-06 22:11:00,Delhi,Reliance,Retail,0
T01826,C0183,2184.78,2026-08-06 22:13:00,Kolkata,H&M,Apparel,0
T07226,C0723,1697.71,2026-08-06 22:13:00,Bengaluru,H&M,Apparel,0
T02186,C0219,1322.77,2026-08-06 22:17:00,Hyderabad,Zara,Apparel,0
T07216,C0722,4663.48,2026-08-06 22:18:00,Kolkata,Burger King,Restaurant,0
T02406,C0241,1503.22,2026-08-06 22:21:00,Mumbai,Myntra,E-commerce,0
T00226,C0023,3877.25,2026-08-06 22:22:00,Chennai,Myntra,E-commerce,0
T06366,C0637,2251.06,2026-08-06 22:22:00,Pune,Burger King,Restaurant,0
T04876,C0488,1299.21,2026-08-06 22:22:00,Chennai,Reliance,Retail,0
T08256,C0826,2265.91,2026-08-06 22:23:00,Bengaluru,Zara,Apparel,0
T07046,C0705,545.32,2026-08-06 22:24:00,Kolkata,Zara,Apparel,0
T09886,C0989,3932.16,2026-08-06 22:25:00,Kolkata,Myntra,E-commerce,0
T02686,C0269,494.91,2026-08-06 22:25:00,Bengaluru,Myntra,E-commerce,0
T02416,C0242,2495.92,2026-08-06 22:26:00,,Myntra,E-commerce,0
T07276,C0728,4497.56,2026-08-06 22:26:00,Bengaluru,Myntra,E-commerce,0
T03416,C0342,997.1,2026-08-06 22:28:00,Hyderabad,Myntra,E-commerce,0
T00686,C0069,4909.37,2026-08-06 22:28:00,Goa,Max,Apparel,0
T08906,C0891,2374.54,2026-08-06 22:28:00,Pune,Max,Apparel,0
T01216,C0122,2309.22,2026-08-06 22:29:00,Goa,H&M,Apparel,0
T00366,C0037,2166.52,2026-08-06 22:29:00,,H&M,Apparel,0
T06086,C0609,809.57,2026-08-06 22:29:00,,Flipkart,E-commerce,0
T02746,C0275,4514.09,2026-08-06 22:30:00,Chennai,Reliance,Retail,0
T03186,C0319,3341.82,2026-08-06 22:31:00,Kolkata,Zara,Apparel,0
T04136,C0414,2548.13,2026-08-06 22:31:00,Bengaluru,Big Chill,Restaurant,0
T05576,C0558,1248.16,2026-08-06 22:32:00,Chennai,Myntra,E-commerce,0
T04236,C0424,6276.34,2026-08-06 22:33:00,Delhi,Max,Apparel,0
T02556,C0256,1123.29,2026-08-06 22:34:00,Pune,H&M,Apparel,0
T00006,C0001,421.78,2026-08-06 22:35:00,Mumbai,H&M,Apparel,0
T06356,C0636,5269.12,2026-08-06 22:37:00,Delhi,Zara,Apparel,0
T06056,C0606,4756.57,2026-08-06 22:37:00,Delhi,Big Chill,Restaurant,0
T09056,C0906,1454.94,2026-08-06 22:37:00,Pune,Zara,Apparel,0
T09596,C0960,4630.13,2026-08-06 22:38:00,Goa,Burger King,Restaurant,0
T00916,C0092,2340.57,2026-08-06 22:39:00,Kolkata,H&M,Apparel,0
T09366,C0937,4821.05,2026-08-06 22:39:00,Chennai,Flipkart,E-commerce,0
T06816,C0682,1391.32,2026-08-06 22:40:00,Bengaluru,Amazon,E-commerce,0
T08406,C0841,2580.88,2026-08-06 22:42:00,Pune,Spar,Grocery,0
T01356,C0136,1334.35,2026-08-06 22:43:00,Pune,Spar,Grocery,0
T00356,C0036,1059.91,2026-08-06 22:43:00,Kolkata,Reliance,Retail,0
T03076,C0308,1197.46,2026-08-06 22:44:00,Pune,Spar,Grocery,0
T00476,C0048,794.98,2026-08-06 22:44:00,Mumbai,Reliance,Retail,0
T04796,C0480,1917.54,2026-08-06 22:45:00,Pune,,Apparel,0
T05096,C0510,1598.47,2026-08-06 22:46:00,Pune,Big Chill,Restaurant,0
T03016,C0302,1296.84,2026-08-06 22:49:00,Kolkata,Max,Apparel,0
T04516,C0452,517.97,2026-08-06 22:50:00,Chennai,Flipkart,E-commerce,0
T05826,C0583,6044.12,2026-08-06 22:50:00,Chennai,H&M,Apparel,0
T09576,C0958,1296.79,2026-08-06 22:50:00,Pune,Zara,Apparel,0
T03116,C0312,2640.27,2026-08-06 22:50:00,Mumbai,Zara,Apparel,0
T09966,C0997,3613.45,2026-08-06 22:50:00,Hyderabad,Myntra,E-commerce,0
T02936,C0294,2787.57,2026-08-06 22:51:00,Hyderabad,Spar,Grocery,0
T06016,C0602,5157.49,2026-08-06 22:55:00,Bengaluru,Zara,Apparel,0
T06326,C0633,1307.13,2026-08-06 22:56:00,Kolkata,H&M,Apparel,0
T04086,C0409,5862.09,2026-08-06 22:57:00,Pune,Flipkart,E-commerce,0
T00926,C0093,4988.86,2026-08-06 22:59:00,Kolkata,Max,Apparel,0
T02887,C0289,3038.82,2026-08-07 08:01:00,Delhi,H&M,Apparel,0
T02447,C0245,746.55,2026-08-07 08:02:00,Mumbai,Myntra,E-commerce,0
T08017,C0802,2502.45,2026-08-07 08:03:00,Hyderabad,Big Chill,Restaurant,0
T09537,C0954,2234.47,2026-08-07 08:03:00,Delhi,Zara,Apparel,0
T03727,C0373,4326.57,2026-08-07 08:03:00,Bengaluru,Amazon,E-commerce,0
T07487,C0749,1898.78,2026-08-07 08:08:00,Delhi,H&M,Apparel,0
T03197,C0320,2820.54,2026-08-07 08:11:00,Pune,Flipkart,E-commerce,0
T00777,C0078,2960.93,2026-08-07 08:11:00,Delhi,Reliance,Retail,0
T04097,C0410,4093.59,2026-08-07 08:11:00,Pune,H&M,Apparel,0
T05857,C0586,627.29,2026-08-07 08:12:00,Kolkata,Burger King,Restaurant,0
T05347,C0535,2963.21,2026-08-07 08:12:00,Chennai,Big Chill,Restaurant,0
T00177,C0018,3639.8,2026-08-07 08:13:00,Pune,Max,Apparel,0
T06947,C0695,5821.53,2026-08-07 08:15:00,Chennai,Myntra,E-commerce,0
T08307,C0831,2894.13,2026-08-07 08:15:00,Hyderabad,Burger King,Restaurant,0
T08987,C0899,5125.3,2026-08-07 08:15:00,Bengaluru,Flipkart,E-commerce,0
T02767,C0277,1127.69,2026-08-07 08:17:00,Hyderabad,H&M,Apparel,0
T05677,C0568,5222.04,2026-08-07 08:17:00,Delhi,Flipkart,E-commerce,0
T06867,C0687,2023.34,2026-08-07 08:19:00,Mumbai,Amazon,E-commerce,0
T09107,C0911,4769.36,2026-08-07 08:20:00,Delhi,Reliance,Retail,0
T06257,C0626,4385.71,2026-08-07 08:20:00,Goa,Flipkart,E-commerce,0
T08247,C0825,1456.69,2026-08-07 08:21:00,Hyderabad,Big Chill,Restaurant,0
T08837,C0884,614.48,2026-08-07 08:22:00,,Spar,Grocery,0
T04577,C0458,4839.18,2026-08-07 08:23:00,Chennai,Myntra,E-commerce,0
T04997,C0500,4288.78,2026-08-07 08:24:00,Hyderabad,Flipkart,E-commerce,0
T02897,C0290,3569.5,2026-08-07 08:28:00,Kolkata,Reliance,Retail,0
T03697,C0370,3179.91,2026-08-07 08:29:00,Bengaluru,Flipkart,E-commerce,0
T06767,C0677,2530.34,2026-08-07 08:31:00,Goa,Flipkart,E-commerce,0
T05017,C0502,810.99,2026-08-07 08:31:00,Bengaluru,Flipkart,E-commerce,0
T05327,C0533,3590.89,2026-08-07 08:33:00,Goa,Max,Apparel,0
T01327,C0133,3506.56,2026-08-07 08:37:00,Hyderabad,Burger King,Restaurant,0
T09097,C0910,1346.72,2026-08-07 08:38:00,Delhi,Big Chill,Restaurant,0
T03127,C0313,4835.66,2026-08-07 08:38:00,Mumbai,Flipkart,E-commerce,0
T07367,C0737,3451.88,2026-08-07 08:39:00,Chennai,Myntra,E-commerce,0
T00697,C0070,3564.21,2026-08-07 08:39:00,Chennai,Max,Apparel,0
T01607,C0161,1933.85,2026-08-07 08:39:00,Mumbai,Max,Apparel,0
T04587,C0459,1313.66,2026-08-07 08:40:00,Mumbai,Big Chill,Restaurant,0
T00647,C0065,2370.38,2026-08-07 08:40:00,Goa,Flipkart,E-commerce,0
T07297,C0730,1737.71,2026-08-07 08:40:00,Delhi,H&M,Apparel,0
T03167,C0317,1322.47,2026-08-07 08:40:00,Delhi,Spar,Grocery,0
T02167,C0217,3546.25,2026-08-07 08:41:00,Hyderabad,Max,Apparel,0
T08317,C0832,6460.92,2026-08-07 08:41:00,Bengaluru,Flipkart,E-commerce,0
T02677,C0268,889.85,2026-08-07 08:45:00,Chennai,Max,Apparel,0
T06907,C0691,1138.06,2026-08-07 08:45:00,Kolkata,Zara,Apparel,0
T00577,C0058,3873.99,2026-08-07 08:47:00,Hyderabad,H&M,Apparel,0
T00527,C0053,3685.21,2026-08-07 08:48:00,Delhi,Amazon,E-commerce,0
T04537,C0454,4648.91,2026-08-07 08:48:00,Goa,Amazon,E-commerce,0
T01847,C0185,4703.59,2026-08-07 08:50:00,Bengaluru,Zara,Apparel,0
T01587,C0159,1792.61,2026-08-07 08:50:00,Chennai,Burger King,Restaurant,0
T05907,C0591,1885.0,2026-08-07 08:51:00,Mumbai,Burger King,Restaurant,0
T04257,C0426,2473.97,2026-08-07 08:51:00,Hyderabad,Myntra,E-commerce,0
T08537,C0854,3170.14,2026-08-07 08:53:00,Pune,Spar,Grocery,0
T08467,C0847,4754.9,2026-08-07 08:56:00,Hyderabad,Zara,Apparel,0
T06967,C0697,3773.48,2026-08-07 08:57:00,,Reliance,Retail,0
T08947,C0895,5768.11,2026-08-07 08:57:00,Kolkata,H&M,Apparel,0
T02177,C0218,3485.45,2026-08-07 08:57:00,Pune,,Restaurant,0
T07417,C0742,487.92,2026-08-07 08:58:00,Mumbai,Spar,Grocery,0
T04267,C0427,5537.56,2026-08-07 08:59:00,Kolkata,Amazon,E-commerce,0
T04147,C0415,5216.7,2026-08-07 09:00:00,Bengaluru,Flipkart,E-commerce,0
T04517,C0452,1028.73,2026-08-07 09:01:00,Chennai,Max,Apparel,0
T09367,C0937,2917.15,2026-08-07 09:02:00,Chennai,Myntra,E-commerce,0
T08747,C0875,2081.17,2026-08-07 09:03:00,Goa,Reliance,Retail,0
T00437,C0044,4408.81,2026-08-07 09:06:00,Kolkata,Amazon,E-commerce,0
T09877,C0988,4825.32,2026-08-07 09:07:00,Bengaluru,Zara,Apparel,0
T04457,C0446,1658.11,2026-08-07 09:07:00,Chennai,Burger King,Restaurant,0
T04287,C0429,4760.91,2026-08-07 09:08:00,Kolkata,Max,Apparel,0
T04717,C0472,369.13,2026-08-07 09:08:00,Pune,Max,Apparel,0
T03767,C0377,1523.47,2026-08-07 09:08:00,,Max,Apparel,0
T03447,C0345,2868.57,2026-08-07 09:09:00,Bengaluru,Max,Apparel,0
T07537,C0754,1645.63,2026-08-07 09:09:00,Hyderabad,Spar,Grocery,0
T06007,C0601,1464.47,2026-08-07 09:10:00,Pune,Flipkart,E-commerce,0
T01017,C0102,5873.25,2026-08-07 09:10:00,Hyderabad,Myntra,E-commerce,0
T09147,C0915,2197.72,2026-08-07 09:12:00,Mumbai,Max,Apparel,0
T03817,C0382,1825.33,2026-08-07 09:13:00,Chennai,Spar,Grocery,0
T08937,C0894,3436.18,2026-08-07 09:13:00,Goa,,Apparel,0
T00427,C0043,4312.58,2026-08-07 09:14:00,Mumbai,Big Chill,Restaurant,0
T00507,C0051,1687.4,2026-08-07 09:15:00,Chennai,Big Chill,Restaurant,0
T04957,C0496,555.19,2026-08-07 09:15:00,Chennai,Burger King,Restaurant,0
T02077,C0208,782.08,2026-08-07 09:15:00,Bengaluru,Zara,Apparel,0
T03207,C0321,1195.86,2026-08-07 09:15:00,Chennai,H&M,Apparel,0
T02547,C0255,3282.14,2026-08-07 09:16:00,Bengaluru,Reliance,Retail,0
T08487,C0849,4057.83,2026-08-07 09:17:00,Hyderabad,Reliance,Retail,0
T01177,C0118,2569.5,2026-08-07 09:18:00,Hyderabad,Big Chill,Restaurant,0
T08727,C0873,1310.31,2026-08-07 09:18:00,Mumbai,Reliance,Retail,0
T05497,C0550,3626.75,2026-08-07 09:18:00,Kolkata,Amazon,E-commerce,0
T01487,C0149,4084.88,2026-08-07 09:21:00,Goa,Spar,Grocery,0
T04787,C0479,519.12,2026-08-07 09:21:00,Kolkata,,Restaurant,0
T04497,C0450,2391.91,2026-08-07 09:21:00,Delhi,Big Chill,Restaurant,0
T04367,C0437,3472.04,2026-08-07 09:22:00,Bengaluru,Spar,Grocery,0
T00917,C0092,1442.59,2026-08-07 09:24:00,Kolkata,H&M,Apparel,0
T01957,C0196,1294.66,2026-08-07 09:25:00,Mumbai,H&M,Apparel,0
T07777,C0778,4267.31,2026-08-07 09:27:00,Kolkata,Zara,Apparel,0
T06567,C0657,681.5,2026-08-07 09:27:00,Goa,Amazon,E-commerce,0
T03997,C0400,2457.68,2026-08-07 09:28:00,Delhi,Max,Apparel,0
T07077,C0708,4325.52,2026-08-07 09:29:00,Pune,Flipkart,E-commerce,0
T01797,C0180,7068.43,2026-08-07 09:30:00,,Burger King,Restaurant,0
T00987,C0099,2340.13,2026-08-07 09:32:00,Mumbai,Max,Apparel,0
T04827,C0483,4061.87,2026-08-07 09:35:00,Pune,Spar,Grocery,0
T09897,C0990,3207.69,2026-08-07 09:35:00,Kolkata,Max,Apparel,0
T03537,C0354,1300.55,2026-08-07 09:35:00,Kolkata,Zara,Apparel,0
T03717,C0372,6222.25,2026-08-07 09:36:00,Delhi,Amazon,E-commerce,0
T00947,C0095,5206.12,2026-08-07 09:36:00,Mumbai,H&M,Apparel,0
T09347,C0935,1928.93,2026-08-07 09:36:00,Goa,Big Chill,Restaurant,0
T09757,C0976,1050.84,2026-08-07 09:37:00,Delhi,Flipkart,E-commerce,0
T05487,C0549,2280.5,2026-08-07 09:39:00,Chennai,Myntra,E-commerce,0
T05377,C0538,3608.14,2026-08-07 09:40:00,Delhi,Big Chill,Restaurant,0
T05207,C0521,1135.58,2026-08-07 09:40:00,Chennai,Spar,Grocery,0
T00997,C0100,752.05,2026-08-07 09:40:00,Kolkata,Reliance,Retail,0
T02797,C0280,2941.67,2026-08-07 09:42:00,Mumbai,Spar,Grocery,0
T07157,C0716,2336.51,2026-08-07 09:43:00,Kolkata,Flipkart,E-commerce,0
T03577,C0358,5593.8,2026-08-07 09:44:00,Goa,H&M,Apparel,0
T00387,C0039,3836.47,2026-08-07 09:46:00,Mumbai,Reliance,Retail,0
T07127,C0713,6101.24,2026-08-07 09:46:00,Mumbai,Burger King,Restaurant,0
T07357,C0736,4825.99,2026-08-07 09:48:00,Pune,Zara,Apparel,0
T04687,C0469,1640.37,2026-08-07 09:49:00,Delhi,Flipkart,E-commerce,0
T01047,C0105,2024.54,2026-08-07 09:50:00,Kolkata,Burger King,Restaurant,0
T08807,C0881,1133.78,2026-08-07 09:50:00,Kolkata,Max,Apparel,0
T00787,C0079,1328.66,2026-08-07 09:50:00,Hyderabad,H&M,Apparel,0
T01407,C0141,1934.43,2026-08-07 09:51:00,Hyderabad,Myntra,E-commerce,0
T07667,C0767,4189.61,2026-08-07 09:52:00,Delhi,Spar,Grocery,0
T02017,C0202,6318.75,2026-08-07 09:53:00,Kolkata,Burger King,Restaurant,0
T00337,C0034,3777.84,2026-08-07 09:54:00,Chennai,Zara,Apparel,0
T09057,C0906,1980.41,2026-08-07 09:55:00,Pune,Burger King,Restaurant,0
T09167,C0917,1032.04,2026-08-07 09:56:00,,Amazon,E-commerce,0
T09047,C0905,1046.8,2026-08-07 09:56:00,Goa,Myntra,E-commerce,0
T06707,C0671,1097.09,2026-08-07 09:57:00,Goa,Amazon,E-commerce,0
T03827,C0383,4168.75,2026-08-07 09:57:00,Pune,Max,Apparel,0
T01377,C0138,5324.29,2026-08-07 09:58:00,Pune,Burger King,Restaurant,0
T05577,C0558,1451.41,2026-08-07 09:58:00,Chennai,Big Chill,Restaurant,0
T01297,C0130,4109.45,2026-08-07 09:59:00,Chennai,Max,Apparel,0
T05357,C0536,5296.43,2026-08-07 09:59:00,Delhi,Reliance,Retail,0
T00477,C0048,447.12,2026-08-07 10:01:00,Mumbai,Amazon,E-commerce,0
T01147,C0115,4198.79,2026-08-07 10:03:00,Chennai,Big Chill,Restaurant,0
T03457,C0346,3382.95,2026-08-07 10:04:00,Hyderabad,Reliance,Retail,0
T03367,C0337,2636.59,2026-08-07 10:06:00,Delhi,Myntra,E-commerce,0
T03897,C0390,442.35,2026-08-07 10:06:00,Bengaluru,Myntra,E-commerce,0
T02807,C0281,1290.93,2026-08-07 10:09:00,Goa,Zara,Apparel,0
T05027,C0503,1442.72,2026-08-07 10:09:00,Delhi,Spar,Grocery,0
T01887,C0189,4610.9,2026-08-07 10:09:00,Kolkata,Big Chill,Restaurant,0
T00677,C0068,2234.44,2026-08-07 10:09:00,Chennai,Spar,Grocery,0
T09467,C0947,5129.14,2026-08-07 10:10:00,Kolkata,Amazon,E-commerce,0
T09597,C0960,5389.59,2026-08-07 10:12:00,Goa,Burger King,Restaurant,0
T07007,C0701,1216.5,2026-08-07 10:12:00,Pune,Zara,Apparel,0
T06097,C0610,1977.5,2026-08-07 10:14:00,Bengaluru,Myntra,E-commerce,0
T03407,C0341,4225.94,2026-08-07 10:15:00,Chennai,Zara,Apparel,0
T07427,C0743,2473.84,2026-08-07 10:15:00,Bengaluru,Reliance,Retail,0
T03787,C0379,5780.74,2026-08-07 10:15:00,Goa,Reliance,Retail,0
T08597,C0860,773.84,2026-08-07 10:16:00,Mumbai,Big Chill,Restaurant,0
T02277,C0228,4902.52,2026-08-07 10:16:00,Chennai,Spar,Grocery,0
T09427,C0943,1638.61,2026-08-07 10:18:00,Chennai,Zara,Apparel,0
T04507,C0451,6199.57,2026-08-07 10:18:00,Hyderabad,Big Chill,Restaurant,0
T01677,C0168,3225.34,2026-08-07 10:18:00,Bengaluru,Burger King,Restaurant,0
T07557,C0756,532.43,2026-08-07 10:19:00,Kolkata,Myntra,E-commerce,0
T09887,C0989,4023.25,2026-08-07 10:19:00,Kolkata,Myntra,E-commerce,0
T03777,C0378,4528.8,2026-08-07 10:20:00,Hyderabad,Spar,Grocery,0
T09717,C0972,2516.25,2026-08-07 10:20:00,Hyderabad,Zara,Apparel,0
T04337,C0434,3702.6,2026-08-07 10:21:00,Pune,Spar,Grocery,0
T09067,C0907,1788.44,2026-08-07 10:21:00,Kolkata,Max,Apparel,0
T02377,C0238,2345.63,2026-08-07 10:21:00,Delhi,Spar,Grocery,0
T01257,C0126,2940.99,2026-08-07 10:22:00,Mumbai,H&M,Apparel,0
T08707,C0871,4352.84,2026-08-07 10:23:00,Bengaluru,Amazon,E-commerce,0
T04207,C0421,3016.91,2026-08-07 10:23:00,Kolkata,Spar,Grocery,0
T07647,C0765,3498.8,2026-08-07 10:24:00,Delhi,Spar,Grocery,0
T06457,C0646,2940.89,2026-08-07 10:27:00,Hyderabad,Spar,Grocery,0
T06677,C0668,5592.3,2026-08-07 10:29:00,Hyderabad,Reliance,Retail,0
T01207,C0121,2388.53,2026-08-07 10:29:00,Delhi,H&M,Apparel,0
T03277,C0328,1185.66,2026-08-07 10:30:00,Delhi,Max,Apparel,0
T00887,C0089,1224.56,2026-08-07 10:30:00,Goa,Max,Apparel,0
T00467,C0047,3575.06,2026-08-07 10:31:00,Bengaluru,Flipkart,E-commerce,0
T04937,C0494,3304.98,2026-08-07 10:32:00,Mumbai,H&M,Apparel,0
T07717,C0772,5754.11,2026-08-07 10:33:00,Hyderabad,Amazon,E-commerce,0
T03397,C0340,2869.39,2026-08-07 10:33:00,Bengaluru,Myntra,E-commerce,0
T09477,C0948,2229.65,2026-08-07 10:34:00,Goa,Flipkart,E-commerce,0
T00417,C0042,4428.88,2026-08-07 10:34:00,Pune,Reliance,Retail,0
T07047,C0705,419.98,2026-08-07 10:35:00,Kolkata,Burger King,Restaurant,0
T05467,C0547,3870.34,2026-08-07 10:36:00,Goa,Burger King,Restaurant,0
T01747,C0175,2556.0,2026-08-07 10:37:00,Kolkata,Spar,Grocery,0
T04117,C0412,1213.35,2026-08-07 10:37:00,Bengaluru,Myntra,E-commerce,0
T07327,C0733,4395.25,2026-08-07 10:38:00,Goa,Flipkart,E-commerce,0
T07867,C0787,1728.31,2026-08-07 10:39:00,Bengaluru,Amazon,E-commerce,0
T01067,C0107,1557.37,2026-08-07 10:40:00,Mumbai,,Restaurant,0
T01097,C0110,6286.23,2026-08-07 10:41:00,Delhi,Burger King,Restaurant,0
T00287,C0029,4462.21,2026-08-07 10:41:00,Delhi,Amazon,E-commerce,0
T09667,C0967,3033.65,2026-08-07 10:43:00,Mumbai,Amazon,E-commerce,0
T07167,C0717,824.97,2026-08-07 10:44:00,Chennai,Max,Apparel,0
T06397,C0640,3626.02,2026-08-07 10:46:00,Kolkata,Myntra,E-commerce,0
T03607,C0361,1967.92,2026-08-07 10:46:00,Goa,Reliance,Retail,0
T01137,C0114,4497.71,2026-08-07 10:47:00,Kolkata,Amazon,E-commerce,0
T04977,C0498,1987.77,2026-08-07 10:47:00,Chennai,Amazon,E-commerce,0
T00937,C0094,2095.91,2026-08-07 10:48:00,Bengaluru,Reliance,Retail,0
T06027,C0603,2032.76,2026-08-07 10:49:00,Pune,H&M,Apparel,0
T02647,C0265,953.41,2026-08-07 10:49:00,Delhi,Big Chill,Restaurant,0
T02867,C0287,972.33,2026-08-07 10:52:00,Kolkata,Amazon,E-commerce,0
T04127,C0413,5981.04,2026-08-07 10:53:00,Chennai,,Apparel,0
T04327,C0433,6490.35,2026-08-07 10:53:00,Hyderabad,Zara,Apparel,0
T02537,C0254,3256.13,2026-08-07 10:53:00,Mumbai,Flipkart,E-commerce,0
T00307,C0031,4256.02,2026-08-07 10:53:00,Pune,Reliance,Retail,0
T09007,C0901,1932.58,2026-08-07 10:55:00,Bengaluru,Big Chill,Restaurant,0
T01737,C0174,5627.51,2026-08-07 10:58:00,Mumbai,Amazon,E-commerce,0
T02357,C0236,6502.48,2026-08-07 11:00:00,Bengaluru,Max,Apparel,0
T00147,C0015,3608.48,2026-08-07 11:00:00,,,Apparel,0
T02427,C0243,2527.2,2026-08-07 11:00:00,Chennai,Burger King,Restaurant,0
T08127,C0813,3248.09,2026-08-07 11:02:00,Kolkata,Reliance,Retail,0
T06387,C0639,6744.88,2026-08-07 11:05:00,Delhi,Big Chill,Restaurant,0
T08407,C0841,5823.67,2026-08-07 11:05:00,Pune,Spar,Grocery,0
T00347,C0035,4741.42,2026-08-07 11:05:00,Chennai,Spar,Grocery,0
T01227,C0123,5284.26,2026-08-07 11:05:00,Kolkata,Reliance,Retail,0
T07907,C0791,990.45,2026-08-07 11:05:00,,,Apparel,0
T00207,C0021,1443.14,2026-08-07 11:09:00,Hyderabad,Myntra,E-commerce,0
T08207,C0821,2433.67,2026-08-07 11:09:00,Kolkata,Max,Apparel,0
T04727,C0473,826.52,2026-08-07 11:09:00,Mumbai,H&M,Apparel,0
T02507,C0251,402.22,2026-08-07 11:11:00,Kolkata,Big Chill,Restaurant,0
T06247,C0625,361.34,2026-08-07 11:12:00,Pune,Big Chill,Restaurant,0
T01577,C0158,1040.91,2026-08-07 11:12:00,Pune,Amazon,E-commerce,0
T08267,C0827,563.56,2026-08-07 11:13:00,Goa,Zara,Apparel,0
T06667,C0667,459.09,2026-08-07 11:14:00,Pune,Burger King,Restaurant,0
T00537,C0054,1114.38,2026-08-07 11:16:00,Goa,Reliance,Retail,0
T07877,C0788,692.24,2026-08-07 11:17:00,Kolkata,Zara,Apparel,0
T06987,C0699,663.32,2026-08-07 11:17:00,Kolkata,Big Chill,Restaurant,0
T04887,C0489,298.24,2026-08-07 11:17:00,Goa,Burger King,Restaurant,0
T02217,C0222,4100.19,2026-08-07 11:19:00,Hyderabad,Burger King,Restaurant,0
T06697,C0670,4023.27,2026-08-07 11:20:00,Pune,Flipkart,E-commerce,0
T05747,C0575,3428.37,2026-08-07 11:20:00,Bengaluru,Reliance,Retail,0
T07437,C0744,5292.97,2026-08-07 11:21:00,Hyderabad,Big Chill,Restaurant,0
T01967,C0197,1672.33,2026-08-07 11:22:00,Mumbai,Reliance,Retail,0
T05267,C0527,1384.77,2026-08-07 11:22:00,Hyderabad,Spar,Grocery,0
T09117,C0912,1984.97,2026-08-07 11:22:00,Pune,Burger King,Restaurant,0
T01127,C0113,2706.79,2026-08-07 11:23:00,Delhi,Big Chill,Restaurant,0
T05097,C0510,1647.48,2026-08-07 11:23:00,Pune,Max,Apparel,0
T06147,C0615,888.65,2026-08-07 11:24:00,Pune,Burger King,Restaurant,0
T02847,C0285,640.68,2026-08-07 11:27:00,Kolkata,Zara,Apparel,0
T06517,C0652,3826.24,2026-08-07 11:28:00,,H&M,Apparel,0
T09137,C0914,1275.18,2026-08-07 11:28:00,,Max,Apparel,0
T01867,C0187,2426.96,2026-08-07 11:29:00,Chennai,Myntra,E-commerce,0
T05987,C0599,780.51,2026-08-07 11:33:00,Pune,Max,Apparel,0
T03317,C0332,5719.39,2026-08-07 11:36:00,Kolkata,Burger King,Restaurant,0
T06047,C0605,1149.65,2026-08-07 11:36:00,,Myntra,E-commerce,0
T07847,C0785,499.55,2026-08-07 11:36:00,Delhi,Burger King,Restaurant,0
T03987,C0399,1032.64,2026-08-07 11:39:00,Hyderabad,Big Chill,Restaurant,0
T07567,C0757,5896.1,2026-08-07 11:40:00,Kolkata,Big Chill,Restaurant,0
T05547,C0555,3345.86,2026-08-07 11:40:00,Hyderabad,H&M,Apparel,0
T04357,C0436,3177.82,2026-08-07 11:41:00,Mumbai,Flipkart,E-commerce,0
T06447,C0645,947.29,2026-08-07 11:43:00,Mumbai,Myntra,E-commerce,0
T04227,C0423,2632.07,2026-08-07 11:43:00,Delhi,Max,Apparel,0
T08687,C0869,1950.16,2026-08-07 11:44:00,Delhi,H&M,Apparel,0
T07137,C0714,1305.09,2026-08-07 11:45:00,Bengaluru,Reliance,Retail,0
T07747,C0775,3880.2,2026-08-07 11:45:00,Bengaluru,Amazon,E-commerce,0
T07617,C0762,3158.33,2026-08-07 11:45:00,Delhi,Myntra,E-commerce,0
T00167,C0017,2852.66,2026-08-07 11:51:00,Hyderabad,Spar,Grocery,0
T02597,C0260,1547.62,2026-08-07 11:51:00,Goa,Spar,Grocery,0
T03907,C0391,3694.47,2026-08-07 11:54:00,Bengaluru,Reliance,Retail,0
T02687,C0269,679.2,2026-08-07 11:54:00,,Max,Apparel,0
T02987,C0299,1751.42,2026-08-07 11:54:00,Mumbai,Max,Apparel,0
T07067,C0707,985.14,2026-08-07 11:56:00,Mumbai,Reliance,Retail,0
T07817,C0782,3084.57,2026-08-07 12:00:00,Pune,Spar,Grocery,0
T05657,C0566,3832.71,2026-08-07 12:01:00,Goa,Flipkart,E-commerce,0
T02187,C0219,636.9,2026-08-07 12:01:00,Hyderabad,Amazon,E-commerce,0
T08277,C0828,5263.47,2026-08-07 12:02:00,Hyderabad,H&M,Apparel,0
T05927,C0593,520.89,2026-08-07 12:03:00,Delhi,Reliance,Retail,0
T00367,C0037,4399.88,2026-08-07 12:04:00,Delhi,H&M,Apparel,0
T07727,C0773,2115.53,2026-08-07 12:04:00,Pune,Big Chill,Restaurant,0
T09647,C0965,3975.14,2026-08-07 12:04:00,Chennai,Flipkart,E-commerce,0
T02367,C0237,5328.15,2026-08-07 12:06:00,Bengaluru,Flipkart,E-commerce,0
T07467,C0747,3268.46,2026-08-07 12:08:00,Hyderabad,Amazon,E-commerce,0
T05457,C0546,3109.11,2026-08-07 12:08:00,Hyderabad,Max,Apparel,0
T04567,C0457,2232.01,2026-08-07 12:10:00,Goa,Reliance,Retail,0
T04617,C0462,1623.23,2026-08-07 12:11:00,Bengaluru,Myntra,E-commerce,0
T06927,C0693,6575.6,2026-08-07 12:12:00,Goa,Flipkart,E-commerce,0
T07407,C0741,2677.47,2026-08-07 12:13:00,Kolkata,Myntra,E-commerce,0
T05077,C0508,1678.75,2026-08-07 12:13:00,Hyderabad,Myntra,E-commerce,0
T09677,C0968,4006.67,2026-08-07 12:14:00,Delhi,Myntra,E-commerce,0
T07477,C0748,1716.01,2026-08-07 12:15:00,Bengaluru,Myntra,E-commerce,0
T01457,C0146,7131.2,2026-08-07 12:16:00,Bengaluru,H&M,Apparel,0
T03267,C0327,1043.93,2026-08-07 12:17:00,Hyderabad,Burger King,Restaurant,0
T09817,C0982,3167.59,2026-08-07 12:18:00,Pune,Max,Apparel,0
T08907,C0891,4205.63,2026-08-07 12:18:00,Pune,Zara,Apparel,0
T07267,C0727,4218.82,2026-08-07 12:19:00,Hyderabad,Reliance,Retail,0
T01427,C0143,1578.69,2026-08-07 12:20:00,Bengaluru,H&M,Apparel,0
T00157,C0016,2546.19,2026-08-07 12:20:00,Hyderabad,Amazon,E-commerce,0
T05197,C0520,2133.61,2026-08-07 12:20:00,Bengaluru,Zara,Apparel,0
T02107,C0211,3271.54,2026-08-07 12:21:00,,Max,Apparel,0
T05957,C0596,2822.62,2026-08-07 12:23:00,Chennai,Reliance,Retail,0
T03737,C0374,4164.11,2026-08-07 12:24:00,Kolkata,Zara,Apparel,0
T02337,C0234,4865.37,2026-08-07 12:25:00,Mumbai,H&M,Apparel,0
T01367,C0137,2602.94,2026-08-07 12:25:00,Bengaluru,H&M,Apparel,0
T03247,C0325,3625.8,2026-08-07 12:25:00,Bengaluru,H&M,Apparel,0
T00827,C0083,1353.74,2026-08-07 12:27:00,Delhi,Burger King,Restaurant,0
T02067,C0207,1881.72,2026-08-07 12:28:00,Mumbai,Spar,Grocery,0
T04987,C0499,3203.46,2026-08-07 12:32:00,Delhi,Big Chill,Restaurant,0
T07737,C0774,995.73,2026-08-07 12:34:00,Goa,Amazon,E-commerce,0
T02967,C0297,976.48,2026-08-07 12:34:00,Hyderabad,Max,Apparel,0
T04967,C0497,1727.25,2026-08-07 12:35:00,Pune,Amazon,E-commerce,0
T02637,C0264,2479.33,2026-08-07 12:36:00,Hyderabad,Myntra,E-commerce,0
T05417,C0542,1721.51,2026-08-07 12:37:00,Bengaluru,Max,Apparel,0
T09527,C0953,4678.7,2026-08-07 12:40:00,Pune,Spar,Grocery,0
T03017,C0302,1013.33,2026-08-07 12:41:00,Kolkata,Max,Apparel,0
T09997,C1000,5737.54,2026-08-07 12:42:00,Bengaluru,Flipkart,E-commerce,0
T03647,C0365,822.46,2026-08-07 12:43:00,Hyderabad,Myntra,E-commerce,0
T00497,C0050,5227.09,2026-08-07 12:43:00,Chennai,Amazon,E-commerce,0
T00927,C0093,5574.33,2026-08-07 12:44:00,Kolkata,Max,Apparel,0
T03097,C0310,3204.27,2026-08-07 12:45:00,Chennai,,E-commerce,0
T09077,C0908,1253.1,2026-08-07 12:46:00,Delhi,Max,Apparel,0
T03707,C0371,1400.84,2026-08-07 12:46:00,Goa,Myntra,E-commerce,0
T01307,C0131,1558.71,2026-08-07 12:46:00,Chennai,Zara,Apparel,0
T00617,C0062,2447.62,2026-08-07 12:46:00,Goa,Spar,Grocery,0
T01357,C0136,1679.24,2026-08-07 12:46:00,,Amazon,E-commerce,0
T02457,C0246,1273.34,2026-08-07 12:47:00,Hyderabad,Flipkart,E-commerce,0
T05837,C0584,2331.35,2026-08-07 12:49:00,Bengaluru,Burger King,Restaurant,0
T09037,C0904,614.13,2026-08-07 12:49:00,Pune,H&M,Apparel,0
T03147,C0315,3357.06,2026-08-07 12:49:00,Hyderabad,Amazon,E-commerce,0
T02757,C0276,642.53,2026-08-07 12:50:00,Chennai,,Restaurant,0
T07017,C0702,2120.96,2026-08-07 12:51:00,Mumbai,Big Chill,Restaurant,0
T03867,C0387,4048.12,2026-08-07 12:52:00,Bengaluru,Max,Apparel,0
T05767,C0577,1209.95,2026-08-07 12:53:00,Pune,Big Chill,Restaurant,0
T04027,C0403,806.71,2026-08-07 12:57:00,Pune,Max,Apparel,0
T04557,C0456,4554.01,2026-08-07 12:59:00,Chennai,Amazon,E-commerce,0
T06657,C0666,2615.79,2026-08-07 12:59:00,Hyderabad,Big Chill,Restaurant,0
T08757,C0876,2846.86,2026-08-07 12:59:00,Goa,Amazon,E-commerce,0
T04697,C0470,2529.94,2026-08-07 13:00:00,Goa,Myntra,E-commerce,0
T06807,C0681,3624.58,2026-08-07 13:01:00,Pune,Zara,Apparel,0
T05867,C0587,6664.38,2026-08-07 13:01:00,Delhi,Max,Apparel,0
T03687,C0369,1349.88,2026-08-07 13:01:00,Bengaluru,Max,Apparel,0
T00717,C0072,1566.23,2026-08-07 13:01:00,Chennai,Max,Apparel,0
T08147,C0815,4927.09,2026-08-07 13:02:00,Hyderabad,Myntra,E-commerce,0
T08177,C0818,3210.76,2026-08-07 13:02:00,Bengaluru,Big Chill,Restaurant,0
T08507,C0851,1041.61,2026-08-07 13:02:00,Hyderabad,Myntra,E-commerce,0
T08927,C0893,2371.8,2026-08-07 13:04:00,Delhi,Max,Apparel,0
T06347,C0635,5031.32,2026-08-07 13:04:00,Hyderabad,Spar,Grocery,0
T03677,C0368,3255.17,2026-08-07 13:05:00,Hyderabad,Zara,Apparel,0
T02147,C0215,5947.15,2026-08-07 13:05:00,Goa,Flipkart,E-commerce,0
T06897,C0690,4579.42,2026-08-07 13:06:00,Mumbai,H&M,Apparel,0
T06557,C0656,804.46,2026-08-07 13:07:00,Mumbai,Big Chill,Restaurant,0
T09707,C0971,802.83,2026-08-07 13:07:00,Hyderabad,Big Chill,Restaurant,0
T07057,C0706,2473.97,2026-08-07 13:07:00,Pune,Amazon,E-commerce,0
T07447,C0745,3015.8,2026-08-07 13:10:00,Bengaluru,H&M,Apparel,0
T06857,C0686,3755.07,2026-08-07 13:12:00,Hyderabad,H&M,Apparel,0
T03947,C0395,2470.19,2026-08-07 13:14:00,Hyderabad,Burger King,Restaurant,0
T09277,C0928,6565.27,2026-08-07 13:15:00,Bengaluru,Spar,Grocery,0
T09727,C0973,1996.44,2026-08-07 13:16:00,Goa,Reliance,Retail,0
T07787,C0779,3322.04,2026-08-07 13:17:00,Chennai,Flipkart,E-commerce,0
T03087,C0309,3147.22,2026-08-07 13:17:00,Kolkata,Reliance,Retail,0
T04107,C0411,1442.64,2026-08-07 13:17:00,Kolkata,Big Chill,Restaurant,0
T08457,C0846,1449.73,2026-08-07 13:19:00,Hyderabad,Reliance,Retail,0
T06587,C0659,891.78,2026-08-07 13:19:00,Kolkata,Max,Apparel,0
T04907,C0491,481.76,2026-08-07 13:20:00,Kolkata,Flipkart,E-commerce,0
T00637,C0064,2293.56,2026-08-07 13:21:00,,Reliance,Retail,0
T03887,C0389,730.07,2026-08-07 13:22:00,Chennai,Spar,Grocery,0
T06137,C0614,2207.01,2026-08-07 13:22:00,Bengaluru,Myntra,E-commerce,0
T09567,C0957,4397.54,2026-08-07 13:23:00,Goa,H&M,Apparel,0
T08897,C0890,1947.25,2026-08-07 13:24:00,Kolkata,Spar,Grocery,0
T08557,C0856,2845.79,2026-08-07 13:25:00,Hyderabad,Burger King,Restaurant,0
T02487,C0249,3140.43,2026-08-07 13:26:00,Kolkata,Spar,Grocery,0
T03347,C0335,2496.87,2026-08-07 13:27:00,Bengaluru,Burger King,Restaurant,0
T04637,C0464,1440.22,2026-08-07 13:28:00,Chennai,Flipkart,E-commerce,0
T00357,C0036,638.17,2026-08-07 13:29:00,Kolkata,Spar,Grocery,0
T03037,C0304,5194.39,2026-08-07 13:30:00,,Max,Apparel,0
T04867,C0487,5119.37,2026-08-07 13:31:00,Delhi,Reliance,Retail,0
T04707,C0471,3658.98,2026-08-07 13:31:00,Mumbai,Flipkart,E-commerce,0
T03417,C0342,1085.67,2026-08-07 13:32:00,Hyderabad,Reliance,Retail,0
T03627,C0363,2840.34,2026-08-07 13:32:00,Chennai,Max,Apparel,0
T05007,C0501,2159.43,2026-08-07 13:33:00,Pune,Myntra,E-commerce,0
T01877,C0188,1913.06,2026-08-07 13:33:00,Chennai,Amazon,E-commerce,0
T05757,C0576,2796.48,2026-08-07 13:35:00,Chennai,Max,Apparel,0
T00197,C0020,2728.49,2026-08-07 13:35:00,Bengaluru,Myntra,E-commerce,0
T07637,C0764,3069.33,2026-08-07 13:36:00,Chennai,Big Chill,Restaurant,0
T04407,C0441,3920.75,2026-08-07 13:37:00,Mumbai,Spar,Grocery,0
T06597,C0660,1226.56,2026-08-07 13:37:00,Hyderabad,Zara,Apparel,0
T05307,C0531,4050.01,2026-08-07 13:37:00,Delhi,H&M,Apparel,0
T01627,C0163,486.57,2026-08-07 13:37:00,Goa,,E-commerce,0
T02287,C0229,1272.2,2026-08-07 13:39:00,Pune,Reliance,Retail,0
T05967,C0597,2482.54,2026-08-07 13:39:00,Delhi,Burger King,Restaurant,0
T00087,C0009,3265.31,2026-08-07 13:39:00,Mumbai,,Restaurant,0
T08097,C0810,5329.38,2026-08-07 13:40:00,Delhi,,E-commerce,0
T01637,C0164,1033.63,2026-08-07 13:41:00,Kolkata,Max,Apparel,0
T01757,C0176,4114.35,2026-08-07 13:42:00,Kolkata,H&M,Apparel,0
T08737,C0874,3733.91,2026-08-07 13:42:00,Chennai,Max,Apparel,0
T09337,C0934,1479.71,2026-08-07 13:43:00,Goa,Reliance,Retail,0
T04777,C0478,1148.48,2026-08-07 13:45:00,Hyderabad,Burger King,Restaurant,0
T06737,C0674,992.83,2026-08-07 13:45:00,Mumbai,H&M,Apparel,0
T09447,C0945,2862.7,2026-08-07 13:45:00,Bengaluru,,E-commerce,0
T08357,C0836,2154.46,2026-08-07 13:48:00,Delhi,Reliance,Retail,0
T02607,C0261,1429.65,2026-08-07 13:49:00,Delhi,Myntra,E-commerce,0
T00487,C0049,1157.4,2026-08-07 13:50:00,Pune,H&M,Apparel,0
T01217,C0122,798.69,2026-08-07 13:50:00,Goa,H&M,Apparel,0
T03007,C0301,2048.99,2026-08-07 13:52:00,Delhi,Spar,Grocery,0
T06577,C0658,1026.48,2026-08-07 13:54:00,Kolkata,Spar,Grocery,0
T02127,C0213,787.91,2026-08-07 13:54:00,Kolkata,Reliance,Retail,0
T00767,C0077,1337.74,2026-08-07 13:54:00,Bengaluru,Big Chill,Restaurant,0
T08287,C0829,4853.48,2026-08-07 13:56:00,Pune,Max,Apparel,0
T02957,C0296,5297.12,2026-08-07 13:58:00,Bengaluru,Zara,Apparel,0
T07117,C0712,5691.76,2026-08-07 13:58:00,Pune,Amazon,E-commerce,0
T03357,C0336,4324.4,2026-08-07 13:59:00,Delhi,Spar,Grocery,0
T06627,C0663,2441.0,2026-08-07 13:59:00,Mumbai,Big Chill,Restaurant,0
T04047,C0405,4616.82,2026-08-07 14:01:00,Delhi,Flipkart,E-commerce,0
T01787,C0179,1506.29,2026-08-07 14:03:00,Bengaluru,Spar,Grocery,0
T05847,C0585,4368.5,2026-08-07 14:06:00,Hyderabad,H&M,Apparel,0
T03187,C0319,3483.34,2026-08-07 14:06:00,Kolkata,Zara,Apparel,0
T02327,C0233,905.08,2026-08-07 14:08:00,Hyderabad,H&M,Apparel,0
T05117,C0512,771.21,2026-08-07 14:09:00,Mumbai,Big Chill,Restaurant,0
T06227,C0623,677.64,2026-08-07 14:11:00,Hyderabad,Myntra,E-commerce,0
T01717,C0172,5339.03,2026-08-07 14:12:00,Chennai,Big Chill,Restaurant,0
T01987,C0199,2669.74,2026-08-07 14:12:00,Delhi,Big Chill,Restaurant,0
T09577,C0958,1579.18,2026-08-07 14:12:00,Pune,Zara,Apparel,0
T07547,C0755,1021.23,2026-08-07 14:13:00,Hyderabad,Myntra,E-commerce,0
T08077,C0808,1417.97,2026-08-07 14:15:00,,Spar,Grocery,0
T00897,C0090,1615.71,2026-08-07 14:16:00,Bengaluru,Myntra,E-commerce,0
T07917,C0792,3085.53,2026-08-07 14:16:00,Mumbai,Max,Apparel,0
T08967,C0897,3657.26,2026-08-07 14:17:00,Pune,Spar,Grocery,0
T06307,C0631,3971.36,2026-08-07 14:17:00,Mumbai,Spar,Grocery,0
T05727,C0573,4130.89,2026-08-07 14:17:00,Delhi,Zara,Apparel,0
T09697,C0970,809.07,2026-08-07 14:18:00,Bengaluru,Spar,Grocery,0
T00447,C0045,2741.59,2026-08-07 14:18:00,Chennai,Big Chill,Restaurant,0
T05557,C0556,5097.5,2026-08-07 14:19:00,Mumbai,Reliance,Retail,0
T07247,C0725,5341.03,2026-08-07 14:20:00,Bengaluru,Reliance,Retail,0
T02347,C0235,1037.02,2026-08-07 14:21:00,Pune,Amazon,E-commerce,0
T02937,C0294,2962.44,2026-08-07 14:22:00,Hyderabad,Reliance,Retail,0
T06647,C0665,3384.17,2026-08-07 14:25:00,Hyderabad,Flipkart,E-commerce,0
T07087,C0709,4311.96,2026-08-07 14:26:00,Kolkata,Zara,Apparel,0
T01057,C0106,2121.86,2026-08-07 14:26:00,Bengaluru,Spar,Grocery,0
T04747,C0475,6257.87,2026-08-07 14:28:00,Pune,Reliance,Retail,0
T08297,C0830,3838.1,2026-08-07 14:28:00,Goa,Spar,Grocery,0
T07697,C0770,3794.44,2026-08-07 14:30:00,Kolkata,Spar,Grocery,0
T01077,C0108,978.96,2026-08-07 14:31:00,Pune,Spar,Grocery,0
T01027,C0103,6154.99,2026-08-07 14:31:00,Chennai,Max,Apparel,0
T06787,C0679,1525.25,2026-08-07 14:33:00,Hyderabad,Big Chill,Restaurant,0
T04437,C0444,4565.25,2026-08-07 14:35:00,Pune,Flipkart,E-commerce,0
T05447,C0545,1070.66,2026-08-07 14:36:00,Hyderabad,Zara,Apparel,0
T01817,C0182,3292.47,2026-08-07 14:36:00,Bengaluru,H&M,Apparel,0
T02927,C0293,2868.83,2026-08-07 14:36:00,Goa,Myntra,E-commerce,0
T08667,C0867,2654.9,2026-08-07 14:37:00,Hyderabad,Zara,Apparel,0
T04647,C0465,4201.4,2026-08-07 14:38:00,Chennai,Spar,Grocery,0
T07287,C0729,747.79,2026-08-07 14:39:00,Delhi,H&M,Apparel,0
T07317,C0732,1060.84,2026-08-07 14:42:00,Delhi,Myntra,E-commerce,0
T05037,C0504,4470.3,2026-08-07 14:44:00,Goa,Reliance,Retail,0
T06687,C0669,4834.94,2026-08-07 14:45:00,Pune,Max,Apparel,0
T04177,C0418,2749.85,2026-08-07 14:45:00,Delhi,H&M,Apparel,0
T02577,C0258,4197.23,2026-08-07 14:45:00,,Myntra,E-commerce,0
T00907,C0091,1967.02,2026-08-07 14:48:00,Pune,Reliance,Retail,0
T06277,C0628,2810.05,2026-08-07 14:49:00,Mumbai,Amazon,E-commerce,0
T08257,C0826,2303.83,2026-08-07 14:50:00,Bengaluru,Burger King,Restaurant,0
T00027,C0003,697.48,2026-08-07 14:50:00,Chennai,H&M,Apparel,0
T08477,C0848,3270.48,2026-08-07 14:51:00,Kolkata,Reliance,Retail,0
T09287,C0929,1733.29,2026-08-07 14:53:00,Kolkata,Flipkart,E-commerce,0
T01467,C0147,1882.71,2026-08-07 14:53:00,Hyderabad,Flipkart,E-commerce,0
T04857,C0486,1519.13,2026-08-07 14:53:00,Kolkata,Flipkart,E-commerce,0
T01837,C0184,5864.87,2026-08-07 14:54:00,Goa,Big Chill,Restaurant,0
T03857,C0386,552.55,2026-08-07 14:54:00,Delhi,Amazon,E-commerce,0
T04797,C0480,3219.63,2026-08-07 14:54:00,Pune,Amazon,E-commerce,0
T06357,C0636,4192.06,2026-08-07 14:55:00,Delhi,,Retail,0
T07307,C0731,6103.5,2026-08-07 14:55:00,Hyderabad,Big Chill,Restaurant,0
T00057,C0006,2442.54,2026-08-07 14:56:00,Chennai,H&M,Apparel,0
T00667,C0067,1643.1,2026-08-07 14:56:00,Bengaluru,Amazon,E-commerce,0
T07177,C0718,4379.99,2026-08-07 14:57:00,Mumbai,Zara,Apparel,0
T04317,C0432,2463.74,2026-08-07 14:58:00,Chennai,Burger King,Restaurant,0
T07527,C0753,5618.43,2026-08-07 14:58:00,,Flipkart,E-commerce,0
T02477,C0248,3588.97,2026-08-07 14:58:00,Pune,Spar,Grocery,0
T01247,C0125,2893.45,2026-08-07 14:59:00,Bengaluru,Big Chill,Restaurant,0
T05667,C0567,2757.69,2026-08-07 14:59:00,Mumbai,,E-commerce,0
T02157,C0216,3091.01,2026-08-07 15:00:00,Bengaluru,Burger King,Restaurant,0
T03757,C0376,699.52,2026-08-07 15:01:00,Kolkata,Max,Apparel,0
T08437,C0844,1950.4,2026-08-07 15:01:00,Mumbai,Flipkart,E-commerce,0
T06747,C0675,396.19,2026-08-07 15:01:00,Kolkata,Max,Apparel,0
T07257,C0726,1623.71,2026-08-07 15:02:00,Kolkata,Burger King,Restaurant,0
T04477,C0448,2803.69,2026-08-07 15:02:00,Pune,Big Chill,Restaurant,0
T06817,C0682,885.23,2026-08-07 15:02:00,Bengaluru,Zara,Apparel,0
T06117,C0612,629.28,2026-08-07 15:03:00,Bengaluru,Flipkart,E-commerce,0
T01287,C0129,320.32,2026-08-07 15:03:00,Hyderabad,Burger King,Restaurant,0
T07277,C0728,4474.53,2026-08-07 15:03:00,Bengaluru,Flipkart,E-commerce,0
T03567,C0357,3316.96,2026-08-07 15:04:00,Mumbai,Zara,Apparel,0
T02117,C0212,4863.56,2026-08-07 15:04:00,Mumbai,Zara,Apparel,0
T04397,C0440,3519.6,2026-08-07 15:07:00,Kolkata,Myntra,E-commerce,0
T03297,C0330,948.93,2026-08-07 15:07:00,Hyderabad,Reliance,Retail,0
T02297,C0230,3576.78,2026-08-07 15:09:00,Hyderabad,Amazon,E-commerce,0
T09017,C0902,5997.62,2026-08-07 15:09:00,Hyderabad,Max,Apparel,0
T00607,C0061,664.5,2026-08-07 15:09:00,Mumbai,Flipkart,E-commerce,0
T02057,C0206,4186.86,2026-08-07 15:10:00,Kolkata,Burger King,Restaurant,0
T03597,C0360,3241.05,2026-08-07 15:10:00,Hyderabad,Flipkart,E-commerce,0
T08657,C0866,5010.16,2026-08-07 15:10:00,Mumbai,Amazon,E-commerce,0
T06187,C0619,2477.48,2026-08-07 15:10:00,Goa,Reliance,Retail,0
T05977,C0598,3092.78,2026-08-07 15:11:00,Pune,Big Chill,Restaurant,0
T05687,C0569,706.58,2026-08-07 15:13:00,Chennai,Zara,Apparel,0
T02497,C0250,1467.21,2026-08-07 15:14:00,Chennai,Spar,Grocery,0
T06087,C0609,398.83,2026-08-07 15:15:00,Pune,Big Chill,Restaurant,0
T08047,C0805,2686.17,2026-08-07 15:17:00,Pune,Flipkart,E-commerce,0
T07097,C0710,2351.52,2026-08-07 15:17:00,Mumbai,Amazon,E-commerce,0
T06777,C0678,3675.43,2026-08-07 15:18:00,Hyderabad,Big Chill,Restaurant,0
T07767,C0777,3135.04,2026-08-07 15:18:00,Chennai,Zara,Apparel,0
T01167,C0117,2203.57,2026-08-07 15:20:00,Bengaluru,Spar,Grocery,0
T04007,C0401,4091.28,2026-08-07 15:20:00,Delhi,Reliance,Retail,0
T09767,C0977,2776.5,2026-08-07 15:21:00,Hyderabad,Zara,Apparel,0
T06547,C0655,2959.67,2026-08-07 15:21:00,Chennai,Zara,Apparel,0
T06057,C0606,4216.89,2026-08-07 15:21:00,Delhi,Big Chill,Restaurant,0
T00067,C0007,545.18,2026-08-07 15:22:00,Mumbai,Myntra,E-commerce,0
T05057,C0506,1343.18,2026-08-07 15:22:00,Hyderabad,Max,Apparel,0
T00727,C0073,1061.25,2026-08-07 15:23:00,Hyderabad,Spar,Grocery,0
T09657,C0966,1908.88,2026-08-07 15:23:00,Hyderabad,Max,Apparel,0
T04927,C0493,435.94,2026-08-07 15:23:00,Bengaluru,Max,Apparel,0
T04087,C0409,3228.54,2026-08-07 15:25:00,Pune,Flipkart,E-commerce,0
T07207,C0721,568.72,2026-08-07 15:25:00,Chennai,H&M,Apparel,0
T04157,C0416,5599.94,2026-08-07 15:26:00,Bengaluru,Zara,Apparel,0
T07587,C0759,3177.5,2026-08-07 15:26:00,Hyderabad,Max,Apparel,0
T07927,C0793,3015.02,2026-08-07 15:27:00,Chennai,Zara,Apparel,0
T00797,C0080,2123.65,2026-08-07 15:27:00,Pune,,Apparel,0
T01397,C0140,2374.19,2026-08-07 15:27:00,Mumbai,H&M,Apparel,0
T07607,C0761,2992.39,2026-08-07 15:27:00,Hyderabad,Burger King,Restaurant,0
T01897,C0190,2967.18,2026-08-07 15:27:00,Kolkata,Spar,Grocery,0
T02317,C0232,2670.31,2026-08-07 15:27:00,Pune,H&M,Apparel,0
T04387,C0439,1983.69,2026-08-07 15:28:00,Kolkata,,Grocery,0
T03957,C0396,2010.28,2026-08-07 15:31:00,Goa,Burger King,Restaurant,0
T09377,C0938,4599.22,2026-08-07 15:33:00,Bengaluru,Max,Apparel,0
T05507,C0551,1967.48,2026-08-07 15:33:00,Pune,Myntra,E-commerce,0
T03807,C0381,686.08,2026-08-07 15:35:00,Pune,Myntra,E-commerce,0
T04757,C0476,3368.05,2026-08-07 15:38:00,Pune,Amazon,E-commerce,0
T05437,C0544,2874.38,2026-08-07 15:38:00,Kolkata,Burger King,Restaurant,0
T09227,C0923,1473.64,2026-08-07 15:38:00,Mumbai,Big Chill,Restaurant,0
T02817,C0282,2184.82,2026-08-07 15:38:00,Goa,Myntra,E-commerce,0
T00597,C0060,5885.15,2026-08-07 15:39:00,Hyderabad,Spar,Grocery,0
T01237,C0124,4423.66,2026-08-07 15:40:00,Goa,Amazon,E-commerce,0
T06997,C0700,2344.22,2026-08-07 15:41:00,Mumbai,H&M,Apparel,0
T00977,C0098,1587.51,2026-08-07 15:41:00,Chennai,Max,Apparel,0
T04667,C0467,898.42,2026-08-07 15:41:00,Chennai,Big Chill,Restaurant,0
T05607,C0561,2574.55,2026-08-07 15:43:00,Kolkata,Amazon,E-commerce,0
T06797,C0680,2824.83,2026-08-07 15:44:00,Kolkata,Spar,Grocery,0
T03967,C0397,3301.52,2026-08-07 15:45:00,Chennai,Spar,Grocery,0
T07397,C0740,2917.82,2026-08-07 15:46:00,Chennai,Zara,Apparel,0
T07827,C0783,2728.6,2026-08-07 15:46:00,Chennai,Flipkart,E-commerce,0
T00397,C0040,2152.61,2026-08-07 15:47:00,Pune,Burger King,Restaurant,0
T09637,C0964,3571.11,2026-08-07 15:47:00,Pune,H&M,Apparel,0
T01477,C0148,778.98,2026-08-07 15:50:00,Bengaluru,Flipkart,E-commerce,0
T09187,C0919,2973.16,2026-08-07 15:51:00,Delhi,Flipkart,E-commerce,0
T08237,C0824,3117.19,2026-08-07 15:54:00,,Big Chill,Restaurant,0
T05917,C0592,963.3,2026-08-07 15:55:00,Mumbai,Burger King,Restaurant,0
T00127,C0013,834.12,2026-08-07 15:55:00,Hyderabad,Zara,Apparel,0
T06507,C0651,1672.34,2026-08-07 15:55:00,Bengaluru,Myntra,E-commerce,0
T08867,C0887,3891.74,2026-08-07 15:56:00,Goa,Zara,Apparel,0
T03437,C0344,1995.67,2026-08-07 15:56:00,Hyderabad,Amazon,E-commerce,0
T02307,C0231,1630.52,2026-08-07 15:58:00,Chennai,Reliance,Retail,0
T08607,C0861,306.75,2026-08-07 15:58:00,Goa,Amazon,E-commerce,0
T07627,C0763,3055.88,2026-08-07 15:58:00,Kolkata,Max,Apparel,0
T01277,C0128,3813.34,2026-08-07 16:00:00,Hyderabad,Amazon,E-commerce,0
T02087,C0209,2871.55,2026-08-07 16:00:00,Delhi,Amazon,E-commerce,0
T08587,C0859,2886.44,2026-08-07 16:01:00,Delhi,Myntra,E-commerce,0
T07347,C0735,3023.02,2026-08-07 16:01:00,Delhi,Myntra,E-commerce,0
T04297,C0430,2302.73,2026-08-07 16:03:00,Hyderabad,H&M,Apparel,0
T01657,C0166,4938.86,2026-08-07 16:04:00,Delhi,Spar,Grocery,0
T02387,C0239,1432.34,2026-08-07 16:04:00,Delhi,Zara,Apparel,0
T09547,C0955,1556.52,2026-08-07 16:06:00,Mumbai,Spar,Grocery,0
T08447,C0845,639.43,2026-08-07 16:07:00,Bengaluru,Zara,Apparel,0
T00137,C0014,1913.67,2026-08-07 16:07:00,Mumbai,Flipkart,E-commerce,0
T08997,C0900,1485.07,2026-08-07 16:07:00,,Spar,Grocery,0
T09267,C0927,3076.35,2026-08-07 16:07:00,Bengaluru,Myntra,E-commerce,0
T04067,C0407,7189.52,2026-08-07 16:10:00,Hyderabad,Zara,Apparel,0
T03977,C0398,4630.04,2026-08-07 16:11:00,Kolkata,Amazon,E-commerce,0
T06177,C0618,5801.83,2026-08-07 16:14:00,Kolkata,Big Chill,Restaurant,0
T09357,C0936,1912.15,2026-08-07 16:14:00,Mumbai,Amazon,E-commerce,0
T07497,C0750,5236.18,2026-08-07 16:15:00,Pune,Spar,Grocery,0
T05787,C0579,1344.59,2026-08-07 16:18:00,Chennai,Big Chill,Restaurant,0
T00187,C0019,1390.61,2026-08-07 16:19:00,Bengaluru,Flipkart,E-commerce,0
T05597,C0560,1536.55,2026-08-07 16:21:00,Goa,Max,Apparel,0
T01617,C0162,824.54,2026-08-07 16:22:00,Chennai,Zara,Apparel,0
T08087,C0809,2037.12,2026-08-07 16:23:00,Mumbai,Myntra,E-commerce,0
T04487,C0449,2534.92,2026-08-07 16:24:00,Mumbai,Reliance,Retail,0
T06487,C0649,5812.93,2026-08-07 16:25:00,Pune,Reliance,Retail,0
T00227,C0023,1617.77,2026-08-07 16:25:00,Chennai,Zara,Apparel,0
T04607,C0461,3068.71,2026-08-07 16:26:00,Pune,Flipkart,E-commerce,0
T06477,C0648,3559.04,2026-08-07 16:27:00,Goa,Amazon,E-commerce,0
T05087,C0509,739.06,2026-08-07 16:27:00,Hyderabad,Myntra,E-commerce,0
T03877,C0388,2709.16,2026-08-07 16:27:00,,Amazon,E-commerce,0
T00707,C0071,5455.88,2026-08-07 16:27:00,Delhi,Flipkart,E-commerce,0
T06287,C0629,1207.02,2026-08-07 16:27:00,Goa,Amazon,E-commerce,0
T04017,C0402,2824.72,2026-08-07 16:27:00,Goa,,Retail,0
T05217,C0522,2130.71,2026-08-07 16:29:00,Hyderabad,Max,Apparel,0
T09827,C0983,2682.78,2026-08-07 16:33:00,Bengaluru,Burger King,Restaurant,0
T00657,C0066,2457.95,2026-08-07 16:37:00,Bengaluru,H&M,Apparel,0
T04847,C0485,3150.62,2026-08-07 16:37:00,Goa,Max,Apparel,0
T09737,C0974,6015.48,2026-08-07 16:39:00,Bengaluru,Myntra,E-commerce,0
T02997,C0300,3520.94,2026-08-07 16:40:00,Mumbai,Flipkart,E-commerce,0
T01727,C0173,3750.82,2026-08-07 16:41:00,Delhi,Spar,Grocery,0
T07967,C0797,3721.83,2026-08-07 16:42:00,Goa,Amazon,E-commerce,0
T06417,C0642,4870.05,2026-08-07 16:43:00,Chennai,H&M,Apparel,0
T06017,C0602,2548.15,2026-08-07 16:44:00,Bengaluru,Zara,Apparel,0
T02947,C0295,957.32,2026-08-07 16:44:00,Hyderabad,Big Chill,Restaurant,0
T08397,C0840,791.29,2026-08-07 16:46:00,Delhi,H&M,Apparel,0
T00807,C0081,3291.86,2026-08-07 16:48:00,Hyderabad,Big Chill,Restaurant,0
T05297,C0530,3296.36,2026-08-07 16:48:00,Pune,Max,Apparel,0
T09857,C0986,3621.84,2026-08-07 16:48:00,Chennai,Myntra,E-commerce,0
T03117,C0312,3471.27,2026-08-07 16:48:00,Mumbai,H&M,Apparel,0
T08337,C0834,1981.88,2026-08-07 16:49:00,Pune,Myntra,E-commerce,0
T09487,C0949,1454.71,2026-08-07 16:49:00,Bengaluru,Zara,Apparel,0
T02717,C0272,1143.55,2026-08-07 16:49:00,Goa,H&M,Apparel,0
T00247,C0025,5556.36,2026-08-07 16:49:00,,Zara,Apparel,0
T05067,C0507,834.42,2026-08-07 16:50:00,Hyderabad,H&M,Apparel,0
T02247,C0225,3916.97,2026-08-07 16:50:00,Pune,Burger King,Restaurant,0
T05627,C0563,1410.02,2026-08-07 16:54:00,Kolkata,Big Chill,Restaurant,0
T02007,C0201,1240.45,2026-08-07 16:54:00,Goa,Myntra,E-commerce,0
T02037,C0204,4970.21,2026-08-07 16:55:00,Bengaluru,Burger King,Restaurant,0
T07957,C0796,4793.83,2026-08-07 16:55:00,,Myntra,E-commerce,0
T03487,C0349,3232.53,2026-08-07 16:56:00,Chennai,Max,Apparel,0
T03027,C0303,4322.1,2026-08-07 16:57:00,Bengaluru,Myntra,E-commerce,0
T08137,C0814,2059.49,2026-08-07 16:58:00,Mumbai,Spar,Grocery,0
T02467,C0247,1578.26,2026-08-07 17:00:00,Kolkata,Myntra,E-commerce,0
T02737,C0274,3045.71,2026-08-07 17:02:00,Delhi,Spar,Grocery,0
T06207,C0621,1804.05,2026-08-07 17:03:00,Mumbai,,Restaurant,0
T08647,C0865,2179.5,2026-08-07 17:03:00,Delhi,Amazon,E-commerce,0
T07377,C0738,4130.32,2026-08-07 17:04:00,Goa,H&M,Apparel,0
T08797,C0880,2578.26,2026-08-07 17:04:00,Bengaluru,Burger King,Restaurant,0
T01007,C0101,4318.02,2026-08-07 17:06:00,Goa,Max,Apparel,0
T09087,C0909,2790.82,2026-08-07 17:07:00,Goa,Myntra,E-commerce,0
T05517,C0552,1858.43,2026-08-07 17:09:00,Goa,H&M,Apparel,0
T04077,C0408,1963.35,2026-08-07 17:09:00,Hyderabad,Burger King,Restaurant,0
T02747,C0275,3283.14,2026-08-07 17:10:00,Chennai,Zara,Apparel,0
T06887,C0689,5279.77,2026-08-07 17:11:00,Kolkata,Flipkart,E-commerce,0
T06847,C0685,2887.55,2026-08-07 17:12:00,Pune,Reliance,Retail,0
T06717,C0672,6524.31,2026-08-07 17:12:00,Hyderabad,H&M,Apparel,0
T01767,C0177,2804.14,2026-08-07 17:13:00,Goa,Reliance,Retail,0
T02397,C0240,4579.26,2026-08-07 17:15:00,Mumbai,Spar,Grocery,0
T02977,C0298,2912.82,2026-08-07 17:16:00,Bengaluru,Big Chill,Restaurant,0
T02437,C0244,4461.41,2026-08-07 17:17:00,Mumbai,Max,Apparel,0
T08377,C0838,3274.5,2026-08-07 17:17:00,Bengaluru,,Apparel,0
T09627,C0963,1665.47,2026-08-07 17:20:00,Kolkata,Reliance,Retail,0
T03377,C0338,1702.51,2026-08-07 17:21:00,Hyderabad,Big Chill,Restaurant,0
T08037,C0804,2484.71,2026-08-07 17:22:00,,Burger King,Restaurant,0
T04217,C0422,4150.41,2026-08-07 17:24:00,Bengaluru,H&M,Apparel,0
T03227,C0323,1215.89,2026-08-07 17:26:00,Mumbai,Flipkart,E-commerce,0
T02517,C0252,1970.37,2026-08-07 17:26:00,Mumbai,Flipkart,E-commerce,0
T02837,C0284,6195.91,2026-08-07 17:26:00,Hyderabad,Reliance,Retail,0
T09217,C0922,2675.49,2026-08-07 17:27:00,Mumbai,H&M,Apparel,0
T00747,C0075,6242.15,2026-08-07 17:28:00,Goa,Amazon,E-commerce,0
T02727,C0273,433.78,2026-08-07 17:28:00,Hyderabad,Amazon,E-commerce,0
T05387,C0539,1177.15,2026-08-07 17:28:00,Chennai,Zara,Apparel,0
T05817,C0582,6349.72,2026-08-07 17:29:00,Hyderabad,Amazon,E-commerce,0
T05427,C0543,2766.49,2026-08-07 17:30:00,Hyderabad,Flipkart,E-commerce,0
T05807,C0581,3763.45,2026-08-07 17:30:00,Hyderabad,Burger King,Restaurant,0
T03067,C0307,2987.62,2026-08-07 17:30:00,Bengaluru,H&M,Apparel,0
T02407,C0241,1875.23,2026-08-07 17:31:00,Mumbai,H&M,Apparel,0
T01667,C0167,746.11,2026-08-07 17:32:00,,Amazon,E-commerce,0
T08167,C0817,5561.17,2026-08-07 17:32:00,Goa,Big Chill,Restaurant,0
T05047,C0505,731.3,2026-08-07 17:33:00,Bengaluru,H&M,Apparel,0
T05527,C0553,2334.59,2026-08-07 17:34:00,Bengaluru,Spar,Grocery,0
T02237,C0224,1181.61,2026-08-07 17:36:00,Delhi,Myntra,E-commerce,0
T08027,C0803,440.93,2026-08-07 17:37:00,Delhi,Flipkart,E-commerce,0
T07897,C0790,5674.65,2026-08-07 17:37:00,Mumbai,Amazon,E-commerce,0
T08347,C0835,5308.07,2026-08-07 17:38:00,Goa,Zara,Apparel,0
T02617,C0262,1641.18,2026-08-07 17:38:00,Mumbai,Amazon,E-commerce,0
T09497,C0950,2797.16,2026-08-07 17:38:00,Bengaluru,Myntra,E-commerce,0
T06977,C0698,2339.56,2026-08-07 17:39:00,,Zara,Apparel,0
T07757,C0776,4574.84,2026-08-07 17:41:00,Mumbai,Reliance,Retail,0
T09907,C0991,2756.26,2026-08-07 17:42:00,Pune,H&M,Apparel,0
T07457,C0746,3170.45,2026-08-07 17:43:00,Goa,Big Chill,Restaurant,0
T02097,C0210,4781.32,2026-08-07 17:43:00,Bengaluru,Myntra,E-commerce,0
T03177,C0318,735.17,2026-08-07 17:49:00,Goa,Max,Apparel,0
T03797,C0380,1329.58,2026-08-07 17:50:00,Hyderabad,Zara,Apparel,0
T03107,C0311,1012.02,2026-08-07 17:50:00,Bengaluru,Flipkart,E-commerce,0
T05937,C0594,2290.55,2026-08-07 17:50:00,Goa,Reliance,Retail,0
T08817,C0882,4057.18,2026-08-07 17:50:00,Hyderabad,Max,Apparel,0
T03587,C0359,5826.24,2026-08-07 17:51:00,Pune,Burger King,Restaurant,0
T05177,C0518,1993.01,2026-08-07 17:51:00,Bengaluru,H&M,Apparel,0
T07807,C0781,1358.53,2026-08-07 17:53:00,Bengaluru,H&M,Apparel,0
T01907,C0191,4884.62,2026-08-07 17:53:00,Mumbai,Reliance,Retail,0
T06407,C0641,3780.69,2026-08-07 17:55:00,Goa,Reliance,Retail,0
T06917,C0692,2146.55,2026-08-07 17:56:00,Hyderabad,Reliance,Retail,0
T00567,C0057,3156.33,2026-08-07 17:57:00,Mumbai,Myntra,E-commerce,0
T01417,C0142,1287.37,2026-08-07 17:57:00,Hyderabad,Zara,Apparel,0
T02777,C0278,2299.24,2026-08-07 17:58:00,Chennai,,Apparel,0
T00377,C0038,1193.32,2026-08-07 17:59:00,Delhi,H&M,Apparel,0
T05617,C0562,1536.68,2026-08-07 17:59:00,Goa,Flipkart,E-commerce,0
T05707,C0571,3309.06,2026-08-07 17:59:00,Mumbai,H&M,Apparel,0
T08777,C0878,1340.37,2026-08-07 17:59:00,Bengaluru,Myntra,E-commerce,0
T00097,C0010,2340.83,2026-08-07 18:00:00,Bengaluru,H&M,Apparel,0
T08847,C0885,1587.6,2026-08-07 18:01:00,Kolkata,Flipkart,E-commerce,0
T05537,C0554,2659.55,2026-08-07 18:03:00,Chennai,Spar,Grocery,0
T00217,C0022,2625.72,2026-08-07 18:04:00,Mumbai,Myntra,E-commerce,0
T01557,C0156,1969.19,2026-08-07 18:05:00,Bengaluru,Myntra,E-commerce,0
T04187,C0419,704.58,2026-08-07 18:07:00,Delhi,Reliance,Retail,0
T08717,C0872,1493.24,2026-08-07 18:08:00,Goa,Myntra,E-commerce,0
T02587,C0259,2721.78,2026-08-07 18:11:00,Delhi,Zara,Apparel,0
T07857,C0786,3504.51,2026-08-07 18:11:00,Goa,Reliance,Retail,0
T01187,C0119,3277.32,2026-08-07 18:11:00,Bengaluru,,E-commerce,0
T04807,C0481,516.06,2026-08-07 18:12:00,Goa,Myntra,E-commerce,0
T07937,C0794,5234.9,2026-08-07 18:13:00,Kolkata,Reliance,Retail,0
T04737,C0474,1115.19,2026-08-07 18:13:00,Kolkata,Amazon,E-commerce,0
T05337,C0534,3828.74,2026-08-07 18:15:00,Chennai,Burger King,Restaurant,0
T05717,C0572,699.97,2026-08-07 18:16:00,Chennai,Myntra,E-commerce,0
T03257,C0326,742.14,2026-08-07 18:16:00,,Reliance,Retail,0
T07797,C0780,2216.16,2026-08-07 18:17:00,Goa,Amazon,E-commerce,0
T09517,C0952,1146.69,2026-08-07 18:18:00,Kolkata,Big Chill,Restaurant,0
T05797,C0580,4162.56,2026-08-07 18:19:00,Bengaluru,Myntra,E-commerce,0
T06957,C0696,636.55,2026-08-07 18:22:00,Goa,H&M,Apparel,0
T09257,C0926,2257.66,2026-08-07 18:23:00,Chennai,Zara,Apparel,0
T04347,C0435,890.7,2026-08-07 18:23:00,Delhi,Amazon,E-commerce,0
T01117,C0112,3819.63,2026-08-07 18:23:00,Pune,Reliance,Retail,0
T03637,C0364,5074.82,2026-08-07 18:24:00,Hyderabad,Flipkart,E-commerce,0
T04467,C0447,2047.61,2026-08-07 18:25:00,Bengaluru,Amazon,E-commerce,0
T03617,C0362,3474.53,2026-08-07 18:25:00,Chennai,Burger King,Restaurant,0
T08117,C0812,3501.41,2026-08-07 18:30:00,Delhi,Spar,Grocery,0
T05827,C0583,2995.62,2026-08-07 18:31:00,Chennai,Spar,Grocery,0
T03327,C0333,4179.1,2026-08-07 18:31:00,Mumbai,Amazon,E-commerce,0
T07197,C0720,491.43,2026-08-07 18:31:00,Kolkata,Max,Apparel,0
T04307,C0431,5202.75,2026-08-07 18:32:00,Chennai,Reliance,Retail,0
T08217,C0822,726.06,2026-08-07 18:32:00,Kolkata,Amazon,E-commerce,0
T00737,C0074,3779.05,2026-08-07 18:33:00,Chennai,H&M,Apparel,0
T03077,C0308,1806.59,2026-08-07 18:33:00,Pune,H&M,Apparel,0
T00837,C0084,2497.7,2026-08-07 18:34:00,,Reliance,Retail,0
T01777,C0178,4110.36,2026-08-07 18:34:00,Delhi,H&M,Apparel,0
T06167,C0617,3061.66,2026-08-07 18:36:00,,Amazon,E-commerce,0
T08067,C0807,3500.69,2026-08-07 18:36:00,Mumbai,Burger King,Restaurant,0
T09417,C0942,2969.75,2026-08-07 18:38:00,Pune,Spar,Grocery,0
T01697,C0170,5288.08,2026-08-07 18:38:00,Kolkata,Big Chill,Restaurant,0
T05567,C0557,1497.11,2026-08-07 18:41:00,Bengaluru,Flipkart,E-commerce,0
T00547,C0055,2763.41,2026-08-07 18:41:00,Mumbai,H&M,Apparel,0
T05247,C0525,2114.91,2026-08-07 18:42:00,Hyderabad,Myntra,E-commerce,0
T06637,C0664,4574.73,2026-08-07 18:43:00,Pune,Big Chill,Restaurant,0
T03307,C0331,851.55,2026-08-07 18:43:00,Goa,Spar,Grocery,0
T08327,C0833,878.45,2026-08-07 18:43:00,Mumbai,Myntra,E-commerce,0
T02917,C0292,1187.26,2026-08-07 18:44:00,Delhi,Flipkart,E-commerce,0
T00297,C0030,6220.19,2026-08-07 18:44:00,Hyderabad,H&M,Apparel,0
T00077,C0008,2699.06,2026-08-07 18:46:00,Bengaluru,Burger King,Restaurant,0
T07027,C0703,1732.21,2026-08-07 18:47:00,Kolkata,Zara,Apparel,0
T08887,C0889,2373.42,2026-08-07 18:48:00,Pune,Flipkart,E-commerce,0
T02227,C0223,3741.26,2026-08-07 18:49:00,Bengaluru,Amazon,E-commerce,0
T05137,C0514,3167.99,2026-08-07 18:49:00,Bengaluru,Reliance,Retail,0
T03337,C0334,768.67,2026-08-07 18:49:00,Pune,Spar,Grocery,0
T05257,C0526,2714.79,2026-08-07 18:50:00,Bengaluru,H&M,Apparel,0
T03057,C0306,568.72,2026-08-07 18:50:00,Kolkata,H&M,Apparel,0
T09957,C0996,1370.77,2026-08-07 18:50:00,Goa,Amazon,E-commerce,0
T01267,C0127,3396.32,2026-08-07 18:50:00,Bengaluru,Amazon,E-commerce,0
T06367,C0637,1475.41,2026-08-07 18:51:00,Pune,Spar,Grocery,0
T00267,C0027,3092.22,2026-08-07 18:54:00,Goa,Flipkart,E-commerce,0
T06617,C0662,3535.83,2026-08-07 18:54:00,Bengaluru,Burger King,Restaurant,0
T09847,C0985,4770.76,2026-08-07 18:58:00,Kolkata,Max,Apparel,0
T09687,C0969,2140.53,2026-08-07 18:59:00,Hyderabad,Amazon,E-commerce,0
T05477,C0548,1264.83,2026-08-07 19:01:00,Kolkata,Myntra,E-commerce,0
T00687,C0069,4599.18,2026-08-07 19:01:00,Goa,Burger King,Restaurant,0
T09777,C0978,2894.79,2026-08-07 19:01:00,Delhi,Max,Apparel,0
T09987,C0999,2506.44,2026-08-07 19:02:00,Kolkata,Big Chill,Restaurant,0
T05887,C0589,768.47,2026-08-07 19:04:00,Bengaluru,Max,Apparel,0
T04417,C0442,691.39,2026-08-07 19:07:00,,H&M,Apparel,0
T06607,C0661,4510.27,2026-08-07 19:08:00,Kolkata,H&M,Apparel,0
T01527,C0153,4967.59,2026-08-07 19:08:00,Goa,H&M,Apparel,0
T00587,C0059,2617.75,2026-08-07 19:09:00,Bengaluru,Flipkart,E-commerce,0
T09617,C0962,4429.52,2026-08-07 19:09:00,Hyderabad,Max,Apparel,0
T01947,C0195,3242.99,2026-08-07 19:09:00,Hyderabad,Amazon,E-commerce,0
T08107,C0811,4171.58,2026-08-07 19:09:00,Pune,Spar,Grocery,0
T00277,C0028,1658.14,2026-08-07 19:11:00,Pune,Myntra,E-commerce,0
T08977,C0898,2299.2,2026-08-07 19:11:00,Kolkata,Reliance,Retail,0
T04837,C0484,5188.14,2026-08-07 19:12:00,Kolkata,Myntra,E-commerce,0
T02627,C0263,1255.81,2026-08-07 19:13:00,Pune,Spar,Grocery,0
T04817,C0482,1688.01,2026-08-07 19:14:00,Bengaluru,Big Chill,Restaurant,0
T05157,C0516,1159.12,2026-08-07 19:14:00,Chennai,Spar,Grocery,0
T06297,C0630,5748.27,2026-08-07 19:14:00,Mumbai,Zara,Apparel,0
T09837,C0984,5993.85,2026-08-07 19:14:00,Kolkata,Zara,Apparel,0
T06467,C0647,2591.22,2026-08-07 19:15:00,Kolkata,Reliance,Retail,0
T09177,C0918,831.7,2026-08-07 19:15:00,Mumbai,Flipkart,E-commerce,0
T05227,C0523,875.53,2026-08-07 19:16:00,,Amazon,E-commerce,0
T01107,C0111,2636.15,2026-08-07 19:17:00,Delhi,Big Chill,Restaurant,0
T03237,C0324,4639.06,2026-08-07 19:18:00,,Max,Apparel,0
T06067,C0607,2125.97,2026-08-07 19:18:00,Chennai,Max,Apparel,0
T04947,C0495,4562.04,2026-08-07 19:19:00,Pune,Spar,Grocery,0
T08417,C0842,3788.1,2026-08-07 19:19:00,Pune,Burger King,Restaurant,0
T00877,C0088,1434.56,2026-08-07 19:21:00,Chennai,Zara,Apparel,0
T01317,C0132,2469.11,2026-08-07 19:22:00,Kolkata,Zara,Apparel,0
T03557,C0356,3927.65,2026-08-07 19:22:00,Kolkata,Spar,Grocery,0
T00517,C0052,968.36,2026-08-07 19:23:00,Kolkata,Reliance,Retail,0
T04657,C0466,2049.2,2026-08-07 19:23:00,Hyderabad,Zara,Apparel,0
T00957,C0096,1157.3,2026-08-07 19:24:00,Pune,Burger King,Restaurant,0
T07597,C0760,4794.04,2026-08-07 19:25:00,Hyderabad,Reliance,Retail,0
T03917,C0392,6503.04,2026-08-07 19:26:00,Goa,Myntra,E-commerce,0
T05587,C0559,1936.03,2026-08-07 19:31:00,Chennai,Flipkart,E-commerce,0
T05277,C0528,4370.63,2026-08-07 19:31:00,,Big Chill,Restaurant,0
T09557,C0956,2862.15,2026-08-07 19:32:00,Goa,Zara,Apparel,0
T09197,C0920,2920.63,2026-08-07 19:32:00,Chennai,Flipkart,E-commerce,0
T08877,C0888,6550.22,2026-08-07 19:33:00,Mumbai,Big Chill,Restaurant,0
T03847,C0385,3506.0,2026-08-07 19:35:00,Chennai,,Apparel,0
T09747,C0975,1300.59,2026-08-07 19:36:00,Pune,Burger King,Restaurant,0
T00047,C0005,2586.55,2026-08-07 19:37:00,Pune,Max,Apparel,0
T02557,C0256,1540.18,2026-08-07 19:38:00,Pune,H&M,Apparel,0
T00007,C0001,406.29,2026-08-07 19:41:00,Mumbai,Myntra,E-commerce,0
T07987,C0799,652.83,2026-08-07 19:42:00,Kolkata,Amazon,E-commerce,0
T03387,C0339,4903.41,2026-08-07 19:43:00,Hyderabad,Big Chill,Restaurant,0
T07187,C0719,6035.18,2026-08-07 19:43:00,Hyderabad,Amazon,E-commerce,0
T05237,C0524,2663.47,2026-08-07 19:46:00,,Burger King,Restaurant,0
T02827,C0283,3062.9,2026-08-07 19:47:00,Kolkata,Burger King,Restaurant,0
T03937,C0394,2329.05,2026-08-07 19:47:00,Chennai,Amazon,E-commerce,0
T05147,C0515,777.3,2026-08-07 19:48:00,Mumbai,Myntra,E-commerce,0
T04197,C0420,391.55,2026-08-07 19:48:00,Goa,Max,Apparel,0
T01937,C0194,5402.28,2026-08-07 19:50:00,Mumbai,Zara,Apparel,0
T02697,C0270,1995.02,2026-08-07 19:50:00,Delhi,Max,Apparel,0
T06837,C0684,4206.18,2026-08-07 19:51:00,Mumbai,Reliance,Retail,0
T01547,C0155,1314.6,2026-08-07 19:53:00,Chennai,Zara,Apparel,0
T09787,C0979,6181.63,2026-08-07 19:53:00,Pune,Max,Apparel,0
T04427,C0443,1353.91,2026-08-07 19:55:00,Goa,Reliance,Retail,0
T08577,C0858,6191.49,2026-08-07 19:55:00,Mumbai,Myntra,E-commerce,0
T01087,C0109,1955.02,2026-08-07 19:56:00,Kolkata,Big Chill,Restaurant,0
T01687,C0169,5646.61,2026-08-07 19:56:00,Kolkata,Big Chill,Restaurant,0
T07217,C0722,3199.29,2026-08-07 19:56:00,Kolkata,Reliance,Retail,0
T01497,C0150,1415.69,2026-08-07 19:56:00,Bengaluru,H&M,Apparel,0
T09327,C0933,5235.09,2026-08-07 19:59:00,Chennai,Myntra,E-commerce,0
T04237,C0424,4661.74,2026-08-07 19:59:00,Delhi,Max,Apparel,0
T05187,C0519,4803.95,2026-08-07 19:59:00,Goa,Max,Apparel,0
T08617,C0862,556.32,2026-08-07 20:02:00,Mumbai,Flipkart,E-commerce,0
T06437,C0644,1020.89,2026-08-07 20:02:00,Kolkata,Max,Apparel,0
T06267,C0627,2216.75,2026-08-07 20:02:00,Pune,Zara,Apparel,0
T02047,C0205,5815.59,2026-08-07 20:04:00,Hyderabad,Big Chill,Restaurant,0
T08227,C0823,3189.2,2026-08-07 20:05:00,Chennai,Myntra,E-commerce,0
T05367,C0537,4011.74,2026-08-07 20:06:00,Mumbai,Max,Apparel,0
T04137,C0414,5320.22,2026-08-07 20:06:00,Bengaluru,Burger King,Restaurant,0
T02857,C0286,2757.82,2026-08-07 20:06:00,Delhi,Burger King,Restaurant,0
T07977,C0798,3503.0,2026-08-07 20:08:00,Goa,Reliance,Retail,0
T09317,C0932,5601.55,2026-08-07 20:08:00,,H&M,Apparel,0
T01857,C0186,2546.43,2026-08-07 20:09:00,Goa,Spar,Grocery,0
T01647,C0165,2227.22,2026-08-07 20:09:00,Bengaluru,Burger King,Restaurant,0
T00017,C0002,2213.04,2026-08-07 20:09:00,Goa,Reliance,Retail,0
T01157,C0116,1113.07,2026-08-07 20:09:00,Chennai,Amazon,E-commerce,0
T04447,C0445,3543.14,2026-08-07 20:10:00,Kolkata,Flipkart,E-commerce,0
T03507,C0351,2980.19,2026-08-07 20:10:00,Goa,Zara,Apparel,0
T09157,C0916,2067.25,2026-08-07 20:11:00,Delhi,Big Chill,Restaurant,0
T09967,C0997,4302.01,2026-08-07 20:12:00,Hyderabad,Burger King,Restaurant,0
T08957,C0896,976.46,2026-08-07 20:13:00,Pune,Reliance,Retail,0
T04057,C0406,7316.49,2026-08-07 20:13:00,Hyderabad,Flipkart,E-commerce,0
T06157,C0616,2352.93,2026-08-07 20:13:00,Delhi,Max,Apparel,0
T09307,C0931,3238.3,2026-08-07 20:16:00,Goa,H&M,Apparel,0
T02567,C0257,3929.6,2026-08-07 20:17:00,Hyderabad,Zara,Apparel,0
T07037,C0704,1113.69,2026-08-07 20:19:00,Chennai,Max,Apparel,0
T02137,C0214,2155.14,2026-08-07 20:20:00,Bengaluru,H&M,Apparel,0
T06317,C0632,2057.41,2026-08-07 20:21:00,Bengaluru,Myntra,E-commerce,0
T01437,C0144,2041.79,2026-08-07 20:22:00,Mumbai,Myntra,E-commerce,0
T06327,C0633,2924.27,2026-08-07 20:22:00,Kolkata,Reliance,Retail,0
T07947,C0795,4671.18,2026-08-07 20:22:00,Goa,Max,Apparel,0
T03657,C0366,3153.5,2026-08-07 20:24:00,Goa,Zara,Apparel,0
T09237,C0924,426.83,2026-08-07 20:28:00,Pune,Amazon,E-commerce,0
T07687,C0769,769.65,2026-08-07 20:28:00,Goa,Zara,Apparel,0
T00457,C0046,2269.13,2026-08-07 20:29:00,Pune,Max,Apparel,0
T09457,C0946,3833.51,2026-08-07 20:29:00,Hyderabad,Myntra,E-commerce,0
T04767,C0477,4327.71,2026-08-07 20:30:00,Pune,Big Chill,Restaurant,0
T07337,C0734,1152.19,2026-08-07 20:31:00,Hyderabad,Zara,Apparel,0
T00257,C0026,1193.44,2026-08-07 20:33:00,Chennai,Spar,Grocery,0
T09297,C0930,3564.66,2026-08-07 20:34:00,Bengaluru,Big Chill,Restaurant,0
T08827,C0883,1521.5,2026-08-07 20:34:00,Hyderabad,Burger King,Restaurant,0
T06537,C0654,5120.93,2026-08-07 20:36:00,Delhi,Max,Apparel,0
T08387,C0839,5368.67,2026-08-07 20:38:00,Chennai,Spar,Grocery,0
T00817,C0082,1088.53,2026-08-07 20:38:00,Delhi,Myntra,E-commerce,0
T09797,C0980,1519.79,2026-08-07 20:40:00,,Myntra,E-commerce,0
T03427,C0343,3833.56,2026-08-07 20:40:00,,Myntra,E-commerce,0
T01447,C0145,4432.57,2026-08-07 20:41:00,Pune,Myntra,E-commerce,0
T06877,C0688,2315.93,2026-08-07 20:42:00,Chennai,Myntra,E-commerce,0
T01037,C0104,1280.11,2026-08-07 20:42:00,Kolkata,Flipkart,E-commerce,0
T09937,C0994,1812.04,2026-08-07 20:43:00,Mumbai,Reliance,Retail,0
T00867,C0087,4404.04,2026-08-07 20:44:00,Mumbai,Flipkart,E-commerce,0
T07387,C0739,2796.62,2026-08-07 20:45:00,,Big Chill,Restaurant,0
T06107,C0611,830.68,2026-08-07 20:45:00,Chennai,Max,Apparel,0
T04897,C0490,2257.12,2026-08-07 20:46:00,Delhi,Myntra,E-commerce,0
T03467,C0347,4408.76,2026-08-07 20:47:00,Goa,Big Chill,Restaurant,0
T00967,C0097,1809.46,2026-08-07 20:47:00,Mumbai,Myntra,E-commerce,0
T09977,C0998,3632.59,2026-08-07 20:47:00,Bengaluru,Flipkart,E-commerce,0
T04377,C0438,2002.25,2026-08-07 20:48:00,Pune,Burger King,Restaurant,0
T06217,C0622,3639.61,2026-08-07 20:48:00,Kolkata,Burger King,Restaurant,0
T06427,C0643,2609.25,2026-08-07 20:48:00,Bengaluru,Myntra,E-commerce,0
T09407,C0941,3979.05,2026-08-07 20:48:00,,Spar,Grocery,0
T03547,C0355,923.36,2026-08-07 20:49:00,Pune,Max,Apparel,0
T08157,C0816,2066.19,2026-08-07 20:49:00,Hyderabad,Max,Apparel,0
T01537,C0154,4252.69,2026-08-07 20:49:00,Mumbai,Myntra,E-commerce,0
T05947,C0595,1197.37,2026-08-07 20:50:00,Mumbai,Max,Apparel,0
T00317,C0032,4490.34,2026-08-07 20:50:00,Mumbai,Max,Apparel,0
T07887,C0789,3065.02,2026-08-07 20:50:00,Hyderabad,Flipkart,E-commerce,0
T04277,C0428,1551.32,2026-08-07 20:51:00,Bengaluru,Zara,Apparel,0
T09437,C0944,2406.6,2026-08-07 20:53:00,Delhi,Flipkart,E-commerce,0
T08517,C0852,1268.7,2026-08-07 20:54:00,Hyderabad,Flipkart,E-commerce,0
T04917,C0492,425.99,2026-08-07 20:54:00,Delhi,Flipkart,E-commerce,0
T01917,C0192,403.68,2026-08-07 20:55:00,Kolkata,Max,Apparel,0
T06527,C0653,532.36,2026-08-07 20:56:00,Kolkata,Amazon,E-commerce,0
T02877,C0288,2310.87,2026-08-07 20:58:00,Mumbai,,Restaurant,0
T08427,C0843,5120.63,2026-08-07 20:59:00,Goa,Myntra,E-commerce,0
T07657,C0766,2883.37,2026-08-07 21:00:00,Hyderabad,H&M,Apparel,0
T05287,C0529,4412.51,2026-08-07 21:01:00,Bengaluru,Reliance,Retail,0
T00107,C0011,981.92,2026-08-07 21:01:00,Mumbai,Zara,Apparel,0
T09507,C0951,4827.23,2026-08-07 21:01:00,,Burger King,Restaurant,0
T01387,C0139,3769.47,2026-08-07 21:01:00,Kolkata,Spar,Grocery,0
T06757,C0676,3772.92,2026-08-07 21:01:00,Hyderabad,Amazon,E-commerce,0
T08197,C0820,865.19,2026-08-07 21:05:00,Chennai,Reliance,Retail,0
T07577,C0758,2157.41,2026-08-07 21:06:00,Bengaluru,H&M,Apparel,0
T01567,C0157,2311.65,2026-08-07 21:07:00,Pune,Max,Apparel,0
T01707,C0171,1708.33,2026-08-07 21:07:00,Hyderabad,Max,Apparel,0
T03047,C0305,764.05,2026-08-07 21:07:00,Goa,Myntra,E-commerce,0
T06127,C0613,2378.69,2026-08-07 21:07:00,Goa,Myntra,E-commerce,0
T05637,C0564,1675.53,2026-08-07 21:07:00,Kolkata,Amazon,E-commerce,0
T03667,C0367,1061.01,2026-08-07 21:10:00,Goa,H&M,Apparel,0
T07227,C0723,1426.31,2026-08-07 21:10:00,Bengaluru,H&M,Apparel,0
T02527,C0253,2173.96,2026-08-07 21:10:00,Delhi,Flipkart,E-commerce,0
T01517,C0152,1767.25,2026-08-07 21:11:00,Chennai,Max,Apparel,0
T00757,C0076,4168.86,2026-08-07 21:12:00,Goa,Max,Apparel,0
T09947,C0995,1323.61,2026-08-07 21:12:00,Bengaluru,Burger King,Restaurant,0
T04527,C0453,728.98,2026-08-07 21:12:00,Hyderabad,Flipkart,E-commerce,0
T08527,C0853,1331.0,2026-08-07 21:14:00,Delhi,Burger King,Restaurant,0
T03527,C0353,3553.0,2026-08-07 21:16:00,Chennai,Zara,Apparel,0
T00557,C0056,4733.44,2026-08-07 21:17:00,Mumbai,Amazon,E-commerce,0
T00847,C0085,1054.02,2026-08-07 21:17:00,Pune,Max,Apparel,0
T06377,C0638,4343.74,2026-08-07 21:18:00,Delhi,Reliance,Retail,0
T02267,C0227,6431.29,2026-08-07 21:18:00,Goa,Reliance,Retail,0
T05697,C0570,3464.45,2026-08-07 21:20:00,Delhi,Reliance,Retail,0
T06037,C0604,4571.2,2026-08-07 21:21:00,Bengaluru,Burger King,Restaurant,0
T01597,C0160,1045.25,2026-08-07 21:23:00,Delhi,Spar,Grocery,0
T08057,C0806,2610.82,2026-08-07 21:24:00,Pune,H&M,Apparel,0
T04627,C0463,1785.55,2026-08-07 21:25:00,Hyderabad,,Apparel,0
T07507,C0751,3501.91,2026-08-07 21:25:00,Bengaluru,Max,Apparel,0
T02207,C0221,1010.39,2026-08-07 21:25:00,Hyderabad,Amazon,E-commerce,0
T04247,C0425,3157.67,2026-08-07 21:25:00,Bengaluru,Zara,Apparel,0
T05877,C0588,927.17,2026-08-07 21:26:00,Bengaluru,Reliance,Retail,0
T04877,C0488,1264.12,2026-08-07 21:26:00,Chennai,H&M,Apparel,0
T09917,C0992,2936.1,2026-08-07 21:28:00,Goa,Reliance,Retail,0
T07107,C0711,1355.53,2026-08-07 21:28:00,Goa,Max,Apparel,0
T04167,C0417,3750.05,2026-08-07 21:30:00,Mumbai,Myntra,E-commerce,0
T08917,C0892,2504.97,2026-08-07 21:30:00,Kolkata,Big Chill,Restaurant,0
T07837,C0784,4251.84,2026-08-07 21:31:00,Pune,Spar,Grocery,0
T08767,C0877,4640.82,2026-08-07 21:31:00,,Reliance,Retail,0
T02667,C0267,875.89,2026-08-07 21:32:00,Chennai,Spar,Grocery,0
T06197,C0620,3010.04,2026-08-07 21:32:00,,Flipkart,E-commerce,0
T01807,C0181,3560.28,2026-08-07 21:33:00,Goa,Flipkart,E-commerce,0
T05647,C0565,934.37,2026-08-07 21:35:00,Bengaluru,Zara,Apparel,0
T03517,C0352,5717.29,2026-08-07 21:36:00,Pune,Burger King,Restaurant,0
T00037,C0004,2345.82,2026-08-07 21:38:00,Delhi,Flipkart,E-commerce,0
T05397,C0540,1734.46,2026-08-07 21:39:00,Pune,Burger King,Restaurant,0
T08547,C0855,2452.95,2026-08-07 21:39:00,Mumbai,Big Chill,Restaurant,0
T00407,C0041,5467.51,2026-08-07 21:40:00,Goa,Burger King,Restaurant,0
T09127,C0913,2176.76,2026-08-07 21:41:00,Pune,Myntra,E-commerce,0
T09397,C0940,953.78,2026-08-07 21:42:00,Pune,Big Chill,Restaurant,0
T03287,C0329,2178.58,2026-08-07 21:42:00,Hyderabad,Spar,Grocery,0
T03217,C0322,545.93,2026-08-07 21:47:00,Mumbai,Burger King,Restaurant,0
T05317,C0532,4464.21,2026-08-07 21:49:00,Bengaluru,Burger King,Restaurant,0
T06727,C0673,2365.13,2026-08-07 21:49:00,Kolkata,Burger King,Restaurant,0
T09027,C0903,3682.03,2026-08-07 21:50:00,Delhi,Burger King,Restaurant,0
T02657,C0266,2616.85,2026-08-07 21:50:00,Bengaluru,Myntra,E-commerce,0
T08367,C0837,4467.26,2026-08-07 21:50:00,Pune,,Restaurant,0
T09387,C0939,1368.13,2026-08-07 21:51:00,Kolkata,Flipkart,E-commerce,0
T05107,C0511,1111.96,2026-08-07 21:53:00,Chennai,Zara,Apparel,0
T08637,C0864,3570.85,2026-08-07 21:53:00,Chennai,Big Chill,Restaurant,0
T09587,C0959,2043.97,2026-08-07 21:55:00,Pune,Myntra,E-commerce,0
T02257,C0226,3340.73,2026-08-07 21:55:00,Hyderabad,,E-commerce,0
T05737,C0574,1970.71,2026-08-07 21:56:00,Goa,Myntra,E-commerce,0
T08787,C0879,1675.02,2026-08-07 21:57:00,Hyderabad,Reliance,Retail,0
T00627,C0063,816.31,2026-08-07 21:57:00,,Zara,Apparel,0
T06827,C0683,1881.31,2026-08-07 21:59:00,Delhi,Myntra,E-commerce,0
T09927,C0993,374.19,2026-08-07 22:00:00,Delhi,Reliance,Retail,0
T03927,C0393,4061.86,2026-08-07 22:02:00,Hyderabad,Myntra,E-commerce,0
T06077,C0608,760.71,2026-08-07 22:02:00,Mumbai,Amazon,E-commerce,0
T01337,C0134,3613.69,2026-08-07 22:05:00,Pune,Myntra,E-commerce,0
T07147,C0715,3234.11,2026-08-07 22:06:00,Chennai,Zara,Apparel,0
T00857,C0086,1541.29,2026-08-07 22:06:00,Pune,Spar,Grocery,0
T04547,C0455,3496.06,2026-08-07 22:07:00,Bengaluru,Flipkart,E-commerce,0
T02707,C0271,1784.39,2026-08-07 22:07:00,Bengaluru,Burger King,Restaurant,0
T02197,C0220,2806.67,2026-08-07 22:08:00,Mumbai,Big Chill,Restaurant,0
T05897,C0590,4610.36,2026-08-07 22:09:00,Chennai,H&M,Apparel,0
T03837,C0384,5333.56,2026-08-07 22:09:00,Kolkata,Amazon,E-commerce,0
T02027,C0203,2514.47,2026-08-07 22:09:00,Bengaluru,Burger King,Restaurant,0
T09807,C0981,2641.69,2026-08-07 22:10:00,Bengaluru,Spar,Grocery,0
T05777,C0578,573.1,2026-08-07 22:12:00,Kolkata,Zara,Apparel,0
T04597,C0460,4616.28,2026-08-07 22:15:00,,Burger King,Restaurant,0
T06497,C0650,7193.99,2026-08-07 22:17:00,Pune,Myntra,E-commerce,0
T02417,C0242,2745.33,2026-08-07 22:20:00,Bengaluru,H&M,Apparel,0
T07237,C0724,2651.97,2026-08-07 22:21:00,Goa,Spar,Grocery,0
T08497,C0850,1193.49,2026-08-07 22:21:00,Goa,Reliance,Retail,0
T09867,C0987,691.65,2026-08-07 22:22:00,Mumbai,Spar,Grocery,0
T07677,C0768,864.86,2026-08-07 22:23:00,Bengaluru,Zara,Apparel,0
T09607,C0961,3765.59,2026-08-07 22:23:00,Delhi,Burger King,Restaurant,0
T08007,C0801,3005.06,2026-08-07 22:24:00,Mumbai,Burger King,Restaurant,0
T02907,C0291,2962.56,2026-08-07 22:24:00,Hyderabad,Max,Apparel,0
T09207,C0921,5886.47,2026-08-07 22:24:00,Pune,Big Chill,Restaurant,0
T00117,C0012,5566.88,2026-08-07 22:26:00,Pune,Zara,Apparel,0
T08677,C0868,1886.08,2026-08-07 22:27:00,,Myntra,E-commerce,0
T04037,C0404,3405.99,2026-08-07 22:27:00,Chennai,Flipkart,E-commerce,0
T03477,C0348,447.03,2026-08-07 22:27:00,Goa,Spar,Grocery,0
T01827,C0183,1899.63,2026-08-07 22:28:00,Kolkata,Flipkart,E-commerce,0
T01197,C0120,2570.72,2026-08-07 22:29:00,Delhi,Burger King,Restaurant,0
T03497,C0350,4321.65,2026-08-07 22:30:00,Kolkata,Burger King,Restaurant,0
T07997,C0800,2455.21,2026-08-07 22:30:00,Pune,Spar,Grocery,0
T04677,C0468,1694.08,2026-08-07 22:31:00,Pune,Burger King,Restaurant,0
T07517,C0752,1167.35,2026-08-07 22:32:00,Bengaluru,Zara,Apparel,0
T08857,C0886,1515.48,2026-08-07 22:34:00,Mumbai,Reliance,Retail,0
T01347,C0135,604.79,2026-08-07 22:35:00,Hyderabad,Burger King,Restaurant,0
T05407,C0541,2888.79,2026-08-07 22:36:00,Goa,Burger King,Restaurant,0
T03137,C0314,5447.75,2026-08-07 22:36:00,,H&M,Apparel,0
T09247,C0925,3536.98,2026-08-07 22:39:00,Mumbai,H&M,Apparel,0
T02787,C0279,1845.05,2026-08-07 22:40:00,Pune,Flipkart,E-commerce,0
T01997,C0200,2037.27,2026-08-07 22:41:00,Pune,Myntra,E-commerce,0
T05997,C0600,2724.03,2026-08-07 22:41:00,Chennai,Max,Apparel,0
T01977,C0198,4749.43,2026-08-07 22:42:00,Goa,Amazon,E-commerce,0
T03747,C0375,1254.94,2026-08-07 22:45:00,Kolkata,Zara,Apparel,0
T08187,C0819,3413.78,2026-08-07 22:46:00,Pune,Flipkart,E-commerce,0
T05167,C0517,1646.25,2026-08-07 22:47:00,Mumbai,Max,Apparel,0
T00327,C0033,5316.98,2026-08-07 22:48:00,Kolkata,Zara,Apparel,0
T06237,C0624,3448.01,2026-08-07 22:49:00,Pune,Amazon,E-commerce,0
T00237,C0024,6623.74,2026-08-07 22:50:00,Bengaluru,Flipkart,E-commerce,0
T08697,C0870,2864.93,2026-08-07 22:54:00,Chennai,Max,Apparel,0
T06937,C0694,2455.88,2026-08-07 22:54:00,Mumbai,Burger King,Restaurant,0
T01507,C0151,1989.97,2026-08-07 22:54:00,Delhi,Myntra,E-commerce,0
T08567,C0857,2481.04,2026-08-07 22:55:00,Delhi,Spar,Grocery,0
T07707,C0771,4024.08,2026-08-07 22:56:00,Chennai,Burger King,Restaurant,0
T08627,C0863,3454.89,2026-08-07 22:56:00,Mumbai,Big Chill,Restaurant,0
T01927,C0193,3165.73,2026-08-07 22:56:00,Mumbai,Big Chill,Restaurant,0
T05127,C0513,1943.22,2026-08-07 22:58:00,Chennai,Amazon,E-commerce,0
T06337,C0634,609.11,2026-08-07 22:58:00,Pune,H&M,Apparel,0
T03157,C0316,1672.13,2026-08-07 22:58:00,Hyderabad,Amazon,E-commerce,0
T04018,C0402,2364.1,2026-08-08 08:00:00,Goa,Amazon,E-commerce,0
T09948,C0995,1084.07,2026-08-08 08:00:00,Bengaluru,Big Chill,Restaurant,0
T03048,C0305,831.22,2026-08-08 08:01:00,Goa,Max,Apparel,0
T02978,C0298,4267.14,2026-08-08 08:03:00,Bengaluru,Max,Apparel,0
T09318,C0932,3034.79,2026-08-08 08:03:00,Kolkata,Reliance,Retail,0
T08258,C0826,2186.25,2026-08-08 08:03:00,Bengaluru,Zara,Apparel,0
T03808,C0381,1252.32,2026-08-08 08:05:00,Pune,Big Chill,Restaurant,0
T06638,C0664,3826.56,2026-08-08 08:05:00,Pune,Big Chill,Restaurant,0
T01108,C0111,2471.75,2026-08-08 08:06:00,Delhi,,Restaurant,0
T07978,C0798,1399.07,2026-08-08 08:06:00,Goa,Reliance,Retail,0
T03398,C0340,5308.84,2026-08-08 08:08:00,Bengaluru,Reliance,Retail,0
T04198,C0420,451.78,2026-08-08 08:08:00,Goa,Max,Apparel,0
T06208,C0621,1535.03,2026-08-08 08:09:00,Mumbai,Burger King,Restaurant,0
T05748,C0575,4954.19,2026-08-08 08:11:00,Bengaluru,Max,Apparel,0
T03018,C0302,1349.4,2026-08-08 08:12:00,Kolkata,Flipkart,E-commerce,0
T07608,C0761,2217.17,2026-08-08 08:12:00,Hyderabad,Spar,Grocery,0
T09968,C0997,3024.0,2026-08-08 08:13:00,Hyderabad,Burger King,Restaurant,0
T06578,C0658,556.63,2026-08-08 08:15:00,Kolkata,Big Chill,Restaurant,0
T05378,C0538,3031.42,2026-08-08 08:18:00,Delhi,Spar,Grocery,0
T00698,C0070,1594.21,2026-08-08 08:19:00,Chennai,Max,Apparel,0
T06698,C0670,4084.65,2026-08-08 08:19:00,Pune,Amazon,E-commerce,0
T02248,C0225,4877.12,2026-08-08 08:19:00,Pune,Max,Apparel,0
T07698,C0770,5176.15,2026-08-08 08:19:00,Kolkata,Myntra,E-commerce,0
T02168,C0217,2952.56,2026-08-08 08:19:00,Hyderabad,Reliance,Retail,0
T09788,C0979,3877.18,2026-08-08 08:21:00,Pune,Reliance,Retail,0
T09608,C0961,5149.6,2026-08-08 08:21:00,Delhi,Burger King,Restaurant,0
T07048,C0705,1021.04,2026-08-08 08:22:00,Kolkata,Burger King,Restaurant,0
T02568,C0257,3742.77,2026-08-08 08:23:00,Hyderabad,Reliance,Retail,0
T06748,C0675,615.11,2026-08-08 08:24:00,Kolkata,Max,Apparel,0
T08238,C0824,5390.1,2026-08-08 08:25:00,Goa,Reliance,Retail,0
T01998,C0200,2627.83,2026-08-08 08:26:00,Pune,Big Chill,Restaurant,0
T00858,C0086,2618.16,2026-08-08 08:26:00,Pune,Myntra,E-commerce,0
T02648,C0265,1276.82,2026-08-08 08:26:00,Delhi,Amazon,E-commerce,0
T08568,C0857,945.49,2026-08-08 08:26:00,Delhi,Spar,Grocery,0
T05048,C0505,1613.58,2026-08-08 08:26:00,Bengaluru,Myntra,E-commerce,0
T06708,C0671,1313.78,2026-08-08 08:26:00,Goa,Amazon,E-commerce,0
T06828,C0683,1610.61,2026-08-08 08:26:00,Delhi,,E-commerce,0
T02548,C0255,4252.41,2026-08-08 08:27:00,Bengaluru,Reliance,Retail,0
T07768,C0777,2261.62,2026-08-08 08:28:00,Chennai,Zara,Apparel,0
T07838,C0784,3526.05,2026-08-08 08:28:00,Pune,Spar,Grocery,0
T02008,C0201,870.95,2026-08-08 08:30:00,Goa,Myntra,E-commerce,0
T07468,C0747,1859.26,2026-08-08 08:32:00,Hyderabad,Amazon,E-commerce,0
T03578,C0358,3774.91,2026-08-08 08:32:00,,H&M,Apparel,0
T09368,C0937,6124.13,2026-08-08 08:32:00,Chennai,Flipkart,E-commerce,0
T00568,C0057,2585.9,2026-08-08 08:33:00,Mumbai,Myntra,E-commerce,0
T04368,C0437,3585.08,2026-08-08 08:35:00,Bengaluru,Spar,Grocery,0
T03528,C0353,5856.69,2026-08-08 08:35:00,Chennai,Myntra,E-commerce,0
T01458,C0146,5110.96,2026-08-08 08:38:00,Bengaluru,Zara,Apparel,0
T00718,C0072,1230.71,2026-08-08 08:38:00,Chennai,Spar,Grocery,0
T01578,C0158,1065.52,2026-08-08 08:39:00,Pune,Max,Apparel,0
T05848,C0585,3692.71,2026-08-08 08:41:00,Hyderabad,Reliance,Retail,0
T04378,C0438,1954.91,2026-08-08 08:41:00,,Amazon,E-commerce,0
T08398,C0840,714.15,2026-08-08 08:42:00,Delhi,H&M,Apparel,0
T02448,C0245,1143.61,2026-08-08 08:42:00,Mumbai,Spar,Grocery,0
T08228,C0823,5571.89,2026-08-08 08:43:00,Chennai,Max,Apparel,0
T03368,C0337,4156.69,2026-08-08 08:44:00,Delhi,Reliance,Retail,0
T06968,C0697,5247.34,2026-08-08 08:44:00,Chennai,Flipkart,E-commerce,0
T05488,C0549,1358.16,2026-08-08 08:46:00,Chennai,H&M,Apparel,0
T01848,C0185,5822.59,2026-08-08 08:47:00,Bengaluru,Big Chill,Restaurant,0
T01048,C0105,2802.79,2026-08-08 08:49:00,Kolkata,Burger King,Restaurant,0
T04668,C0467,752.53,2026-08-08 08:50:00,Chennai,Burger King,Restaurant,0
T07998,C0800,6701.24,2026-08-08 08:50:00,Pune,,Grocery,0
T05758,C0576,3268.62,2026-08-08 08:50:00,Chennai,Max,Apparel,0
T06068,C0607,2795.88,2026-08-08 08:50:00,Chennai,Max,Apparel,0
T00708,C0071,4050.31,2026-08-08 08:52:00,Delhi,Max,Apparel,0
T09508,C0951,4521.45,2026-08-08 08:53:00,Pune,Burger King,Restaurant,0
T09238,C0924,686.74,2026-08-08 08:53:00,Pune,Flipkart,E-commerce,0
T05568,C0557,933.47,2026-08-08 08:53:00,Bengaluru,Max,Apparel,0
T00738,C0074,4966.52,2026-08-08 08:56:00,Chennai,Max,Apparel,0
T04798,C0480,2845.32,2026-08-08 08:56:00,Pune,H&M,Apparel,0
T06858,C0686,2659.78,2026-08-08 08:57:00,Hyderabad,H&M,Apparel,0
T06058,C0606,7294.17,2026-08-08 08:57:00,Delhi,Max,Apparel,0
T09778,C0978,3109.62,2026-08-08 09:00:00,Delhi,Max,Apparel,0
T02698,C0270,2009.4,2026-08-08 09:00:00,Delhi,Reliance,Retail,0
T06538,C0654,2344.46,2026-08-08 09:01:00,Delhi,H&M,Apparel,0
T09698,C0970,917.71,2026-08-08 09:03:00,Bengaluru,Spar,Grocery,0
T00748,C0075,5279.15,2026-08-08 09:03:00,Goa,Big Chill,Restaurant,0
T05148,C0515,1791.3,2026-08-08 09:05:00,Mumbai,Myntra,E-commerce,0
T01148,C0115,2197.79,2026-08-08 09:06:00,Chennai,Reliance,Retail,0
T03508,C0351,3098.03,2026-08-08 09:08:00,Goa,Spar,Grocery,0
T09618,C0962,3449.7,2026-08-08 09:08:00,Hyderabad,H&M,Apparel,0
T06088,C0609,418.38,2026-08-08 09:09:00,Pune,,Restaurant,0
T09068,C0907,3082.47,2026-08-08 09:12:00,Kolkata,Max,Apparel,0
T03328,C0333,2418.21,2026-08-08 09:12:00,Mumbai,Zara,Apparel,0
T04328,C0433,4971.45,2026-08-08 09:13:00,Hyderabad,Big Chill,Restaurant,0
T00268,C0027,2136.01,2026-08-08 09:16:00,Goa,Flipkart,E-commerce,0
T05368,C0537,5393.74,2026-08-08 09:16:00,Mumbai,Spar,Grocery,0
T03038,C0304,4652.77,2026-08-08 09:17:00,Delhi,Max,Apparel,0
T05218,C0522,1812.34,2026-08-08 09:18:00,Hyderabad,Burger King,Restaurant,0
T01188,C0119,3294.59,2026-08-08 09:19:00,Bengaluru,Burger King,Restaurant,0
T03278,C0328,2775.0,2026-08-08 09:19:00,Delhi,Big Chill,Restaurant,0
T05508,C0551,1510.53,2026-08-08 09:21:00,Pune,Zara,Apparel,0
T01738,C0174,3455.15,2026-08-08 09:21:00,Mumbai,Flipkart,E-commerce,0
T07168,C0717,1076.28,2026-08-08 09:21:00,Chennai,Max,Apparel,0
T05788,C0579,2666.53,2026-08-08 09:21:00,Chennai,Reliance,Retail,0
T09768,C0977,4993.33,2026-08-08 09:21:00,Hyderabad,Spar,Grocery,0
T07528,C0753,6834.82,2026-08-08 09:22:00,Goa,H&M,Apparel,0
T08218,C0822,276.25,2026-08-08 09:25:00,Kolkata,Amazon,E-commerce,0
T05268,C0527,728.98,2026-08-08 09:25:00,Hyderabad,Spar,Grocery,0
T01328,C0133,5780.58,2026-08-08 09:27:00,Hyderabad,Burger King,Restaurant,0
T03248,C0325,3555.64,2026-08-08 09:27:00,Bengaluru,H&M,Apparel,0
T00008,C0001,441.4,2026-08-08 09:27:00,Mumbai,Myntra,E-commerce,0
T02878,C0288,3443.48,2026-08-08 09:28:00,Mumbai,Big Chill,Restaurant,0
T09578,C0958,1017.98,2026-08-08 09:29:00,Pune,Zara,Apparel,0
T07238,C0724,1947.6,2026-08-08 09:30:00,,Spar,Grocery,0
T04998,C0500,3287.04,2026-08-08 09:34:00,Hyderabad,Flipkart,E-commerce,0
T08088,C0809,2846.55,2026-08-08 09:36:00,Mumbai,Myntra,E-commerce,0
T01708,C0171,1383.32,2026-08-08 09:36:00,Hyderabad,Max,Apparel,0
T07688,C0769,724.9,2026-08-08 09:36:00,Goa,H&M,Apparel,0
T06598,C0660,2106.75,2026-08-08 09:36:00,Hyderabad,Myntra,E-commerce,0
T03428,C0343,2091.04,2026-08-08 09:37:00,Kolkata,Myntra,E-commerce,0
T02688,C0269,829.78,2026-08-08 09:38:00,Bengaluru,Amazon,E-commerce,0
T00628,C0063,1013.54,2026-08-08 09:39:00,Bengaluru,Zara,Apparel,0
T00278,C0028,1378.39,2026-08-08 09:40:00,,Myntra,E-commerce,0
T06548,C0655,1219.05,2026-08-08 09:40:00,Chennai,Flipkart,E-commerce,0
T09028,C0903,2696.92,2026-08-08 09:40:00,,Spar,Grocery,0
T01838,C0184,6580.89,2026-08-08 09:41:00,Goa,Spar,Grocery,0
T00688,C0069,3572.55,2026-08-08 09:41:00,Goa,Max,Apparel,0
T08718,C0872,632.69,2026-08-08 09:42:00,Goa,Amazon,E-commerce,0
T08338,C0834,2274.23,2026-08-08 09:42:00,Pune,Burger King,Restaurant,0
T01978,C0198,4883.0,2026-08-08 09:42:00,Goa,Spar,Grocery,0
T06498,C0650,7209.84,2026-08-08 09:42:00,Pune,Spar,Grocery,0
T08778,C0878,716.16,2026-08-08 09:43:00,Bengaluru,Burger King,Restaurant,0
T05838,C0584,3016.75,2026-08-08 09:44:00,Bengaluru,Burger King,Restaurant,0
T09558,C0956,2993.19,2026-08-08 09:44:00,Goa,Burger King,Restaurant,0
T02728,C0273,1206.44,2026-08-08 09:46:00,Hyderabad,Big Chill,Restaurant,0
T05948,C0595,848.03,2026-08-08 09:47:00,Mumbai,Max,Apparel,0
T01908,C0191,4769.17,2026-08-08 09:48:00,Mumbai,Flipkart,E-commerce,0
T03758,C0376,546.29,2026-08-08 09:49:00,Kolkata,Max,Apparel,0
T09898,C0990,1380.54,2026-08-08 09:50:00,Kolkata,Amazon,E-commerce,0
T09668,C0967,5070.93,2026-08-08 09:50:00,Mumbai,Spar,Grocery,0
T08858,C0886,1479.86,2026-08-08 09:50:00,Mumbai,Reliance,Retail,0
T01198,C0120,6820.95,2026-08-08 09:50:00,,Big Chill,Restaurant,0
T08318,C0832,2786.17,2026-08-08 09:50:00,Bengaluru,Flipkart,E-commerce,0
T00188,C0019,1432.41,2026-08-08 09:52:00,Bengaluru,,E-commerce,0
T08558,C0856,4093.23,2026-08-08 09:52:00,Hyderabad,Burger King,Restaurant,0
T06108,C0611,567.87,2026-08-08 09:52:00,Chennai,Flipkart,E-commerce,0
T01508,C0151,1625.12,2026-08-08 09:55:00,Delhi,Myntra,E-commerce,0
T06398,C0640,2475.13,2026-08-08 09:56:00,Kolkata,Reliance,Retail,0
T05818,C0582,5614.44,2026-08-08 09:56:00,Hyderabad,Big Chill,Restaurant,0
T04548,C0455,3224.21,2026-08-08 09:56:00,Bengaluru,Flipkart,E-commerce,0
T00448,C0045,2601.51,2026-08-08 09:57:00,Chennai,Burger King,Restaurant,0
T04728,C0473,1701.73,2026-08-08 09:58:00,Mumbai,Flipkart,E-commerce,0
T06328,C0633,3156.26,2026-08-08 09:58:00,Kolkata,H&M,Apparel,0
T09108,C0911,5269.3,2026-08-08 09:59:00,Delhi,Reliance,Retail,0
T05968,C0597,3774.63,2026-08-08 10:00:00,Delhi,Spar,Grocery,0
T09348,C0935,1628.03,2026-08-08 10:03:00,Goa,Reliance,Retail,0
T03458,C0346,1901.0,2026-08-08 10:06:00,Hyderabad,Max,Apparel,0
T08808,C0881,1598.99,2026-08-08 10:06:00,Kolkata,Flipkart,E-commerce,0
T06348,C0635,3945.92,2026-08-08 10:07:00,Hyderabad,Spar,Grocery,0
T07138,C0714,1128.73,2026-08-08 10:08:00,Bengaluru,Reliance,Retail,0
T07588,C0759,2360.43,2026-08-08 10:08:00,Hyderabad,Max,Apparel,0
T05868,C0587,2994.68,2026-08-08 10:10:00,Delhi,Flipkart,E-commerce,0
T07258,C0726,1872.23,2026-08-08 10:11:00,Kolkata,Burger King,Restaurant,0
T00498,C0050,3368.22,2026-08-08 10:12:00,Chennai,Amazon,E-commerce,0
T08138,C0814,4028.96,2026-08-08 10:13:00,Mumbai,Spar,Grocery,0
T07458,C0746,2340.74,2026-08-08 10:13:00,Goa,Big Chill,Restaurant,0
T04488,C0449,3805.85,2026-08-08 10:15:00,Mumbai,Burger King,Restaurant,0
T02948,C0295,1277.2,2026-08-08 10:16:00,Hyderabad,Big Chill,Restaurant,0
T03028,C0303,3634.9,2026-08-08 10:17:00,Bengaluru,Myntra,E-commerce,0
T07308,C0731,5555.12,2026-08-08 10:18:00,Hyderabad,Flipkart,E-commerce,0
T03678,C0368,6161.57,2026-08-08 10:18:00,Hyderabad,Zara,Apparel,0
T07348,C0735,1934.7,2026-08-08 10:19:00,Delhi,H&M,Apparel,0
T04468,C0447,3466.56,2026-08-08 10:21:00,Bengaluru,Zara,Apparel,0
T09658,C0966,2291.65,2026-08-08 10:22:00,Hyderabad,Burger King,Restaurant,0
T08108,C0811,3268.71,2026-08-08 10:22:00,Pune,Spar,Grocery,0
T08768,C0877,1703.68,2026-08-08 10:22:00,Kolkata,Zara,Apparel,0
T04708,C0471,6314.59,2026-08-08 10:23:00,Mumbai,Flipkart,E-commerce,0
T01298,C0130,4493.0,2026-08-08 10:25:00,Chennai,Max,Apparel,0
T07028,C0703,2539.86,2026-08-08 10:25:00,Kolkata,Spar,Grocery,0
T04748,C0475,5490.82,2026-08-08 10:26:00,Pune,Reliance,Retail,0
T02658,C0266,2604.99,2026-08-08 10:27:00,Bengaluru,Burger King,Restaurant,0
T09298,C0930,4725.42,2026-08-08 10:27:00,Bengaluru,Spar,Grocery,0
T01788,C0179,3413.06,2026-08-08 10:29:00,Bengaluru,Big Chill,Restaurant,0
T02228,C0223,1947.22,2026-08-08 10:29:00,,Amazon,E-commerce,0
T05918,C0592,1246.34,2026-08-08 10:29:00,Mumbai,Flipkart,E-commerce,0
T05188,C0519,3637.72,2026-08-08 10:30:00,Goa,Zara,Apparel,0
T00368,C0037,1926.28,2026-08-08 10:31:00,Delhi,Myntra,E-commerce,0
T05768,C0577,1368.73,2026-08-08 10:31:00,Pune,Big Chill,Restaurant,0
T05158,C0516,1036.46,2026-08-08 10:31:00,,Flipkart,E-commerce,0
T07088,C0709,1932.29,2026-08-08 10:32:00,Kolkata,Zara,Apparel,0
T05828,C0583,5822.89,2026-08-08 10:32:00,Chennai,Spar,Grocery,0
T05248,C0525,3346.17,2026-08-08 10:33:00,Hyderabad,Flipkart,E-commerce,0
T06018,C0602,2748.29,2026-08-08 10:33:00,Bengaluru,Zara,Apparel,0
T07368,C0737,3215.31,2026-08-08 10:34:00,Chennai,Burger King,Restaurant,0
T01208,C0121,4099.48,2026-08-08 10:34:00,Delhi,Amazon,E-commerce,0
T02018,C0202,4869.69,2026-08-08 10:35:00,Kolkata,Amazon,E-commerce,0
T02818,C0282,3014.29,2026-08-08 10:36:00,Goa,Reliance,Retail,0
T09648,C0965,3778.25,2026-08-08 10:37:00,Chennai,Zara,Apparel,0
T04848,C0485,5519.25,2026-08-08 10:37:00,,Spar,Grocery,0
T00258,C0026,1798.26,2026-08-08 10:38:00,Chennai,Max,Apparel,0
T06168,C0617,2966.43,2026-08-08 10:38:00,Delhi,Zara,Apparel,0
T04928,C0493,507.07,2026-08-08 10:38:00,Bengaluru,Big Chill,Restaurant,0
T09818,C0982,4632.72,2026-08-08 10:38:00,Pune,Max,Apparel,0
T01348,C0135,370.21,2026-08-08 10:39:00,Hyderabad,H&M,Apparel,0
T04638,C0464,1336.63,2026-08-08 10:39:00,Chennai,Max,Apparel,0
T03288,C0329,1064.24,2026-08-08 10:40:00,Hyderabad,Reliance,Retail,0
T04828,C0483,3425.32,2026-08-08 10:42:00,Pune,Spar,Grocery,0
T07478,C0748,924.12,2026-08-08 10:43:00,Bengaluru,Big Chill,Restaurant,0
T08028,C0803,538.15,2026-08-08 10:44:00,Delhi,Burger King,Restaurant,0
T03748,C0375,1492.93,2026-08-08 10:45:00,Kolkata,Big Chill,Restaurant,0
T02788,C0279,2284.93,2026-08-08 10:47:00,Pune,Flipkart,E-commerce,0
T01398,C0140,1950.2,2026-08-08 10:50:00,Mumbai,,Apparel,0
T04648,C0465,2689.84,2026-08-08 10:52:00,Chennai,Spar,Grocery,0
T01098,C0110,2887.2,2026-08-08 10:52:00,Delhi,Big Chill,Restaurant,0
T03698,C0370,2961.49,2026-08-08 10:52:00,Bengaluru,Max,Apparel,0
T00378,C0038,559.11,2026-08-08 10:53:00,Delhi,Amazon,E-commerce,0
T06228,C0623,674.42,2026-08-08 10:54:00,Hyderabad,Reliance,Retail,0
T01608,C0161,4332.14,2026-08-08 10:55:00,Mumbai,Reliance,Retail,0
T08928,C0893,2029.17,2026-08-08 10:55:00,Delhi,Big Chill,Restaurant,0
T09988,C0999,4769.37,2026-08-08 10:59:00,Kolkata,Myntra,E-commerce,0
T07078,C0708,2086.97,2026-08-08 11:00:00,Pune,,E-commerce,0
T09128,C0913,3065.6,2026-08-08 11:02:00,,Myntra,E-commerce,0
T08878,C0888,2929.59,2026-08-08 11:03:00,Mumbai,Big Chill,Restaurant,0
T07298,C0730,2206.19,2026-08-08 11:04:00,Delhi,H&M,Apparel,0
T09908,C0991,3378.99,2026-08-08 11:06:00,,H&M,Apparel,0
T05538,C0554,2197.72,2026-08-08 11:07:00,Chennai,Spar,Grocery,0
T09198,C0920,2553.28,2026-08-08 11:08:00,Chennai,Flipkart,E-commerce,0
T04108,C0411,1755.42,2026-08-08 11:08:00,Kolkata,Flipkart,E-commerce,0
T02578,C0258,3718.05,2026-08-08 11:09:00,Pune,Myntra,E-commerce,0
T04958,C0496,737.23,2026-08-08 11:11:00,Chennai,Burger King,Restaurant,0
T03588,C0359,6043.36,2026-08-08 11:13:00,Pune,Max,Apparel,0
T05738,C0574,2510.41,2026-08-08 11:14:00,Goa,Myntra,E-commerce,0
T02288,C0229,2320.06,2026-08-08 11:14:00,Pune,Reliance,Retail,0
T05118,C0512,1084.17,2026-08-08 11:16:00,Mumbai,Max,Apparel,0
T02308,C0231,1314.68,2026-08-08 11:17:00,Chennai,Reliance,Retail,0
T06308,C0631,2287.17,2026-08-08 11:19:00,Mumbai,Spar,Grocery,0
T03168,C0317,1390.28,2026-08-08 11:19:00,,Spar,Grocery,0
T01818,C0182,1229.58,2026-08-08 11:20:00,Bengaluru,,Apparel,0
T02118,C0212,4186.4,2026-08-08 11:20:00,Mumbai,Zara,Apparel,0
T06788,C0679,1623.67,2026-08-08 11:21:00,Hyderabad,Max,Apparel,0
T02748,C0275,5052.92,2026-08-08 11:21:00,Chennai,Reliance,Retail,0
T03628,C0363,4231.99,2026-08-08 11:22:00,Chennai,Reliance,Retail,0
T03988,C0399,2139.72,2026-08-08 11:23:00,Hyderabad,Big Chill,Restaurant,0
T01178,C0118,5314.5,2026-08-08 11:24:00,Hyderabad,Reliance,Retail,0
T05548,C0555,2369.7,2026-08-08 11:27:00,Hyderabad,Max,Apparel,0
T02538,C0254,2725.64,2026-08-08 11:28:00,Mumbai,Amazon,E-commerce,0
T02428,C0243,2004.17,2026-08-08 11:30:00,Chennai,Burger King,Restaurant,0
T09998,C1000,3735.38,2026-08-08 11:32:00,,Flipkart,E-commerce,0
T08838,C0884,1592.84,2026-08-08 11:32:00,Hyderabad,Amazon,E-commerce,0
T07328,C0733,2873.39,2026-08-08 11:32:00,Goa,Flipkart,E-commerce,0
T09138,C0914,1367.02,2026-08-08 11:33:00,Bengaluru,,Grocery,0
T01898,C0190,6093.1,2026-08-08 11:33:00,Kolkata,Spar,Grocery,0
T05438,C0544,2598.39,2026-08-08 11:36:00,,Myntra,E-commerce,0
T07598,C0760,2810.91,2026-08-08 11:36:00,Hyderabad,Burger King,Restaurant,0
T02318,C0232,1752.04,2026-08-08 11:38:00,Pune,Amazon,E-commerce,0
T01598,C0160,1893.89,2026-08-08 11:39:00,Delhi,Zara,Apparel,0
T00458,C0046,2882.24,2026-08-08 11:40:00,Pune,Amazon,E-commerce,0
T09848,C0985,3162.56,2026-08-08 11:40:00,Kolkata,Flipkart,E-commerce,0
T02498,C0250,985.87,2026-08-08 11:41:00,Chennai,Spar,Grocery,0
T07288,C0729,1666.37,2026-08-08 11:42:00,Delhi,Amazon,E-commerce,0
T04898,C0490,2006.45,2026-08-08 11:42:00,Delhi,Myntra,E-commerce,0
T06508,C0651,1325.48,2026-08-08 11:44:00,Bengaluru,Big Chill,Restaurant,0
T04298,C0430,6036.74,2026-08-08 11:44:00,Hyderabad,Max,Apparel,0
T02138,C0214,1883.44,2026-08-08 11:45:00,Bengaluru,,Apparel,0
T09168,C0917,1931.0,2026-08-08 11:48:00,Mumbai,Amazon,E-commerce,0
T07638,C0764,2844.77,2026-08-08 11:48:00,Chennai,Big Chill,Restaurant,0
T01478,C0148,1004.87,2026-08-08 11:49:00,Bengaluru,Myntra,E-commerce,0
T04818,C0482,1096.55,2026-08-08 11:49:00,Bengaluru,H&M,Apparel,0
T07278,C0728,3573.13,2026-08-08 11:49:00,Bengaluru,Max,Apparel,0
T09378,C0938,3015.42,2026-08-08 11:49:00,Bengaluru,Amazon,E-commerce,0
T07668,C0767,3241.48,2026-08-08 11:50:00,Delhi,Spar,Grocery,0
T06658,C0666,2956.76,2026-08-08 11:50:00,Hyderabad,Spar,Grocery,0
T05168,C0517,4512.63,2026-08-08 11:50:00,Mumbai,Big Chill,Restaurant,0
T03618,C0362,3108.17,2026-08-08 11:50:00,Chennai,Burger King,Restaurant,0
T03108,C0311,881.13,2026-08-08 11:51:00,Bengaluru,Flipkart,E-commerce,0
T02528,C0253,3868.74,2026-08-08 11:52:00,Delhi,Flipkart,E-commerce,0
T03178,C0318,601.92,2026-08-08 11:53:00,Goa,Max,Apparel,0
T07988,C0799,930.33,2026-08-08 11:54:00,Kolkata,Amazon,E-commerce,0
T06288,C0629,1877.09,2026-08-08 11:54:00,Goa,Big Chill,Restaurant,0
T00518,C0052,1238.36,2026-08-08 11:54:00,Kolkata,H&M,Apparel,0
T02488,C0249,2164.46,2026-08-08 11:54:00,Kolkata,Reliance,Retail,0
T06458,C0646,2559.21,2026-08-08 11:54:00,Hyderabad,H&M,Apparel,0
T04168,C0417,1672.26,2026-08-08 11:57:00,Mumbai,Amazon,E-commerce,0
T09398,C0940,911.93,2026-08-08 11:58:00,Pune,Flipkart,E-commerce,0
T09338,C0934,1133.46,2026-08-08 11:58:00,Goa,Amazon,E-commerce,0
T08948,C0895,5260.84,2026-08-08 12:02:00,Kolkata,H&M,Apparel,0
T02898,C0290,1720.73,2026-08-08 12:02:00,Kolkata,Reliance,Retail,0
T08148,C0815,3538.82,2026-08-08 12:02:00,Hyderabad,Flipkart,E-commerce,0
T02908,C0291,3524.65,2026-08-08 12:03:00,Hyderabad,Max,Apparel,0
T03788,C0379,5145.77,2026-08-08 12:03:00,Goa,Reliance,Retail,0
T03968,C0397,7238.52,2026-08-08 12:03:00,Chennai,,Grocery,0
T03078,C0308,1665.76,2026-08-08 12:05:00,Pune,H&M,Apparel,0
T02758,C0276,421.74,2026-08-08 12:05:00,Chennai,Burger King,Restaurant,0
T02958,C0296,3740.24,2026-08-08 12:07:00,Bengaluru,Max,Apparel,0
T00428,C0043,4117.08,2026-08-08 12:08:00,Mumbai,Big Chill,Restaurant,0
T01268,C0127,6107.22,2026-08-08 12:08:00,Bengaluru,Big Chill,Restaurant,0
T07228,C0723,2066.86,2026-08-08 12:09:00,Bengaluru,Reliance,Retail,0
T00288,C0029,3721.21,2026-08-08 12:09:00,Delhi,Reliance,Retail,0
T01638,C0164,1497.36,2026-08-08 12:10:00,Kolkata,Zara,Apparel,0
T06198,C0620,1733.0,2026-08-08 12:11:00,Delhi,Flipkart,E-commerce,0
T00578,C0058,2788.65,2026-08-08 12:11:00,Hyderabad,H&M,Apparel,0
T06388,C0639,3820.13,2026-08-08 12:11:00,Delhi,Spar,Grocery,0
T03638,C0364,4794.58,2026-08-08 12:11:00,Hyderabad,Flipkart,E-commerce,0
T02858,C0286,1289.11,2026-08-08 12:12:00,Delhi,Burger King,Restaurant,0
T02038,C0204,3104.94,2026-08-08 12:13:00,Bengaluru,Burger King,Restaurant,0
T04538,C0454,2742.5,2026-08-08 12:17:00,Goa,Myntra,E-commerce,0
T05678,C0568,5573.93,2026-08-08 12:18:00,Delhi,H&M,Apparel,0
T06958,C0696,869.76,2026-08-08 12:18:00,Goa,Amazon,E-commerce,0
T02458,C0246,1164.93,2026-08-08 12:20:00,Hyderabad,Flipkart,E-commerce,0
T02618,C0262,842.61,2026-08-08 12:21:00,Mumbai,Amazon,E-commerce,0
T05598,C0560,1578.78,2026-08-08 12:22:00,Goa,Spar,Grocery,0
T00758,C0076,4338.52,2026-08-08 12:22:00,,H&M,Apparel,0
T01318,C0132,3015.47,2026-08-08 12:23:00,Kolkata,Zara,Apparel,0
T08608,C0861,412.09,2026-08-08 12:23:00,Goa,Amazon,E-commerce,0
T01038,C0104,2261.06,2026-08-08 12:23:00,Kolkata,Zara,Apparel,0
T05278,C0528,4011.61,2026-08-08 12:26:00,,Spar,Grocery,0
T08438,C0844,2820.19,2026-08-08 12:27:00,Mumbai,Flipkart,E-commerce,0
T00488,C0049,1254.19,2026-08-08 12:27:00,Pune,H&M,Apparel,0
T03958,C0396,2247.95,2026-08-08 12:29:00,Goa,Spar,Grocery,0
T09928,C0993,693.92,2026-08-08 12:31:00,Delhi,Reliance,Retail,0
T06268,C0627,1408.78,2026-08-08 12:31:00,Pune,Spar,Grocery,0
T06038,C0604,2716.05,2026-08-08 12:32:00,Bengaluru,Big Chill,Restaurant,0
T05668,C0567,2402.99,2026-08-08 12:33:00,Mumbai,Spar,Grocery,0
T06728,C0673,2419.24,2026-08-08 12:34:00,Kolkata,Amazon,E-commerce,0
T01498,C0150,2430.83,2026-08-08 12:36:00,Bengaluru,Spar,Grocery,0
T01168,C0117,1459.19,2026-08-08 12:36:00,Bengaluru,Burger King,Restaurant,0
T01448,C0145,1959.04,2026-08-08 12:36:00,Pune,,E-commerce,0
T06218,C0622,2163.15,2026-08-08 12:38:00,Kolkata,Max,Apparel,0
T06438,C0644,1251.97,2026-08-08 12:38:00,Kolkata,Max,Apparel,0
T06478,C0648,2436.27,2026-08-08 12:38:00,Goa,Amazon,E-commerce,0
T01678,C0168,2928.46,2026-08-08 12:40:00,Bengaluru,Burger King,Restaurant,0
T02028,C0203,1858.87,2026-08-08 12:40:00,Bengaluru,Burger King,Restaurant,0
T08748,C0875,1303.76,2026-08-08 12:41:00,Goa,Reliance,Retail,0
T01868,C0187,1574.85,2026-08-08 12:41:00,Chennai,Myntra,E-commerce,0
T07518,C0752,1218.58,2026-08-08 12:42:00,Bengaluru,Flipkart,E-commerce,0
T06518,C0652,3179.37,2026-08-08 12:43:00,Kolkata,Flipkart,E-commerce,0
T06378,C0638,3040.33,2026-08-08 12:43:00,Delhi,Reliance,Retail,0
T07268,C0727,3679.85,2026-08-08 12:44:00,Hyderabad,Reliance,Retail,0
T06888,C0689,3658.14,2026-08-08 12:45:00,Kolkata,Flipkart,E-commerce,0
T02358,C0236,5928.39,2026-08-08 12:46:00,Bengaluru,Max,Apparel,0
T04128,C0413,6092.45,2026-08-08 12:47:00,Chennai,Zara,Apparel,0
T03728,C0373,2567.99,2026-08-08 12:47:00,Bengaluru,Amazon,E-commerce,0
T07718,C0772,3123.77,2026-08-08 12:48:00,Hyderabad,Amazon,E-commerce,0
T05128,C0513,2528.97,2026-08-08 12:50:00,Chennai,Amazon,E-commerce,0
T03908,C0391,2780.79,2026-08-08 12:50:00,Bengaluru,Myntra,E-commerce,0
T09468,C0947,6380.21,2026-08-08 12:52:00,,Zara,Apparel,0
T05988,C0599,581.41,2026-08-08 12:53:00,Pune,Zara,Apparel,0
T02108,C0211,3002.16,2026-08-08 12:53:00,Pune,Flipkart,E-commerce,0
T07558,C0756,896.87,2026-08-08 12:55:00,Kolkata,Reliance,Retail,0
T04568,C0457,1077.27,2026-08-08 12:56:00,Goa,Reliance,Retail,0
T07848,C0785,833.61,2026-08-08 12:56:00,Delhi,Burger King,Restaurant,0
T04218,C0422,3506.67,2026-08-08 12:56:00,Bengaluru,Zara,Apparel,0
T02628,C0263,2779.67,2026-08-08 12:57:00,Pune,Spar,Grocery,0
T02418,C0242,2431.26,2026-08-08 12:57:00,Bengaluru,Amazon,E-commerce,0
T07198,C0720,378.12,2026-08-08 12:57:00,Kolkata,Big Chill,Restaurant,0
T04558,C0456,6292.37,2026-08-08 12:57:00,Chennai,Burger King,Restaurant,0
T08638,C0864,2874.16,2026-08-08 12:57:00,Chennai,Big Chill,Restaurant,0
T08458,C0846,2373.19,2026-08-08 12:58:00,Hyderabad,Max,Apparel,0
T06098,C0610,3292.14,2026-08-08 12:59:00,Bengaluru,Big Chill,Restaurant,0
T05098,C0510,2259.75,2026-08-08 13:01:00,Pune,Zara,Apparel,0
T04788,C0479,549.84,2026-08-08 13:02:00,Kolkata,Burger King,Restaurant,0
T08118,C0812,5721.06,2026-08-08 13:02:00,Delhi,Spar,Grocery,0
T06418,C0642,3667.37,2026-08-08 13:02:00,Chennai,Zara,Apparel,0
T03348,C0335,2133.96,2026-08-08 13:02:00,Bengaluru,Burger King,Restaurant,0
T04268,C0427,3184.19,2026-08-08 13:03:00,,,E-commerce,0
T07758,C0776,4515.13,2026-08-08 13:03:00,Mumbai,Reliance,Retail,0
T07678,C0768,1028.42,2026-08-08 13:04:00,Bengaluru,Zara,Apparel,0
T03128,C0313,5516.74,2026-08-08 13:06:00,Mumbai,Flipkart,E-commerce,0
T01258,C0126,3661.11,2026-08-08 13:09:00,Mumbai,H&M,Apparel,0
T05078,C0508,3473.44,2026-08-08 13:10:00,Hyderabad,Flipkart,E-commerce,0
T06358,C0636,3364.35,2026-08-08 13:10:00,Delhi,Zara,Apparel,0
T02828,C0283,3020.85,2026-08-08 13:11:00,Kolkata,,Restaurant,0
T02438,C0244,5860.7,2026-08-08 13:11:00,Mumbai,Myntra,E-commerce,0
T03928,C0393,5451.41,2026-08-08 13:12:00,Hyderabad,,E-commerce,0
T07488,C0749,3355.38,2026-08-08 13:13:00,Delhi,H&M,Apparel,0
T00338,C0034,3248.37,2026-08-08 13:14:00,Chennai,Myntra,E-commerce,0
T08058,C0806,2645.75,2026-08-08 13:15:00,Pune,H&M,Apparel,0
T01338,C0134,3773.15,2026-08-08 13:15:00,Pune,,Restaurant,0
T02348,C0235,1675.66,2026-08-08 13:18:00,Pune,Myntra,E-commerce,0
T06608,C0661,4200.8,2026-08-08 13:19:00,Kolkata,H&M,Apparel,0
T03188,C0319,2325.73,2026-08-08 13:21:00,Kolkata,Amazon,E-commerce,0
T00168,C0017,2107.08,2026-08-08 13:22:00,Hyderabad,H&M,Apparel,0
T06768,C0677,4589.53,2026-08-08 13:24:00,Goa,Reliance,Retail,0
T02558,C0256,1780.56,2026-08-08 13:24:00,Pune,Reliance,Retail,0
T03308,C0331,474.71,2026-08-08 13:25:00,Goa,Spar,Grocery,0
T00208,C0021,1127.18,2026-08-08 13:25:00,Hyderabad,,Restaurant,0
T09598,C0960,2145.84,2026-08-08 13:26:00,Goa,Reliance,Retail,0
T07908,C0791,2463.99,2026-08-08 13:26:00,Goa,Spar,Grocery,0
T00138,C0014,2894.51,2026-08-08 13:28:00,Mumbai,H&M,Apparel,0
T09038,C0904,1157.92,2026-08-08 13:32:00,Pune,H&M,Apparel,0
T02158,C0216,4582.81,2026-08-08 13:32:00,Bengaluru,Max,Apparel,0
T04948,C0495,2203.97,2026-08-08 13:32:00,Pune,Zara,Apparel,0
T07878,C0788,948.22,2026-08-08 13:33:00,Kolkata,Amazon,E-commerce,0
T06118,C0612,1088.39,2026-08-08 13:33:00,Bengaluru,,E-commerce,0
T01538,C0154,3067.49,2026-08-08 13:34:00,Mumbai,Myntra,E-commerce,0
T01928,C0193,1687.2,2026-08-08 13:34:00,Mumbai,Spar,Grocery,0
T05288,C0529,3507.12,2026-08-08 13:35:00,Bengaluru,Spar,Grocery,0
T03448,C0345,1782.62,2026-08-08 13:36:00,Bengaluru,Reliance,Retail,0
T07428,C0743,1046.41,2026-08-08 13:37:00,Bengaluru,Reliance,Retail,0
T03418,C0342,653.83,2026-08-08 13:38:00,Hyderabad,Myntra,E-commerce,0
T01238,C0124,4237.32,2026-08-08 13:40:00,,Max,Apparel,0
T05228,C0523,1374.5,2026-08-08 13:40:00,Kolkata,Big Chill,Restaurant,0
T08828,C0883,2343.74,2026-08-08 13:41:00,Hyderabad,Big Chill,Restaurant,0
T04578,C0458,3047.22,2026-08-08 13:42:00,Chennai,H&M,Apparel,0
T00668,C0067,2624.98,2026-08-08 13:43:00,Bengaluru,Reliance,Retail,0
T03088,C0309,3410.9,2026-08-08 13:43:00,Kolkata,Flipkart,E-commerce,0
T08658,C0866,2668.0,2026-08-08 13:44:00,Mumbai,Reliance,Retail,0
T07358,C0736,4508.67,2026-08-08 13:44:00,Pune,Zara,Apparel,0
T05328,C0533,4820.1,2026-08-08 13:45:00,Goa,Zara,Apparel,0
T03868,C0387,2924.6,2026-08-08 13:45:00,Bengaluru,Big Chill,Restaurant,0
T08428,C0843,4047.97,2026-08-08 13:45:00,Goa,Max,Apparel,0
T04178,C0418,4295.73,2026-08-08 13:46:00,Delhi,H&M,Apparel,0
T03358,C0336,2909.63,2026-08-08 13:48:00,Delhi,Spar,Grocery,0
T05978,C0598,4353.11,2026-08-08 13:51:00,Pune,Big Chill,Restaurant,0
T03688,C0369,1028.38,2026-08-08 13:51:00,Bengaluru,Zara,Apparel,0
T06028,C0603,1896.62,2026-08-08 13:52:00,Pune,Burger King,Restaurant,0
T06998,C0700,2278.67,2026-08-08 13:52:00,Mumbai,Burger King,Restaurant,0
T03708,C0371,978.65,2026-08-08 13:52:00,Goa,Spar,Grocery,0
T07038,C0704,1613.35,2026-08-08 13:53:00,Chennai,Spar,Grocery,0
T08308,C0831,3294.29,2026-08-08 13:53:00,Hyderabad,Myntra,E-commerce,0
T05558,C0556,3071.02,2026-08-08 13:54:00,Mumbai,H&M,Apparel,0
T04808,C0481,852.81,2026-08-08 13:57:00,Goa,Myntra,E-commerce,0
T01938,C0194,4035.33,2026-08-08 13:57:00,Mumbai,H&M,Apparel,0
T00108,C0011,512.41,2026-08-08 13:57:00,Mumbai,Zara,Apparel,0
T05648,C0565,329.85,2026-08-08 13:58:00,Bengaluru,Flipkart,E-commerce,0
T01028,C0103,6228.06,2026-08-08 13:58:00,,Burger King,Restaurant,0
T01438,C0144,4820.91,2026-08-08 13:59:00,Mumbai,Zara,Apparel,0
T00798,C0080,1873.51,2026-08-08 14:01:00,,Reliance,Retail,0
T02408,C0241,3093.49,2026-08-08 14:02:00,Mumbai,Amazon,E-commerce,0
T06138,C0614,3433.65,2026-08-08 14:02:00,Bengaluru,Amazon,E-commerce,0
T01808,C0181,1415.78,2026-08-08 14:02:00,Goa,Spar,Grocery,0
T09718,C0972,2812.63,2026-08-08 14:02:00,Hyderabad,Zara,Apparel,0
T06818,C0682,1028.06,2026-08-08 14:03:00,Bengaluru,Big Chill,Restaurant,0
T03098,C0310,3084.67,2026-08-08 14:04:00,Chennai,Max,Apparel,0
T02668,C0267,2433.64,2026-08-08 14:04:00,Chennai,Reliance,Retail,0
T03318,C0332,5684.41,2026-08-08 14:04:00,Kolkata,Myntra,E-commerce,0
T07378,C0738,3964.44,2026-08-08 14:10:00,Goa,Amazon,E-commerce,0
T05208,C0521,2487.11,2026-08-08 14:10:00,Chennai,Reliance,Retail,0
T03228,C0323,1145.92,2026-08-08 14:10:00,Mumbai,Myntra,E-commerce,0
T01288,C0129,539.19,2026-08-08 14:12:00,Hyderabad,Reliance,Retail,0
T07708,C0771,3189.09,2026-08-08 14:12:00,Chennai,Burger King,Restaurant,0
T00348,C0035,5939.75,2026-08-08 14:13:00,,Burger King,Restaurant,0
T00818,C0082,1392.97,2026-08-08 14:13:00,Delhi,Reliance,Retail,0
T09438,C0944,3409.16,2026-08-08 14:14:00,Delhi,Flipkart,E-commerce,0
T07508,C0751,6449.86,2026-08-08 14:16:00,Bengaluru,Flipkart,E-commerce,0
T02508,C0251,979.27,2026-08-08 14:16:00,Kolkata,Big Chill,Restaurant,0
T09448,C0945,3709.96,2026-08-08 14:19:00,Bengaluru,Spar,Grocery,0
T08678,C0868,2419.91,2026-08-08 14:19:00,,Myntra,E-commerce,0
T06848,C0685,2791.61,2026-08-08 14:20:00,,Max,Apparel,0
T02778,C0278,3750.67,2026-08-08 14:21:00,Chennai,,Apparel,0
T04238,C0424,5389.92,2026-08-08 14:21:00,Delhi,Burger King,Restaurant,0
T00768,C0077,1357.62,2026-08-08 14:21:00,Bengaluru,Big Chill,Restaurant,0
T06678,C0668,2399.59,2026-08-08 14:22:00,Hyderabad,Reliance,Retail,0
T08448,C0845,1402.88,2026-08-08 14:22:00,Bengaluru,Amazon,E-commerce,0
T04498,C0450,2655.32,2026-08-08 14:23:00,Delhi,,E-commerce,0
T00648,C0065,2488.94,2026-08-08 14:25:00,Goa,Flipkart,E-commerce,0
T05628,C0563,1959.07,2026-08-08 14:25:00,,Big Chill,Restaurant,0
T03218,C0322,405.25,2026-08-08 14:25:00,Mumbai,Myntra,E-commerce,0
T06008,C0601,2104.16,2026-08-08 14:27:00,Pune,Flipkart,E-commerce,0
T09428,C0943,1241.11,2026-08-08 14:29:00,,Big Chill,Restaurant,0
T01058,C0106,1122.52,2026-08-08 14:30:00,Bengaluru,Flipkart,E-commerce,0
T04038,C0404,2565.74,2026-08-08 14:30:00,Chennai,Flipkart,E-commerce,0
T09568,C0957,5430.54,2026-08-08 14:33:00,Goa,H&M,Apparel,0
T06628,C0663,2564.99,2026-08-08 14:35:00,Mumbai,H&M,Apparel,0
T07858,C0786,5686.95,2026-08-08 14:36:00,Goa,Myntra,E-commerce,0
T08348,C0835,3370.54,2026-08-08 14:40:00,Goa,H&M,Apparel,0
T05998,C0600,1181.29,2026-08-08 14:40:00,Chennai,Max,Apparel,0
T09538,C0954,3114.22,2026-08-08 14:41:00,Delhi,H&M,Apparel,0
T07568,C0757,4021.76,2026-08-08 14:41:00,Kolkata,Big Chill,Restaurant,0
T06668,C0667,349.57,2026-08-08 14:43:00,Pune,Amazon,E-commerce,0
T05638,C0564,1497.47,2026-08-08 14:43:00,Kolkata,Amazon,E-commerce,0
T01958,C0196,2031.06,2026-08-08 14:44:00,Mumbai,H&M,Apparel,0
T05088,C0509,606.08,2026-08-08 14:44:00,Hyderabad,Burger King,Restaurant,0
T03158,C0316,895.53,2026-08-08 14:45:00,Hyderabad,H&M,Apparel,0
T04918,C0492,834.04,2026-08-08 14:47:00,Delhi,Zara,Apparel,0
T07968,C0797,2325.24,2026-08-08 14:47:00,Goa,H&M,Apparel,0
T00788,C0079,1250.34,2026-08-08 14:48:00,Hyderabad,Flipkart,E-commerce,0
T08478,C0848,4841.99,2026-08-08 14:48:00,Kolkata,Spar,Grocery,0
T03498,C0350,5488.23,2026-08-08 14:48:00,Kolkata,Reliance,Retail,0
T04778,C0478,2401.18,2026-08-08 14:49:00,Hyderabad,Burger King,Restaurant,0
T06128,C0613,4062.26,2026-08-08 14:50:00,Goa,Myntra,E-commerce,0
T08508,C0851,1649.65,2026-08-08 14:51:00,Hyderabad,Myntra,E-commerce,0
T02278,C0228,2950.89,2026-08-08 14:52:00,Chennai,Spar,Grocery,0
T09918,C0992,2592.58,2026-08-08 14:52:00,Goa,Reliance,Retail,0
T04098,C0410,5067.66,2026-08-08 14:52:00,,Amazon,E-commerce,0
T04838,C0484,2839.87,2026-08-08 14:52:00,Kolkata,Burger King,Restaurant,0
T04878,C0488,1045.07,2026-08-08 14:53:00,Chennai,Reliance,Retail,0
T04448,C0445,4906.12,2026-08-08 14:54:00,Kolkata,Reliance,Retail,0
T07158,C0716,5517.24,2026-08-08 14:56:00,Kolkata,Flipkart,E-commerce,0
T03878,C0388,4179.03,2026-08-08 14:57:00,Bengaluru,Spar,Grocery,0
T01648,C0165,2465.88,2026-08-08 15:00:00,Bengaluru,Burger King,Restaurant,0
T04008,C0401,3162.1,2026-08-08 15:01:00,Delhi,Burger King,Restaurant,0
T06558,C0656,458.94,2026-08-08 15:02:00,Mumbai,Flipkart,E-commerce,0
T00088,C0009,5480.03,2026-08-08 15:02:00,Mumbai,H&M,Apparel,0
T05058,C0506,3112.12,2026-08-08 15:02:00,Hyderabad,Max,Apparel,0
T06278,C0628,2145.38,2026-08-08 15:03:00,Mumbai,Flipkart,E-commerce,0
T07338,C0734,1950.93,2026-08-08 15:03:00,Hyderabad,Reliance,Retail,0
T04518,C0452,1124.97,2026-08-08 15:08:00,Chennai,,Apparel,0
T01128,C0113,1940.28,2026-08-08 15:08:00,Delhi,Amazon,E-commerce,0
T07418,C0742,366.34,2026-08-08 15:10:00,Mumbai,Flipkart,E-commerce,0
T00018,C0002,2179.33,2026-08-08 15:11:00,Goa,Reliance,Retail,0
T09228,C0923,2519.53,2026-08-08 15:11:00,Mumbai,Zara,Apparel,0
T03268,C0327,441.39,2026-08-08 15:12:00,Hyderabad,Flipkart,E-commerce,0
T06258,C0626,5296.38,2026-08-08 15:12:00,Goa,Big Chill,Restaurant,0
T09748,C0975,1030.36,2026-08-08 15:13:00,Pune,Max,Apparel,0
T07208,C0721,636.62,2026-08-08 15:14:00,Chennai,Amazon,E-commerce,0
T05338,C0534,5227.97,2026-08-08 15:15:00,Chennai,Myntra,E-commerce,0
T05398,C0540,2276.08,2026-08-08 15:15:00,Pune,Spar,Grocery,0
T02708,C0271,1784.15,2026-08-08 15:15:00,Bengaluru,Flipkart,E-commerce,0
T08078,C0808,1710.77,2026-08-08 15:16:00,Kolkata,Amazon,E-commerce,0
T02638,C0264,2310.72,2026-08-08 15:16:00,Hyderabad,Myntra,E-commerce,0
T07778,C0778,3743.43,2026-08-08 15:20:00,Kolkata,Amazon,E-commerce,0
T05498,C0550,4443.65,2026-08-08 15:21:00,Kolkata,,Restaurant,0
T09858,C0986,2494.86,2026-08-08 15:23:00,Chennai,Reliance,Retail,0
T07818,C0782,2145.28,2026-08-08 15:23:00,Pune,H&M,Apparel,0
T02588,C0259,3787.03,2026-08-08 15:24:00,Delhi,Amazon,E-commerce,0
T01388,C0139,2070.03,2026-08-08 15:24:00,,Burger King,Restaurant,0
T09888,C0989,2512.84,2026-08-08 15:25:00,Kolkata,Flipkart,E-commerce,0
T09628,C0963,1503.13,2026-08-08 15:26:00,Kolkata,Big Chill,Restaurant,0
T00638,C0064,4727.34,2026-08-08 15:26:00,Delhi,Zara,Apparel,0
T06238,C0624,2660.93,2026-08-08 15:27:00,Pune,Myntra,E-commerce,0
T07058,C0706,3752.08,2026-08-08 15:28:00,Pune,,E-commerce,0
T05908,C0591,3360.75,2026-08-08 15:29:00,Mumbai,H&M,Apparel,0
T02798,C0280,4042.38,2026-08-08 15:29:00,Mumbai,Myntra,E-commerce,0
T08868,C0887,4907.57,2026-08-08 15:30:00,Goa,Reliance,Retail,0
T05858,C0586,427.47,2026-08-08 15:31:00,Kolkata,Myntra,E-commerce,0
T00238,C0024,5470.05,2026-08-08 15:32:00,Bengaluru,,E-commerce,0
T07658,C0766,3429.58,2026-08-08 15:33:00,Hyderabad,H&M,Apparel,0
T07728,C0773,1341.69,2026-08-08 15:34:00,Pune,Amazon,E-commerce,0
T04978,C0498,3141.59,2026-08-08 15:34:00,Chennai,Burger King,Restaurant,0
T08008,C0801,3009.09,2026-08-08 15:35:00,Mumbai,H&M,Apparel,0
T09078,C0908,1398.59,2026-08-08 15:35:00,Delhi,Big Chill,Restaurant,0
T00248,C0025,4008.82,2026-08-08 15:36:00,Bengaluru,Zara,Apparel,0
T04658,C0466,1825.62,2026-08-08 15:37:00,Hyderabad,Max,Apparel,0
T01558,C0156,2164.68,2026-08-08 15:37:00,Bengaluru,Myntra,E-commerce,0
T04458,C0446,2621.99,2026-08-08 15:37:00,Chennai,H&M,Apparel,0
T01378,C0138,3278.49,2026-08-08 15:38:00,Pune,H&M,Apparel,0
T02388,C0239,820.05,2026-08-08 15:38:00,Delhi,Max,Apparel,0
T08538,C0854,3168.01,2026-08-08 15:39:00,Pune,Big Chill,Restaurant,0
T05718,C0572,1466.71,2026-08-08 15:40:00,Chennai,Myntra,E-commerce,0
T00898,C0090,2349.7,2026-08-08 15:40:00,Bengaluru,Zara,Apparel,0
T02328,C0233,1642.18,2026-08-08 15:43:00,Hyderabad,H&M,Apparel,0
T08048,C0805,1632.91,2026-08-08 15:43:00,Pune,Amazon,E-commerce,0
T07498,C0750,4165.82,2026-08-08 15:44:00,Pune,Myntra,E-commerce,0
T00298,C0030,6170.09,2026-08-08 15:47:00,Hyderabad,H&M,Apparel,0
T05958,C0596,2568.89,2026-08-08 15:47:00,Chennai,Max,Apparel,0
T04058,C0406,4810.11,2026-08-08 15:47:00,Hyderabad,Amazon,E-commerce,0
T07448,C0745,3351.14,2026-08-08 15:48:00,Bengaluru,H&M,Apparel,0
T02198,C0220,2916.97,2026-08-08 15:48:00,Mumbai,Zara,Apparel,0
T00468,C0047,3138.79,2026-08-08 15:48:00,Bengaluru,Flipkart,E-commerce,0
T04188,C0419,506.2,2026-08-08 15:51:00,Delhi,Burger King,Restaurant,0
T02188,C0219,666.01,2026-08-08 15:51:00,Hyderabad,Amazon,E-commerce,0
T06948,C0695,4019.58,2026-08-08 15:51:00,,Big Chill,Restaurant,0
T07828,C0783,2563.16,2026-08-08 15:53:00,Chennai,Flipkart,E-commerce,0
T00148,C0015,1321.58,2026-08-08 15:54:00,Goa,Flipkart,E-commerce,0
T08888,C0889,5549.67,2026-08-08 15:54:00,Pune,Zara,Apparel,0
T07538,C0754,2112.3,2026-08-08 15:54:00,Hyderabad,Spar,Grocery,0
T03918,C0392,6471.85,2026-08-08 15:55:00,Goa,Myntra,E-commerce,0
T08758,C0876,1952.14,2026-08-08 15:56:00,Goa,Flipkart,E-commerce,0
T08628,C0863,1924.18,2026-08-08 15:57:00,Mumbai,Zara,Apparel,0
T00408,C0041,3444.01,2026-08-08 15:58:00,Goa,,E-commerce,0
T08488,C0849,3854.95,2026-08-08 15:59:00,Hyderabad,Reliance,Retail,0
T03828,C0383,5107.45,2026-08-08 16:00:00,Pune,Burger King,Restaurant,0
T01698,C0170,4742.16,2026-08-08 16:00:00,Kolkata,,Restaurant,0
T04738,C0474,1180.4,2026-08-08 16:03:00,Kolkata,Zara,Apparel,0
T02148,C0215,4008.84,2026-08-08 16:03:00,Goa,Myntra,E-commerce,0
T09058,C0906,2023.03,2026-08-08 16:03:00,,Reliance,Retail,0
T01758,C0176,4812.52,2026-08-08 16:04:00,Kolkata,H&M,Apparel,0
T00588,C0059,2576.57,2026-08-08 16:05:00,Bengaluru,Burger King,Restaurant,0
T00658,C0066,2168.35,2026-08-08 16:07:00,Bengaluru,H&M,Apparel,0
T05588,C0559,1635.13,2026-08-08 16:07:00,Chennai,Max,Apparel,0
T00388,C0039,2924.97,2026-08-08 16:07:00,Mumbai,Flipkart,E-commerce,0
T04088,C0409,5084.33,2026-08-08 16:08:00,Pune,H&M,Apparel,0
T00038,C0004,1997.94,2026-08-08 16:09:00,Delhi,Big Chill,Restaurant,0
T08898,C0890,2674.97,2026-08-08 16:10:00,Kolkata,Max,Apparel,0
T05238,C0524,5272.7,2026-08-08 16:10:00,Hyderabad,Myntra,E-commerce,0
T03818,C0382,1169.99,2026-08-08 16:10:00,Chennai,Spar,Grocery,0
T03008,C0301,3162.15,2026-08-08 16:11:00,Delhi,H&M,Apparel,0
T03518,C0352,2774.14,2026-08-08 16:12:00,Pune,Flipkart,E-commerce,0
T08128,C0813,4408.37,2026-08-08 16:13:00,Kolkata,Big Chill,Restaurant,0
T00618,C0062,4408.81,2026-08-08 16:14:00,Goa,Spar,Grocery,0
T07928,C0793,1702.82,2026-08-08 16:15:00,Chennai,Zara,Apparel,0
T09288,C0929,678.1,2026-08-08 16:17:00,Kolkata,Burger King,Restaurant,0
T03608,C0361,2309.92,2026-08-08 16:21:00,Goa,Reliance,Retail,0
T07068,C0707,1100.08,2026-08-08 16:21:00,Mumbai,Flipkart,E-commerce,0
T00058,C0006,2132.62,2026-08-08 16:21:00,Chennai,Spar,Grocery,0
T06588,C0659,453.95,2026-08-08 16:22:00,Kolkata,Max,Apparel,0
T03378,C0338,3610.25,2026-08-08 16:27:00,Hyderabad,Reliance,Retail,0
T07618,C0762,2578.55,2026-08-08 16:27:00,Delhi,Max,Apparel,0
T07868,C0787,3610.73,2026-08-08 16:31:00,Bengaluru,Zara,Apparel,0
T06048,C0605,1174.9,2026-08-08 16:31:00,Mumbai,Reliance,Retail,0
T03798,C0380,1943.52,2026-08-08 16:33:00,Hyderabad,Burger King,Restaurant,0
T01878,C0188,1648.56,2026-08-08 16:33:00,Chennai,Spar,Grocery,0
T02768,C0277,1205.63,2026-08-08 16:35:00,Hyderabad,Spar,Grocery,0
T05358,C0536,5233.99,2026-08-08 16:36:00,Delhi,Max,Apparel,0
T05928,C0593,495.87,2026-08-08 16:37:00,Delhi,Big Chill,Restaurant,0
T08988,C0899,4305.2,2026-08-08 16:41:00,Bengaluru,Flipkart,E-commerce,0
T03538,C0354,1942.57,2026-08-08 16:42:00,Kolkata,Zara,Apparel,0
T03338,C0334,479.89,2026-08-08 16:43:00,Pune,Spar,Grocery,0
T09218,C0922,2960.26,2026-08-08 16:45:00,,Burger King,Restaurant,0
T05198,C0520,1058.31,2026-08-08 16:47:00,Bengaluru,Myntra,E-commerce,0
T08918,C0892,2320.54,2026-08-08 16:47:00,Kolkata,Flipkart,E-commerce,0
T03068,C0307,3370.06,2026-08-08 16:48:00,Bengaluru,Flipkart,E-commerce,0
T08738,C0874,3491.26,2026-08-08 16:50:00,Chennai,Myntra,E-commerce,0
T03388,C0339,6255.64,2026-08-08 16:53:00,Hyderabad,Spar,Grocery,0
T06568,C0657,1138.82,2026-08-08 16:53:00,Goa,Amazon,E-commerce,0
T08998,C0900,1241.71,2026-08-08 16:54:00,Goa,Reliance,Retail,0
T08168,C0817,6169.92,2026-08-08 16:58:00,Goa,Big Chill,Restaurant,0
T04248,C0425,3049.7,2026-08-08 16:58:00,Bengaluru,Zara,Apparel,0
T01018,C0102,5937.5,2026-08-08 16:59:00,,Myntra,E-commerce,0
T02608,C0261,1760.72,2026-08-08 16:59:00,Delhi,Big Chill,Restaurant,0
T09978,C0998,3459.55,2026-08-08 16:59:00,Bengaluru,Max,Apparel,0
T08708,C0871,3112.96,2026-08-08 16:59:00,Bengaluru,Spar,Grocery,0
T04358,C0436,2917.72,2026-08-08 17:01:00,Mumbai,Max,Apparel,0
T03668,C0367,2605.59,2026-08-08 17:02:00,Goa,H&M,Apparel,0
T02218,C0222,5243.18,2026-08-08 17:02:00,Hyderabad,Reliance,Retail,0
T07118,C0712,3754.32,2026-08-08 17:02:00,Pune,Amazon,E-commerce,0
T04588,C0459,867.39,2026-08-08 17:03:00,Mumbai,Burger King,Restaurant,0
T07938,C0794,4905.18,2026-08-08 17:04:00,Kolkata,Max,Apparel,0
T09308,C0931,5098.14,2026-08-08 17:05:00,Goa,H&M,Apparel,0
T04938,C0494,2969.79,2026-08-08 17:05:00,Mumbai,H&M,Apparel,0
T06798,C0680,4382.61,2026-08-08 17:05:00,Kolkata,Flipkart,E-commerce,0
T00848,C0085,2203.5,2026-08-08 17:06:00,Pune,Big Chill,Restaurant,0
T01488,C0149,3678.73,2026-08-08 17:06:00,Goa,Amazon,E-commerce,0
T03148,C0315,5577.81,2026-08-08 17:07:00,Hyderabad,Big Chill,Restaurant,0
T03718,C0372,4717.97,2026-08-08 17:08:00,Delhi,Amazon,E-commerce,0
T04508,C0451,4937.32,2026-08-08 17:09:00,Hyderabad,Big Chill,Restaurant,0
T09638,C0964,3601.83,2026-08-08 17:09:00,Pune,Flipkart,E-commerce,0
T06878,C0688,2894.48,2026-08-08 17:11:00,Chennai,Big Chill,Restaurant,0
T01658,C0166,3249.36,2026-08-08 17:11:00,Delhi,Zara,Apparel,0
T01968,C0197,2697.47,2026-08-08 17:11:00,Mumbai,Max,Apparel,0
T09958,C0996,1539.77,2026-08-08 17:13:00,,Amazon,E-commerce,0
T08388,C0839,4191.91,2026-08-08 17:14:00,Chennai,Flipkart,E-commerce,0
T06618,C0662,2278.06,2026-08-08 17:14:00,Bengaluru,Burger King,Restaurant,0
T03648,C0365,1108.62,2026-08-08 17:14:00,Hyderabad,Myntra,E-commerce,0
T06338,C0634,687.37,2026-08-08 17:14:00,Pune,Amazon,E-commerce,0
T05518,C0552,1958.49,2026-08-08 17:14:00,Goa,Burger King,Restaurant,0
T00068,C0007,795.43,2026-08-08 17:15:00,Mumbai,Myntra,E-commerce,0
T00918,C0092,2095.31,2026-08-08 17:15:00,Kolkata,H&M,Apparel,0
T07748,C0775,2905.24,2026-08-08 17:18:00,Bengaluru,Amazon,E-commerce,0
T01088,C0109,2153.66,2026-08-08 17:18:00,Kolkata,Big Chill,Restaurant,0
T04678,C0468,2494.19,2026-08-08 17:19:00,Pune,Max,Apparel,0
T05318,C0532,4181.33,2026-08-08 17:19:00,Bengaluru,Spar,Grocery,0
T00828,C0083,650.75,2026-08-08 17:19:00,Delhi,Myntra,E-commerce,0
T06078,C0608,490.89,2026-08-08 17:20:00,Mumbai,Amazon,E-commerce,0
T09158,C0916,1091.63,2026-08-08 17:22:00,Delhi,Max,Apparel,0
T08368,C0837,5237.07,2026-08-08 17:23:00,Pune,H&M,Apparel,0
T08688,C0869,1589.36,2026-08-08 17:24:00,Delhi,H&M,Apparel,0
T08528,C0853,1517.04,2026-08-08 17:24:00,Delhi,Big Chill,Restaurant,0
T04138,C0414,5080.6,2026-08-08 17:25:00,Bengaluru,Spar,Grocery,0
T05468,C0547,4223.92,2026-08-08 17:25:00,Goa,,E-commerce,0
T02968,C0297,1039.14,2026-08-08 17:25:00,Hyderabad,Spar,Grocery,0
T04698,C0470,1415.3,2026-08-08 17:26:00,Goa,Spar,Grocery,0
T08268,C0827,1316.25,2026-08-08 17:26:00,Goa,Flipkart,E-commerce,0
T08578,C0858,7134.65,2026-08-08 17:27:00,Mumbai,Myntra,E-commerce,0
T00538,C0054,415.61,2026-08-08 17:27:00,Goa,Reliance,Retail,0
T04618,C0462,2072.86,2026-08-08 17:27:00,Bengaluru,Myntra,E-commerce,0
T01768,C0177,4998.61,2026-08-08 17:27:00,Goa,Reliance,Retail,0
T00218,C0022,2396.49,2026-08-08 17:29:00,Mumbai,Max,Apparel,0
T02838,C0284,3118.1,2026-08-08 17:31:00,Hyderabad,Spar,Grocery,0
T08068,C0807,1974.95,2026-08-08 17:31:00,Mumbai,Reliance,Retail,0
T00078,C0008,5176.84,2026-08-08 17:32:00,Bengaluru,Flipkart,E-commerce,0
T08188,C0819,1392.22,2026-08-08 17:32:00,Pune,Reliance,Retail,0
T01718,C0172,2312.61,2026-08-08 17:32:00,Chennai,Myntra,E-commerce,0
T05038,C0504,5369.0,2026-08-08 17:34:00,,Reliance,Retail,0
T02718,C0272,1005.6,2026-08-08 17:34:00,Goa,H&M,Apparel,0
T07018,C0702,1338.45,2026-08-08 17:34:00,Mumbai,Max,Apparel,0
T09188,C0919,5849.56,2026-08-08 17:35:00,Delhi,,Restaurant,0
T08798,C0880,3187.78,2026-08-08 17:36:00,Bengaluru,Burger King,Restaurant,0
T00978,C0098,1425.09,2026-08-08 17:36:00,Chennai,Max,Apparel,0
T02058,C0206,6158.59,2026-08-08 17:36:00,Kolkata,Big Chill,Restaurant,0
T03548,C0355,1483.31,2026-08-08 17:38:00,Pune,Max,Apparel,0
T07398,C0740,4989.82,2026-08-08 17:39:00,Chennai,H&M,Apparel,0
T05658,C0566,3072.3,2026-08-08 17:40:00,Goa,Flipkart,E-commerce,0
T07808,C0781,1274.57,2026-08-08 17:41:00,Bengaluru,Flipkart,E-commerce,0
T00998,C0100,881.66,2026-08-08 17:42:00,Kolkata,Reliance,Retail,0
T00928,C0093,3536.08,2026-08-08 17:43:00,Kolkata,Reliance,Retail,0
T01358,C0136,2737.5,2026-08-08 17:44:00,Pune,Spar,Grocery,0
T03888,C0389,986.18,2026-08-08 17:45:00,Chennai,H&M,Apparel,0
T04438,C0444,3682.24,2026-08-08 17:47:00,Pune,Flipkart,E-commerce,0
T00508,C0051,1404.32,2026-08-08 17:47:00,Chennai,Zara,Apparel,0
T00948,C0095,6082.24,2026-08-08 17:47:00,Mumbai,Zara,Apparel,0
T04858,C0486,1029.68,2026-08-08 17:48:00,Kolkata,Big Chill,Restaurant,0
T00908,C0091,1483.28,2026-08-08 17:49:00,Pune,Myntra,E-commerce,0
T01548,C0155,1505.16,2026-08-08 17:50:00,Chennai,Big Chill,Restaurant,0
T09088,C0909,4536.45,2026-08-08 17:50:00,Goa,,E-commerce,0
T00308,C0031,2733.74,2026-08-08 17:51:00,Pune,Reliance,Retail,0
T08698,C0870,2163.43,2026-08-08 17:51:00,Chennai,Flipkart,E-commerce,0
T02078,C0208,338.26,2026-08-08 17:51:00,Bengaluru,Big Chill,Restaurant,0
T06838,C0684,6980.82,2026-08-08 17:51:00,Mumbai,Spar,Grocery,0
T03738,C0374,2354.02,2026-08-08 17:52:00,Kolkata,Myntra,E-commerce,0
T03898,C0390,421.98,2026-08-08 17:54:00,Bengaluru,Max,Apparel,0
T07218,C0722,6182.45,2026-08-08 17:55:00,Kolkata,Amazon,E-commerce,0
T07318,C0732,1389.59,2026-08-08 17:55:00,Delhi,Myntra,E-commerce,0
T09358,C0936,1108.58,2026-08-08 17:59:00,Mumbai,Amazon,E-commerce,0
T06778,C0678,4213.99,2026-08-08 17:59:00,Hyderabad,Reliance,Retail,0
T00988,C0099,3694.87,2026-08-08 18:00:00,Mumbai,Max,Apparel,0
T02128,C0213,485.39,2026-08-08 18:00:00,Kolkata,Reliance,Retail,0
T06408,C0641,3375.04,2026-08-08 18:00:00,Goa,Myntra,E-commerce,0
T04158,C0416,6044.42,2026-08-08 18:02:00,Bengaluru,Flipkart,E-commerce,0
T03568,C0357,3061.54,2026-08-08 18:03:00,Mumbai,Zara,Apparel,0
T03238,C0324,4644.42,2026-08-08 18:03:00,Delhi,H&M,Apparel,0
T05608,C0561,2115.66,2026-08-08 18:03:00,Kolkata,Burger King,Restaurant,0
T05308,C0531,7154.57,2026-08-08 18:03:00,Delhi,Burger King,Restaurant,0
T04418,C0442,812.74,2026-08-08 18:05:00,Mumbai,Burger King,Restaurant,0
T05708,C0571,2023.45,2026-08-08 18:05:00,Mumbai,H&M,Apparel,0
T01468,C0147,1152.02,2026-08-08 18:05:00,Hyderabad,H&M,Apparel,0
T03998,C0400,4324.77,2026-08-08 18:07:00,Delhi,Myntra,E-commerce,0
T00778,C0078,2273.44,2026-08-08 18:08:00,Delhi,H&M,Apparel,0
T04608,C0461,4801.29,2026-08-08 18:08:00,Pune,Max,Apparel,0
T09548,C0955,3177.7,2026-08-08 18:09:00,Mumbai,Reliance,Retail,0
T04148,C0415,3847.06,2026-08-08 18:10:00,Bengaluru,Flipkart,E-commerce,0
T09478,C0948,2882.87,2026-08-08 18:10:00,Goa,Flipkart,E-commerce,0
T02848,C0285,836.47,2026-08-08 18:11:00,Kolkata,Myntra,E-commerce,0
T03778,C0378,5803.7,2026-08-08 18:11:00,Hyderabad,Spar,Grocery,0
T04428,C0443,978.21,2026-08-08 18:15:00,Goa,Amazon,E-commerce,0
T09148,C0915,1393.15,2026-08-08 18:15:00,Mumbai,Reliance,Retail,0
T01218,C0122,1207.79,2026-08-08 18:16:00,Goa,H&M,Apparel,0
T05778,C0578,1569.64,2026-08-08 18:17:00,Kolkata,Big Chill,Restaurant,0
T00318,C0032,3460.84,2026-08-08 18:17:00,Mumbai,Myntra,E-commerce,0
T08288,C0829,2605.8,2026-08-08 18:19:00,Pune,Max,Apparel,0
T04048,C0405,4774.45,2026-08-08 18:20:00,,Zara,Apparel,0
T08968,C0897,1737.27,2026-08-08 18:20:00,Pune,Max,Apparel,0
T08728,C0873,2508.66,2026-08-08 18:21:00,Mumbai,Spar,Grocery,0
T05298,C0530,3219.93,2026-08-08 18:21:00,Pune,Flipkart,E-commerce,0
T09278,C0928,2610.01,2026-08-08 18:22:00,Bengaluru,Big Chill,Restaurant,0
T09588,C0959,1623.78,2026-08-08 18:24:00,Pune,Spar,Grocery,0
T07148,C0715,2614.92,2026-08-08 18:25:00,Chennai,Zara,Apparel,0
T07408,C0741,2642.41,2026-08-08 18:26:00,Kolkata,Big Chill,Restaurant,0
T05528,C0553,3927.87,2026-08-08 18:26:00,Bengaluru,Burger King,Restaurant,0
T07788,C0779,4075.49,2026-08-08 18:28:00,Chennai,Amazon,E-commerce,0
T07188,C0719,3061.39,2026-08-08 18:29:00,Hyderabad,Big Chill,Restaurant,0
T04968,C0497,2394.6,2026-08-08 18:34:00,Pune,Spar,Grocery,0
T00358,C0036,905.01,2026-08-08 18:35:00,Kolkata,Reliance,Retail,0
T08278,C0828,4087.56,2026-08-08 18:36:00,Hyderabad,H&M,Apparel,0
T06688,C0669,4680.0,2026-08-08 18:37:00,,,E-commerce,0
T06248,C0625,836.14,2026-08-08 18:40:00,Pune,Big Chill,Restaurant,0
T09048,C0905,1558.17,2026-08-08 18:40:00,Goa,Zara,Apparel,0
T08788,C0879,1326.39,2026-08-08 18:40:00,Hyderabad,Reliance,Retail,0
T08158,C0816,2783.49,2026-08-08 18:40:00,Hyderabad,Myntra,E-commerce,0
T06428,C0643,2720.39,2026-08-08 18:41:00,Bengaluru,Myntra,E-commerce,0
T01668,C0167,466.04,2026-08-08 18:42:00,Delhi,Myntra,E-commerce,0
T02928,C0293,1264.36,2026-08-08 18:42:00,Goa,,Restaurant,0
T05478,C0548,1035.77,2026-08-08 18:43:00,Kolkata,Myntra,E-commerce,0
T05938,C0594,3042.92,2026-08-08 18:44:00,Goa,Reliance,Retail,0
T05138,C0514,3223.6,2026-08-08 18:45:00,Bengaluru,Max,Apparel,0
T05428,C0543,1640.93,2026-08-08 18:47:00,,Flipkart,E-commerce,0
T09688,C0969,2056.33,2026-08-08 18:47:00,Hyderabad,Max,Apparel,0
T09868,C0987,948.07,2026-08-08 18:49:00,Mumbai,,Grocery,0
T06158,C0616,1958.17,2026-08-08 18:50:00,Delhi,Myntra,E-commerce,0
T05178,C0518,2848.47,2026-08-08 18:50:00,Bengaluru,Max,Apparel,0
T08908,C0891,5729.51,2026-08-08 18:51:00,Pune,Max,Apparel,0
T00418,C0042,5348.14,2026-08-08 18:51:00,Pune,Reliance,Retail,0
T01568,C0157,3298.86,2026-08-08 18:51:00,Pune,Reliance,Retail,0
T07098,C0710,1262.62,2026-08-08 18:51:00,Mumbai,Burger King,Restaurant,0
T06738,C0674,791.75,2026-08-08 18:53:00,Mumbai,H&M,Apparel,0
T01628,C0163,1091.97,2026-08-08 18:53:00,Goa,,E-commerce,0
T09418,C0942,4091.25,2026-08-08 18:54:00,Pune,Zara,Apparel,0
T01988,C0199,2409.42,2026-08-08 18:55:00,,Big Chill,Restaurant,0
T01518,C0152,1713.96,2026-08-08 18:56:00,Chennai,Amazon,E-commerce,0
T09458,C0946,5515.91,2026-08-08 18:56:00,Hyderabad,H&M,Apparel,0
T09408,C0941,1923.22,2026-08-08 18:57:00,Pune,Amazon,E-commerce,0
T05448,C0545,968.93,2026-08-08 18:58:00,Hyderabad,Amazon,E-commerce,0
T08038,C0804,4292.89,2026-08-08 18:58:00,Kolkata,Burger King,Restaurant,0
T06868,C0687,2392.51,2026-08-08 18:59:00,Mumbai,Myntra,E-commerce,0
T04308,C0431,3506.1,2026-08-08 18:59:00,Chennai,Reliance,Retail,0
T03198,C0320,4413.38,2026-08-08 18:59:00,Pune,H&M,Apparel,0
T09808,C0981,2032.12,2026-08-08 19:00:00,Bengaluru,Myntra,E-commerce,0
T06468,C0647,1838.01,2026-08-08 19:01:00,Kolkata,Reliance,Retail,0
T00938,C0094,1707.14,2026-08-08 19:01:00,Bengaluru,Spar,Grocery,0
T04908,C0491,678.46,2026-08-08 19:02:00,Kolkata,Big Chill,Restaurant,0
T09838,C0984,4218.45,2026-08-08 19:04:00,Kolkata,Myntra,E-commerce,0
T00048,C0005,1817.26,2026-08-08 19:04:00,Pune,Amazon,E-commerce,0
T04278,C0428,1977.44,2026-08-08 19:04:00,Bengaluru,Max,Apparel,0
T08408,C0841,5607.77,2026-08-08 19:05:00,Pune,Myntra,E-commerce,0
T01618,C0162,1085.79,2026-08-08 19:05:00,Chennai,Zara,Apparel,0
T08848,C0885,2761.01,2026-08-08 19:06:00,Kolkata,Flipkart,E-commerce,0
T05698,C0570,1560.82,2026-08-08 19:07:00,Delhi,,Restaurant,0
T03478,C0348,993.16,2026-08-08 19:10:00,Goa,Spar,Grocery,0
T04208,C0421,2222.02,2026-08-08 19:12:00,Kolkata,Spar,Grocery,0
T00438,C0044,4513.79,2026-08-08 19:12:00,Kolkata,Max,Apparel,0
T06928,C0693,3397.9,2026-08-08 19:13:00,Goa,Reliance,Retail,0
T00958,C0096,759.15,2026-08-08 19:13:00,Pune,H&M,Apparel,0
T05618,C0562,1366.67,2026-08-08 19:17:00,Goa,Myntra,E-commerce,0
T01948,C0195,1877.51,2026-08-08 19:17:00,Hyderabad,Flipkart,E-commerce,0
T09018,C0902,2240.54,2026-08-08 19:18:00,Hyderabad,Burger King,Restaurant,0
T09828,C0983,2628.28,2026-08-08 19:19:00,Bengaluru,,Restaurant,0
T06898,C0690,5109.32,2026-08-08 19:20:00,Mumbai,Max,Apparel,0
T01138,C0114,4499.66,2026-08-08 19:21:00,Kolkata,Flipkart,E-commerce,0
T03768,C0377,3875.37,2026-08-08 19:23:00,Chennai,Max,Apparel,0
T01858,C0186,3119.72,2026-08-08 19:25:00,Goa,Spar,Grocery,0
T04988,C0499,5458.85,2026-08-08 19:26:00,Delhi,Big Chill,Restaurant,0
T02238,C0224,1620.37,2026-08-08 19:27:00,Delhi,Myntra,E-commerce,0
T06938,C0694,1866.23,2026-08-08 19:28:00,Mumbai,Reliance,Retail,0
T08618,C0862,1085.25,2026-08-08 19:29:00,Mumbai,Flipkart,E-commerce,0
T04888,C0489,577.47,2026-08-08 19:29:00,Goa,Spar,Grocery,0
T08358,C0836,1954.71,2026-08-08 19:29:00,Delhi,Flipkart,E-commerce,0
T09708,C0971,895.03,2026-08-08 19:30:00,Hyderabad,Zara,Apparel,0
T00028,C0003,695.15,2026-08-08 19:30:00,Chennai,H&M,Apparel,0
T07628,C0763,4561.04,2026-08-08 19:31:00,Kolkata,Big Chill,Restaurant,0
T06178,C0618,3727.89,2026-08-08 19:32:00,Kolkata,Flipkart,E-commerce,0
T04118,C0412,1353.65,2026-08-08 19:35:00,Bengaluru,Big Chill,Restaurant,0
T04478,C0448,2345.71,2026-08-08 19:37:00,Pune,Big Chill,Restaurant,0
T07178,C0718,3335.31,2026-08-08 19:37:00,Mumbai,Big Chill,Restaurant,0
T00728,C0073,2029.99,2026-08-08 19:38:00,Hyderabad,Reliance,Retail,0
T02598,C0260,1020.63,2026-08-08 19:38:00,Goa,,E-commerce,0
T05258,C0526,2766.36,2026-08-08 19:39:00,Bengaluru,Burger King,Restaurant,0
T01308,C0131,1296.81,2026-08-08 19:39:00,Chennai,Flipkart,E-commerce,0
T04228,C0423,3366.8,2026-08-08 19:40:00,Delhi,Big Chill,Restaurant,0
T05898,C0590,2157.3,2026-08-08 19:42:00,Chennai,H&M,Apparel,0
T00808,C0081,2464.07,2026-08-08 19:47:00,Hyderabad,Flipkart,E-commerce,0
T02208,C0221,1234.28,2026-08-08 19:48:00,Hyderabad,H&M,Apparel,0
T02068,C0207,847.13,2026-08-08 19:48:00,Mumbai,Spar,Grocery,0
T06988,C0699,918.15,2026-08-08 19:53:00,Kolkata,Big Chill,Restaurant,0
T05798,C0580,4497.07,2026-08-08 19:54:00,Bengaluru,Myntra,E-commerce,0
T09798,C0980,1208.09,2026-08-08 19:54:00,Hyderabad,Myntra,E-commerce,0
T02868,C0287,483.07,2026-08-08 19:55:00,Kolkata,Zara,Apparel,0
T05388,C0539,1027.85,2026-08-08 19:55:00,Chennai,Zara,Apparel,0
T09738,C0974,2402.03,2026-08-08 19:55:00,Bengaluru,H&M,Apparel,0
T01748,C0175,2881.41,2026-08-08 19:55:00,Kolkata,Big Chill,Restaurant,0
T09488,C0949,2199.85,2026-08-08 19:56:00,Bengaluru,Zara,Apparel,0
T00838,C0084,3867.21,2026-08-08 19:57:00,Chennai,Big Chill,Restaurant,0
T07798,C0780,2322.24,2026-08-08 19:58:00,Goa,Flipkart,E-commerce,0
T05688,C0569,1213.91,2026-08-08 19:58:00,Chennai,Zara,Apparel,0
T07948,C0795,4964.1,2026-08-08 19:59:00,Goa,,Apparel,0
T08018,C0802,3103.4,2026-08-08 19:59:00,Hyderabad,Big Chill,Restaurant,0
T08498,C0850,3443.73,2026-08-08 20:00:00,Goa,Big Chill,Restaurant,0
T03058,C0306,486.63,2026-08-08 20:01:00,Kolkata,Burger King,Restaurant,0
T08248,C0825,1874.5,2026-08-08 20:02:00,Hyderabad,Big Chill,Restaurant,0
T01278,C0128,2201.08,2026-08-08 20:02:00,Hyderabad,Reliance,Retail,0
T07738,C0774,1219.81,2026-08-08 20:07:00,Goa,Amazon,E-commerce,0
T03408,C0341,3907.0,2026-08-08 20:08:00,Chennai,Zara,Apparel,0
T06648,C0665,3670.64,2026-08-08 20:08:00,Hyderabad,Spar,Grocery,0
T08668,C0867,3349.43,2026-08-08 20:09:00,Hyderabad,Zara,Apparel,0
T09388,C0939,1459.8,2026-08-08 20:11:00,Kolkata,H&M,Apparel,0
T06718,C0672,4120.75,2026-08-08 20:12:00,Hyderabad,Max,Apparel,0
T04758,C0476,4773.1,2026-08-08 20:12:00,Pune,Big Chill,Restaurant,0
T01688,C0169,6772.45,2026-08-08 20:12:00,Kolkata,Big Chill,Restaurant,0
T09328,C0933,5387.07,2026-08-08 20:14:00,Chennai,Amazon,E-commerce,0
T05068,C0507,990.65,2026-08-08 20:14:00,,Reliance,Retail,0
T02368,C0237,2962.02,2026-08-08 20:14:00,Bengaluru,H&M,Apparel,0
T04318,C0432,1815.48,2026-08-08 20:14:00,Chennai,Burger King,Restaurant,0
T01778,C0178,6239.43,2026-08-08 20:14:00,Delhi,Max,Apparel,0
T07898,C0790,6328.89,2026-08-08 20:15:00,Mumbai,Reliance,Retail,0
T01888,C0189,4645.52,2026-08-08 20:15:00,Kolkata,,Restaurant,0
T08328,C0833,762.75,2026-08-08 20:15:00,Mumbai,Amazon,E-commerce,0
T08938,C0894,3718.52,2026-08-08 20:15:00,Goa,Myntra,E-commerce,0
T03848,C0385,2508.92,2026-08-08 20:15:00,Chennai,Spar,Grocery,0
T05028,C0503,791.9,2026-08-08 20:17:00,Delhi,Amazon,E-commerce,0
T04868,C0487,5587.46,2026-08-08 20:17:00,Delhi,Myntra,E-commerce,0
T04348,C0435,2039.94,2026-08-08 20:17:00,Delhi,Amazon,E-commerce,0
T00198,C0020,5573.3,2026-08-08 20:18:00,Bengaluru,Myntra,E-commerce,0
T09248,C0925,3369.81,2026-08-08 20:18:00,,Spar,Grocery,0
T04598,C0460,5081.97,2026-08-08 20:20:00,Pune,H&M,Apparel,0
T01918,C0192,706.04,2026-08-08 20:22:00,Kolkata,Big Chill,Restaurant,0
T04688,C0469,3983.98,2026-08-08 20:22:00,Delhi,Myntra,E-commerce,0
T02468,C0247,1505.5,2026-08-08 20:23:00,Kolkata,Reliance,Retail,0
T02298,C0230,3984.36,2026-08-08 20:24:00,Hyderabad,Amazon,E-commerce,0
T01008,C0101,3359.0,2026-08-08 20:24:00,Goa,Myntra,E-commerce,0
T09268,C0927,2792.83,2026-08-08 20:26:00,Bengaluru,Spar,Grocery,0
T09118,C0912,3065.41,2026-08-08 20:27:00,Pune,Burger King,Restaurant,0
T00158,C0016,5667.67,2026-08-08 20:27:00,Hyderabad,Reliance,Retail,0
T08098,C0810,5389.93,2026-08-08 20:30:00,Delhi,Burger King,Restaurant,0
T08518,C0852,1168.08,2026-08-08 20:30:00,Hyderabad,Flipkart,E-commerce,0
T05418,C0542,1976.57,2026-08-08 20:31:00,Bengaluru,Zara,Apparel,0
T04768,C0477,1852.9,2026-08-08 20:32:00,Pune,Burger King,Restaurant,0
T01078,C0108,525.11,2026-08-08 20:32:00,,Flipkart,E-commerce,0
T02258,C0226,3444.62,2026-08-08 20:32:00,Hyderabad,Max,Apparel,0
T04398,C0440,5155.29,2026-08-08 20:34:00,Kolkata,H&M,Apparel,0
T09878,C0988,2563.94,2026-08-08 20:34:00,Bengaluru,Zara,Apparel,0
T05728,C0573,1984.32,2026-08-08 20:36:00,Delhi,Zara,Apparel,0
T01228,C0123,1865.88,2026-08-08 20:37:00,Kolkata,Max,Apparel,0
T03858,C0386,918.33,2026-08-08 20:38:00,Delhi,Myntra,E-commerce,0
T01588,C0159,1494.47,2026-08-08 20:39:00,Chennai,Burger King,Restaurant,0
T00528,C0053,4369.06,2026-08-08 20:41:00,Delhi,Burger King,Restaurant,0
T07958,C0796,5788.01,2026-08-08 20:42:00,Chennai,Burger King,Restaurant,0
T05018,C0502,601.72,2026-08-08 20:43:00,Bengaluru,Zara,Apparel,0
T05888,C0589,1032.76,2026-08-08 20:43:00,Bengaluru,Myntra,E-commerce,0
T06978,C0698,2023.45,2026-08-08 20:43:00,Bengaluru,Amazon,E-commerce,0
T09208,C0921,6511.01,2026-08-08 20:43:00,Pune,Spar,Grocery,0
T00398,C0040,1382.59,2026-08-08 20:46:00,Pune,Big Chill,Restaurant,0
T01798,C0180,4094.0,2026-08-08 20:46:00,Pune,Burger King,Restaurant,0
T03208,C0321,541.61,2026-08-08 20:48:00,Chennai,H&M,Apparel,0
T05108,C0511,1000.03,2026-08-08 20:48:00,Chennai,H&M,Apparel,0
T01408,C0141,3163.73,2026-08-08 20:51:00,Hyderabad,Spar,Grocery,0
T08978,C0898,5365.28,2026-08-08 20:51:00,Kolkata,Spar,Grocery,0
T03658,C0366,3121.26,2026-08-08 20:53:00,Goa,Flipkart,E-commerce,0
T07578,C0758,1291.39,2026-08-08 20:53:00,Bengaluru,Max,Apparel,0
T06148,C0615,1265.25,2026-08-08 20:54:00,Pune,Burger King,Restaurant,0
T08588,C0859,3318.6,2026-08-08 20:55:00,Delhi,Big Chill,Restaurant,0
T02678,C0268,1224.8,2026-08-08 20:55:00,Chennai,Myntra,E-commerce,0
T06298,C0630,5532.29,2026-08-08 20:57:00,Mumbai,Spar,Grocery,0
T09728,C0973,3709.24,2026-08-08 21:02:00,Goa,Reliance,Retail,0
T04718,C0472,385.77,2026-08-08 21:03:00,Pune,Flipkart,E-commerce,0
T05578,C0558,2936.47,2026-08-08 21:03:00,Chennai,Myntra,E-commerce,0
T02048,C0205,7021.94,2026-08-08 21:03:00,Hyderabad,Big Chill,Restaurant,0
T04258,C0426,2350.08,2026-08-08 21:05:00,Hyderabad,Myntra,E-commerce,0
T02378,C0238,2309.46,2026-08-08 21:05:00,Delhi,Myntra,E-commerce,0
T09758,C0976,1650.57,2026-08-08 21:08:00,Delhi,Flipkart,E-commerce,0
T07438,C0744,6145.31,2026-08-08 21:08:00,Hyderabad,Zara,Apparel,0
T05878,C0588,1451.53,2026-08-08 21:15:00,,Spar,Grocery,0
T08648,C0865,2810.49,2026-08-08 21:15:00,Delhi,Amazon,E-commerce,0
T09528,C0953,4120.78,2026-08-08 21:16:00,Pune,Max,Apparel,0
T03948,C0395,5946.81,2026-08-08 21:17:00,Hyderabad,Burger King,Restaurant,0
T08958,C0896,1040.79,2026-08-08 21:18:00,Pune,Burger King,Restaurant,0
T07388,C0739,2277.25,2026-08-08 21:18:00,Bengaluru,Reliance,Retail,0
T04338,C0434,2431.6,2026-08-08 21:19:00,Pune,Spar,Grocery,0
T00548,C0055,3078.78,2026-08-08 21:20:00,Mumbai,Big Chill,Restaurant,0
T02098,C0210,3042.76,2026-08-08 21:20:00,Bengaluru,Spar,Grocery,0
T07008,C0701,1023.68,2026-08-08 21:22:00,Pune,Max,Apparel,0
T09178,C0918,1141.22,2026-08-08 21:23:00,Mumbai,Max,Apparel,0
T03468,C0347,3376.47,2026-08-08 21:25:00,Goa,Burger King,Restaurant,0
T06188,C0619,2636.22,2026-08-08 21:25:00,Goa,Zara,Apparel,0
T03138,C0314,2164.69,2026-08-08 21:26:00,Goa,H&M,Apparel,0
T03838,C0384,5506.53,2026-08-08 21:26:00,Kolkata,Max,Apparel,0
T01368,C0137,2892.91,2026-08-08 21:27:00,Bengaluru,Reliance,Retail,0
T05458,C0546,3346.42,2026-08-08 21:27:00,Hyderabad,H&M,Apparel,0
T00478,C0048,699.21,2026-08-08 21:27:00,Mumbai,,Retail,0
T01528,C0153,5561.69,2026-08-08 21:31:00,,Reliance,Retail,0
T04628,C0463,1503.16,2026-08-08 21:31:00,Hyderabad,Max,Apparel,0
T07548,C0755,987.58,2026-08-08 21:32:00,Hyderabad,H&M,Apparel,0
T02888,C0289,2142.54,2026-08-08 21:33:00,Delhi,Spar,Grocery,0
T03438,C0344,2021.55,2026-08-08 21:33:00,Hyderabad,Big Chill,Restaurant,0
T06908,C0691,595.89,2026-08-08 21:34:00,Kolkata,Zara,Apparel,0
T00968,C0097,2198.13,2026-08-08 21:36:00,Mumbai,Myntra,E-commerce,0
T06318,C0632,3726.63,2026-08-08 21:43:00,Bengaluru,H&M,Apparel,0
T08198,C0820,1020.51,2026-08-08 21:44:00,Chennai,Myntra,E-commerce,0
T01828,C0183,1566.13,2026-08-08 21:47:00,Kolkata,H&M,Apparel,0
T08548,C0855,1819.34,2026-08-08 21:47:00,Mumbai,Amazon,E-commerce,0
T08468,C0847,2817.95,2026-08-08 21:48:00,Hyderabad,Zara,Apparel,0
T03938,C0394,1711.95,2026-08-08 21:50:00,,Max,Apparel,0
T00888,C0089,1718.18,2026-08-08 21:50:00,Goa,Max,Apparel,0
T04388,C0439,4892.63,2026-08-08 21:51:00,Kolkata,Spar,Grocery,0
T02938,C0294,3843.12,2026-08-08 21:51:00,Hyderabad,,Retail,0
T00598,C0060,6865.1,2026-08-08 21:51:00,Hyderabad,Amazon,E-commerce,0
T03298,C0330,1354.0,2026-08-08 21:52:00,Hyderabad,H&M,Apparel,0
T01158,C0116,1085.05,2026-08-08 21:54:00,Chennai,Max,Apparel,0
T02478,C0248,1824.12,2026-08-08 21:56:00,Pune,Spar,Grocery,0
T01248,C0125,2157.2,2026-08-08 21:56:00,Bengaluru,H&M,Apparel,0
T09938,C0994,1842.95,2026-08-08 21:56:00,Mumbai,Reliance,Retail,0
T03558,C0356,5992.78,2026-08-08 21:57:00,Kolkata,Spar,Grocery,0
T08598,C0860,1132.7,2026-08-08 21:58:00,Mumbai,Burger King,Restaurant,0
T01118,C0112,3476.08,2026-08-08 21:59:00,Pune,Max,Apparel,0
T06918,C0692,882.34,2026-08-08 21:59:00,Hyderabad,Reliance,Retail,0
T05008,C0501,2169.67,2026-08-08 22:00:00,Pune,Burger King,Restaurant,0
T07648,C0765,2930.46,2026-08-08 22:00:00,Delhi,Amazon,E-commerce,0
T01418,C0142,1756.36,2026-08-08 22:03:00,Hyderabad,Zara,Apparel,0
T04078,C0408,1921.33,2026-08-08 22:03:00,,Zara,Apparel,0
T04288,C0429,3965.87,2026-08-08 22:06:00,Kolkata,Amazon,E-commerce,0
T08378,C0838,4383.34,2026-08-08 22:06:00,Bengaluru,Big Chill,Restaurant,0
T02918,C0292,2262.13,2026-08-08 22:07:00,Delhi,Flipkart,E-commerce,0
T00608,C0061,511.46,2026-08-08 22:09:00,Mumbai,Zara,Apparel,0
T03118,C0312,3099.45,2026-08-08 22:09:00,Mumbai,Reliance,Retail,0
T03258,C0326,1004.24,2026-08-08 22:10:00,Chennai,Reliance,Retail,0
T04408,C0441,2730.15,2026-08-08 22:10:00,Mumbai,Spar,Grocery,0
T02808,C0281,1939.94,2026-08-08 22:10:00,Goa,Big Chill,Restaurant,0
T01728,C0173,3494.32,2026-08-08 22:10:00,Delhi,,Apparel,0
T07918,C0792,1987.9,2026-08-08 22:13:00,Mumbai,Reliance,Retail,0
T03488,C0349,5599.09,2026-08-08 22:13:00,Chennai,Max,Apparel,0
T08178,C0818,2013.41,2026-08-08 22:14:00,Bengaluru,Reliance,Retail,0
T00128,C0013,1683.78,2026-08-08 22:15:00,,H&M,Apparel,0
T00558,C0056,3708.86,2026-08-08 22:16:00,Mumbai,Amazon,E-commerce,0
T07128,C0713,7380.49,2026-08-08 22:18:00,Mumbai,Max,Apparel,0
T03978,C0398,2464.48,2026-08-08 22:19:00,Kolkata,Amazon,E-commerce,0
T00678,C0068,2321.93,2026-08-08 22:19:00,Chennai,H&M,Apparel,0
T02268,C0227,3646.02,2026-08-08 22:20:00,Goa,Myntra,E-commerce,0
T09518,C0952,516.38,2026-08-08 22:22:00,Kolkata,Big Chill,Restaurant,0
T04028,C0403,369.49,2026-08-08 22:24:00,Pune,Max,Apparel,0
T02988,C0299,2459.03,2026-08-08 22:24:00,Mumbai,Spar,Grocery,0
T06528,C0653,480.54,2026-08-08 22:24:00,Kolkata,Amazon,E-commerce,0
T01428,C0143,851.73,2026-08-08 22:26:00,Bengaluru,Spar,Grocery,0
T02518,C0252,4401.37,2026-08-08 22:28:00,Mumbai,Reliance,Retail,0
T02338,C0234,5929.98,2026-08-08 22:28:00,Mumbai,Myntra,E-commerce,0
T05348,C0535,3381.57,2026-08-08 22:29:00,Chennai,Big Chill,Restaurant,0
T08418,C0842,4227.75,2026-08-08 22:30:00,Pune,Burger King,Restaurant,0
T03598,C0360,3962.52,2026-08-08 22:31:00,Hyderabad,Flipkart,E-commerce,0
T04068,C0407,3517.32,2026-08-08 22:32:00,Hyderabad,Spar,Grocery,0
T06368,C0637,3832.01,2026-08-08 22:32:00,Pune,Big Chill,Restaurant,0
T08818,C0882,3890.41,2026-08-08 22:33:00,Hyderabad,Amazon,E-commerce,0
T02998,C0300,1724.4,2026-08-08 22:34:00,Mumbai,Spar,Grocery,0
T02088,C0209,2325.41,2026-08-08 22:34:00,Delhi,Amazon,E-commerce,0
T00328,C0033,5905.4,2026-08-08 22:34:00,Kolkata,Zara,Apparel,0
T02738,C0274,1715.81,2026-08-08 22:34:00,Delhi,Big Chill,Restaurant,0
T00228,C0023,1790.63,2026-08-08 22:35:00,Chennai,Amazon,E-commerce,0
T09008,C0901,1292.9,2026-08-08 22:36:00,Bengaluru,Big Chill,Restaurant,0
T04528,C0453,660.31,2026-08-08 22:37:00,Hyderabad,Myntra,E-commerce,0
T06808,C0681,2543.68,2026-08-08 22:37:00,Pune,Zara,Apparel,0
T07248,C0725,2047.69,2026-08-08 22:40:00,Bengaluru,H&M,Apparel,0
T02398,C0240,3508.04,2026-08-08 22:41:00,Mumbai,Spar,Grocery,0
T00098,C0010,4922.11,2026-08-08 22:42:00,Bengaluru,Spar,Grocery,0
T09498,C0950,5365.88,2026-08-08 22:43:00,Bengaluru,,E-commerce,0
T05408,C0541,1546.75,2026-08-08 22:44:00,,Reliance,Retail,0
T07108,C0711,1547.07,2026-08-08 22:44:00,Goa,Max,Apparel,0
T00868,C0087,4244.96,2026-08-08 22:44:00,Mumbai,Zara,Apparel,0
T09258,C0926,2042.98,2026-08-08 22:46:00,Chennai,Big Chill,Restaurant,0
T08208,C0821,2427.33,2026-08-08 22:46:00,Kolkata,Max,Apparel,0
T08298,C0830,2611.62,2026-08-08 22:47:00,Goa,Reliance,Retail,0
T06448,C0645,1477.4,2026-08-08 22:47:00,Mumbai,Flipkart,E-commerce,0
T09098,C0910,990.39,2026-08-08 22:48:00,Delhi,Big Chill,Restaurant,0
T00178,C0018,4482.71,2026-08-08 22:50:00,Pune,Burger King,Restaurant,0
T06758,C0676,5551.54,2026-08-08 22:50:00,Hyderabad,Amazon,E-commerce,0
T00118,C0012,4148.45,2026-08-08 22:52:00,Pune,Zara,Apparel,0
T06488,C0649,5443.58,2026-08-08 22:52:00,Pune,,Retail,0
T05808,C0581,1769.63,2026-08-08 22:54:00,Hyderabad,Max,Apparel,0
T07888,C0789,4789.08,2026-08-08 22:55:00,Hyderabad,Big Chill,Restaurant,0
T01068,C0107,607.41,2026-08-08 22:56:00,Mumbai,Big Chill,Restaurant,0
T09678,C0968,4224.21,2026-08-08 22:57:00,Delhi,H&M,Apparel,0
T00878,C0088,2045.18,2026-08-08 22:58:00,Chennai,Zara,Apparel,0
T02178,C0218,3333.59,2026-08-08 22:59:00,Pune,H&M,Apparel,0
T08439,C0844,1110.91,2026-08-09 08:00:00,Mumbai,Flipkart,E-commerce,0
T04449,C0445,3305.62,2026-08-09 08:01:00,Kolkata,Flipkart,E-commerce,0
T02069,C0207,1305.54,2026-08-09 08:08:00,Mumbai,Myntra,E-commerce,0
T06379,C0638,5278.59,2026-08-09 08:08:00,Delhi,Big Chill,Restaurant,0
T03709,C0371,777.42,2026-08-09 08:08:00,Goa,Myntra,E-commerce,0
T00829,C0083,765.99,2026-08-09 08:09:00,Delhi,Myntra,E-commerce,0
T02379,C0238,2737.68,2026-08-09 08:09:00,Delhi,Spar,Grocery,0
T02779,C0278,3950.92,2026-08-09 08:09:00,Chennai,,Grocery,0
T03859,C0386,897.9,2026-08-09 08:09:00,Delhi,Burger King,Restaurant,0
T07499,C0750,3421.97,2026-08-09 08:11:00,Pune,Burger King,Restaurant,0
T05329,C0533,2085.92,2026-08-09 08:12:00,Goa,Max,Apparel,0
T03809,C0381,603.75,2026-08-09 08:13:00,Pune,Big Chill,Restaurant,0
T06979,C0698,2093.98,2026-08-09 08:16:00,Bengaluru,Amazon,E-commerce,0
T01839,C0184,6037.8,2026-08-09 08:17:00,Goa,Spar,Grocery,0
T06489,C0649,5131.19,2026-08-09 08:19:00,Pune,Myntra,E-commerce,0
T06029,C0603,4026.28,2026-08-09 08:19:00,Pune,Big Chill,Restaurant,0
T03089,C0309,3437.02,2026-08-09 08:20:00,Kolkata,Big Chill,Restaurant,0
T01589,C0159,2465.26,2026-08-09 08:20:00,,Burger King,Restaurant,0
T00179,C0018,2692.17,2026-08-09 08:21:00,Pune,Flipkart,E-commerce,0
T09759,C0976,732.6,2026-08-09 08:23:00,Delhi,Max,Apparel,0
T03059,C0306,986.41,2026-08-09 08:23:00,Kolkata,Zara,Apparel,0
T03319,C0332,6342.37,2026-08-09 08:23:00,Kolkata,Max,Apparel,0
T09899,C0990,2247.04,2026-08-09 08:27:00,,Max,Apparel,0
T01759,C0176,4873.53,2026-08-09 08:28:00,Kolkata,H&M,Apparel,0
T09249,C0925,1948.24,2026-08-09 08:28:00,Mumbai,Spar,Grocery,0
T04709,C0471,5571.26,2026-08-09 08:29:00,Mumbai,Reliance,Retail,0
T03839,C0384,3958.55,2026-08-09 08:30:00,Kolkata,H&M,Apparel,0
T01329,C0133,3415.95,2026-08-09 08:31:00,Hyderabad,Max,Apparel,0
T06139,C0614,3692.82,2026-08-09 08:32:00,Bengaluru,Amazon,E-commerce,0
T08939,C0894,2434.14,2026-08-09 08:32:00,Goa,Max,Apparel,0
T09779,C0978,2985.7,2026-08-09 08:32:00,Delhi,Max,Apparel,0
T03909,C0391,5966.38,2026-08-09 08:34:00,Bengaluru,Myntra,E-commerce,0
T01679,C0168,2651.55,2026-08-09 08:34:00,Bengaluru,Burger King,Restaurant,0
T05039,C0504,5496.19,2026-08-09 08:35:00,Goa,Myntra,E-commerce,0
T09329,C0933,2856.52,2026-08-09 08:37:00,Chennai,Myntra,E-commerce,0
T00869,C0087,2121.87,2026-08-09 08:38:00,Mumbai,Burger King,Restaurant,0
T02869,C0287,373.86,2026-08-09 08:39:00,Kolkata,Reliance,Retail,0
T02839,C0284,2831.78,2026-08-09 08:40:00,Hyderabad,Spar,Grocery,0
T09139,C0914,1010.74,2026-08-09 08:41:00,Bengaluru,Spar,Grocery,0
T02529,C0253,2495.58,2026-08-09 08:42:00,Delhi,Flipkart,E-commerce,0
T01729,C0173,1290.89,2026-08-09 08:43:00,Delhi,Spar,Grocery,0
T05459,C0546,3567.38,2026-08-09 08:43:00,Hyderabad,Max,Apparel,0
T04919,C0492,466.41,2026-08-09 08:45:00,Delhi,Zara,Apparel,0
T02079,C0208,816.48,2026-08-09 08:46:00,Bengaluru,Zara,Apparel,0
T01229,C0123,3909.46,2026-08-09 08:47:00,Kolkata,Reliance,Retail,0
T07769,C0777,2195.6,2026-08-09 08:49:00,Chennai,Zara,Apparel,0
T07079,C0708,3068.31,2026-08-09 08:50:00,Pune,Flipkart,E-commerce,0
T08349,C0835,5824.87,2026-08-09 08:51:00,Goa,,Apparel,0
T01089,C0109,2669.62,2026-08-09 08:52:00,Kolkata,Myntra,E-commerce,0
T00459,C0046,1746.82,2026-08-09 08:53:00,Pune,Big Chill,Restaurant,0
T06109,C0611,537.95,2026-08-09 08:53:00,Chennai,Max,Apparel,0
T05949,C0595,1222.03,2026-08-09 08:53:00,Mumbai,Max,Apparel,0
T07519,C0752,1315.18,2026-08-09 08:53:00,Bengaluru,Zara,Apparel,0
T04989,C0499,2790.8,2026-08-09 08:53:00,Delhi,Big Chill,Restaurant,0
T02959,C0296,3072.63,2026-08-09 08:55:00,Bengaluru,Max,Apparel,0
T04879,C0488,828.22,2026-08-09 08:55:00,Chennai,Reliance,Retail,0
T03149,C0315,2934.4,2026-08-09 08:56:00,Hyderabad,Amazon,E-commerce,0
T01239,C0124,3291.11,2026-08-09 08:57:00,Goa,Myntra,E-commerce,0
T01219,C0122,1846.13,2026-08-09 08:57:00,Goa,Amazon,E-commerce,0
T06189,C0619,2520.17,2026-08-09 08:58:00,Goa,Reliance,Retail,0
T09239,C0924,400.79,2026-08-09 08:59:00,,Flipkart,E-commerce,0
T00959,C0096,1396.18,2026-08-09 08:59:00,Pune,Max,Apparel,0
T08049,C0805,1198.81,2026-08-09 08:59:00,,Flipkart,E-commerce,0
T03999,C0400,4098.91,2026-08-09 09:00:00,Delhi,H&M,Apparel,0
T06099,C0610,4697.56,2026-08-09 09:00:00,Bengaluru,H&M,Apparel,0
T00349,C0035,3679.18,2026-08-09 09:01:00,Chennai,Burger King,Restaurant,0
T09809,C0981,1862.0,2026-08-09 09:01:00,Bengaluru,Spar,Grocery,0
T00379,C0038,541.88,2026-08-09 09:02:00,Delhi,Myntra,E-commerce,0
T03099,C0310,2454.39,2026-08-09 09:03:00,Chennai,Myntra,E-commerce,0
T06809,C0681,2677.16,2026-08-09 09:03:00,Pune,Big Chill,Restaurant,0
T00329,C0033,4689.7,2026-08-09 09:04:00,Kolkata,Burger King,Restaurant,0
T03679,C0368,3203.05,2026-08-09 09:06:00,Hyderabad,Zara,Apparel,0
T09119,C0912,2304.71,2026-08-09 09:06:00,Pune,Max,Apparel,0
T02849,C0285,1030.63,2026-08-09 09:09:00,Kolkata,Myntra,E-commerce,0
T03339,C0334,475.23,2026-08-09 09:09:00,Pune,Amazon,E-commerce,0
T05909,C0591,5477.99,2026-08-09 09:09:00,Mumbai,Flipkart,E-commerce,0
T06549,C0655,2567.03,2026-08-09 09:10:00,Chennai,Reliance,Retail,0
T03399,C0340,3699.88,2026-08-09 09:13:00,Bengaluru,Big Chill,Restaurant,0
T00569,C0057,2187.04,2026-08-09 09:15:00,Mumbai,Myntra,E-commerce,0
T00029,C0003,560.33,2026-08-09 09:15:00,Chennai,H&M,Apparel,0
T09939,C0994,1852.96,2026-08-09 09:15:00,Mumbai,Reliance,Retail,0
T06429,C0643,5246.33,2026-08-09 09:16:00,Bengaluru,Myntra,E-commerce,0
T05369,C0537,2636.81,2026-08-09 09:16:00,Mumbai,Spar,Grocery,0
T05189,C0519,2116.94,2026-08-09 09:18:00,Goa,Max,Apparel,0
T07209,C0721,713.25,2026-08-09 09:18:00,Chennai,H&M,Apparel,0
T04229,C0423,4595.93,2026-08-09 09:20:00,Delhi,Max,Apparel,0
T03139,C0314,2454.54,2026-08-09 09:21:00,Goa,H&M,Apparel,0
T09739,C0974,5116.68,2026-08-09 09:22:00,Bengaluru,Big Chill,Restaurant,0
T01509,C0151,2015.14,2026-08-09 09:22:00,Delhi,H&M,Apparel,0
T00799,C0080,1755.65,2026-08-09 09:22:00,Pune,,Apparel,0
T09949,C0995,817.18,2026-08-09 09:23:00,Bengaluru,Zara,Apparel,0
T08019,C0802,2994.04,2026-08-09 09:24:00,Hyderabad,Max,Apparel,0
T03519,C0352,6495.59,2026-08-09 09:26:00,Pune,Burger King,Restaurant,0
T02239,C0224,2121.73,2026-08-09 09:26:00,Delhi,Myntra,E-commerce,0
T02019,C0202,2817.01,2026-08-09 09:26:00,Kolkata,H&M,Apparel,0
T01099,C0110,2480.14,2026-08-09 09:27:00,Delhi,Burger King,Restaurant,0
T09209,C0921,3276.18,2026-08-09 09:28:00,Pune,Big Chill,Restaurant,0
T07709,C0771,3989.85,2026-08-09 09:30:00,Chennai,Burger King,Restaurant,0
T01519,C0152,1365.1,2026-08-09 09:31:00,Chennai,Amazon,E-commerce,0
T07319,C0732,1215.85,2026-08-09 09:34:00,Delhi,Burger King,Restaurant,0
T05829,C0583,4264.58,2026-08-09 09:34:00,Chennai,Spar,Grocery,0
T05169,C0517,4264.05,2026-08-09 09:34:00,Mumbai,Big Chill,Restaurant,0
T07989,C0799,434.71,2026-08-09 09:37:00,Kolkata,Amazon,E-commerce,0
T06759,C0676,4052.77,2026-08-09 09:37:00,Hyderabad,Amazon,E-commerce,0
T05239,C0524,3386.28,2026-08-09 09:37:00,Hyderabad,Spar,Grocery,0
T05319,C0532,6055.68,2026-08-09 09:41:00,Bengaluru,Big Chill,Restaurant,0
T08549,C0855,2205.3,2026-08-09 09:42:00,Mumbai,Zara,Apparel,0
T05259,C0526,2847.2,2026-08-09 09:43:00,Bengaluru,Burger King,Restaurant,0
T05959,C0596,5578.22,2026-08-09 09:44:00,Chennai,Flipkart,E-commerce,0
T00889,C0089,1264.3,2026-08-09 09:48:00,Goa,Zara,Apparel,0
T04649,C0465,4415.49,2026-08-09 09:53:00,Chennai,Spar,Grocery,0
T01929,C0193,3713.34,2026-08-09 09:54:00,Mumbai,Zara,Apparel,0
T04959,C0496,1014.0,2026-08-09 09:56:00,Chennai,H&M,Apparel,0
T08969,C0897,4074.0,2026-08-09 10:00:00,Pune,Big Chill,Restaurant,0
T00709,C0071,4907.05,2026-08-09 10:00:00,Delhi,Max,Apparel,0
T03669,C0367,1775.52,2026-08-09 10:00:00,Goa,H&M,Apparel,0
T03499,C0350,6322.35,2026-08-09 10:00:00,Kolkata,Burger King,Restaurant,0
T06679,C0668,5134.59,2026-08-09 10:02:00,Hyderabad,Max,Apparel,0
T01139,C0114,3648.99,2026-08-09 10:03:00,Kolkata,Amazon,E-commerce,0
T09969,C0997,5471.23,2026-08-09 10:03:00,Hyderabad,Myntra,E-commerce,0
T03199,C0320,2704.56,2026-08-09 10:03:00,Pune,Flipkart,E-commerce,0
T06789,C0679,1715.86,2026-08-09 10:03:00,Hyderabad,Big Chill,Restaurant,0
T00159,C0016,3403.5,2026-08-09 10:07:00,Hyderabad,Amazon,E-commerce,0
T04549,C0455,1928.46,2026-08-09 10:07:00,Bengaluru,H&M,Apparel,0
T08769,C0877,3085.24,2026-08-09 10:09:00,Kolkata,Big Chill,Restaurant,0
T09529,C0953,2237.19,2026-08-09 10:10:00,Pune,Flipkart,E-commerce,0
T09069,C0907,2523.1,2026-08-09 10:11:00,Kolkata,Big Chill,Restaurant,0
T08379,C0838,4786.08,2026-08-09 10:11:00,Bengaluru,Big Chill,Restaurant,0
T00189,C0019,1327.74,2026-08-09 10:13:00,Bengaluru,Myntra,E-commerce,0
T06689,C0669,4421.52,2026-08-09 10:13:00,Pune,Flipkart,E-commerce,0
T02309,C0231,1704.08,2026-08-09 10:14:00,Chennai,Flipkart,E-commerce,0
T03929,C0393,1974.24,2026-08-09 10:15:00,Hyderabad,Myntra,E-commerce,0
T01009,C0101,4011.36,2026-08-09 10:16:00,Goa,,E-commerce,0
T00219,C0022,5157.24,2026-08-09 10:19:00,Mumbai,Reliance,Retail,0
T09979,C0998,3497.98,2026-08-09 10:20:00,Bengaluru,Flipkart,E-commerce,0
T02139,C0214,1306.07,2026-08-09 10:20:00,Bengaluru,Reliance,Retail,0
T00999,C0100,667.67,2026-08-09 10:20:00,Kolkata,Big Chill,Restaurant,0
T03249,C0325,1523.32,2026-08-09 10:21:00,Bengaluru,,Grocery,0
T05799,C0580,5421.34,2026-08-09 10:21:00,Bengaluru,Burger King,Restaurant,0
T08949,C0895,4817.94,2026-08-09 10:23:00,Kolkata,Burger King,Restaurant,0
T00979,C0098,3526.7,2026-08-09 10:24:00,,Amazon,E-commerce,0
T08589,C0859,1800.22,2026-08-09 10:25:00,Delhi,Big Chill,Restaurant,0
T05899,C0590,4840.17,2026-08-09 10:26:00,Chennai,,E-commerce,0
T05199,C0520,1863.26,2026-08-09 10:26:00,Bengaluru,Myntra,E-commerce,0
T04689,C0469,2706.21,2026-08-09 10:27:00,Delhi,,E-commerce,0
T09729,C0973,2336.06,2026-08-09 10:30:00,Goa,Reliance,Retail,0
T07859,C0786,3453.69,2026-08-09 10:32:00,Goa,Reliance,Retail,0
T03599,C0360,3754.05,2026-08-09 10:33:00,Hyderabad,Burger King,Restaurant,0
T09089,C0909,4262.66,2026-08-09 10:33:00,Goa,Myntra,E-commerce,0
T08009,C0801,2842.38,2026-08-09 10:33:00,Mumbai,Burger King,Restaurant,0
T04909,C0491,362.86,2026-08-09 10:34:00,Kolkata,Big Chill,Restaurant,0
T02159,C0216,3801.47,2026-08-09 10:34:00,Bengaluru,Zara,Apparel,0
T03819,C0382,1572.82,2026-08-09 10:35:00,Chennai,Myntra,E-commerce,0
T08739,C0874,3086.17,2026-08-09 10:36:00,Chennai,Myntra,E-commerce,0
T03869,C0387,2574.98,2026-08-09 10:36:00,Bengaluru,Max,Apparel,0
T00319,C0032,3623.03,2026-08-09 10:39:00,Mumbai,Max,Apparel,0
T09349,C0935,2591.82,2026-08-09 10:39:00,Goa,Big Chill,Restaurant,0
T08149,C0815,4603.56,2026-08-09 10:40:00,Hyderabad,Myntra,E-commerce,0
T08759,C0876,4766.01,2026-08-09 10:41:00,Goa,Flipkart,E-commerce,0
T04509,C0451,4842.76,2026-08-09 10:41:00,Hyderabad,Big Chill,Restaurant,0
T06799,C0680,1964.39,2026-08-09 10:42:00,Kolkata,Spar,Grocery,0
T09819,C0982,4607.27,2026-08-09 10:43:00,Pune,Flipkart,E-commerce,0
T09659,C0966,1429.17,2026-08-09 10:47:00,Hyderabad,Max,Apparel,0
T03899,C0390,440.03,2026-08-09 10:47:00,Bengaluru,Burger King,Restaurant,0
T06279,C0628,1632.14,2026-08-09 10:47:00,Mumbai,Amazon,E-commerce,0
T07869,C0787,2683.22,2026-08-09 10:49:00,Bengaluru,Myntra,E-commerce,0
T04599,C0460,5471.35,2026-08-09 10:49:00,Pune,,Restaurant,0
T00759,C0076,2616.48,2026-08-09 10:51:00,Goa,Big Chill,Restaurant,0
T04699,C0470,3054.32,2026-08-09 10:52:00,Goa,Spar,Grocery,0
T04049,C0405,3936.99,2026-08-09 10:53:00,Delhi,Flipkart,E-commerce,0
T05569,C0557,1277.69,2026-08-09 10:54:00,Bengaluru,Flipkart,E-commerce,0
T02709,C0271,2529.76,2026-08-09 10:55:00,Bengaluru,Big Chill,Restaurant,0
T04259,C0426,2118.91,2026-08-09 10:57:00,Hyderabad,Myntra,E-commerce,0
T05279,C0528,3617.16,2026-08-09 10:57:00,Kolkata,Big Chill,Restaurant,0
T02719,C0272,1571.28,2026-08-09 10:57:00,Goa,Spar,Grocery,0
T09419,C0942,2039.68,2026-08-09 10:59:00,Pune,Reliance,Retail,0
T02369,C0237,3947.37,2026-08-09 10:59:00,Bengaluru,Max,Apparel,0
T05689,C0569,1170.01,2026-08-09 10:59:00,Chennai,Flipkart,E-commerce,0
T01599,C0160,1360.43,2026-08-09 10:59:00,Delhi,Zara,Apparel,0
T03039,C0304,2622.21,2026-08-09 11:02:00,Delhi,Myntra,E-commerce,0
T05759,C0576,3992.56,2026-08-09 11:02:00,Chennai,Max,Apparel,0
T01399,C0140,1127.14,2026-08-09 11:03:00,Mumbai,Zara,Apparel,0
T09699,C0970,1857.14,2026-08-09 11:04:00,Bengaluru,Spar,Grocery,0
T08829,C0883,1114.31,2026-08-09 11:04:00,Hyderabad,Burger King,Restaurant,0
T00119,C0012,2868.08,2026-08-09 11:06:00,Pune,Zara,Apparel,0
T04409,C0441,3330.44,2026-08-09 11:06:00,Mumbai,Spar,Grocery,0
T03279,C0328,2623.96,2026-08-09 11:07:00,Delhi,Big Chill,Restaurant,0
T03219,C0322,930.37,2026-08-09 11:07:00,Mumbai,Myntra,E-commerce,0
T00509,C0051,2430.89,2026-08-09 11:09:00,Chennai,Zara,Apparel,0
T00239,C0024,4308.43,2026-08-09 11:11:00,Bengaluru,Reliance,Retail,0
T05469,C0547,2766.13,2026-08-09 11:12:00,Goa,Flipkart,E-commerce,0
T01789,C0179,3927.62,2026-08-09 11:13:00,Bengaluru,Reliance,Retail,0
T07469,C0747,3199.48,2026-08-09 11:13:00,Hyderabad,Burger King,Restaurant,0
T05659,C0566,2021.55,2026-08-09 11:15:00,Goa,Burger King,Restaurant,0
T06049,C0605,1020.31,2026-08-09 11:15:00,Mumbai,Myntra,E-commerce,0
T06339,C0634,676.18,2026-08-09 11:17:00,Pune,Amazon,E-commerce,0
T00779,C0078,3658.43,2026-08-09 11:19:00,Delhi,Burger King,Restaurant,0
T05449,C0545,926.12,2026-08-09 11:21:00,Hyderabad,,E-commerce,0
T05849,C0585,4559.26,2026-08-09 11:24:00,Hyderabad,Amazon,E-commerce,0
T01419,C0142,2267.75,2026-08-09 11:26:00,Hyderabad,Zara,Apparel,0
T05049,C0505,843.04,2026-08-09 11:27:00,Bengaluru,Myntra,E-commerce,0
T00389,C0039,5111.98,2026-08-09 11:28:00,Mumbai,Flipkart,E-commerce,0
T09569,C0957,4742.97,2026-08-09 11:28:00,Goa,Reliance,Retail,0
T08889,C0889,3461.09,2026-08-09 11:29:00,Pune,Flipkart,E-commerce,0
T04969,C0497,1117.7,2026-08-09 11:29:00,Pune,Reliance,Retail,0
T00819,C0082,1054.19,2026-08-09 11:30:00,Delhi,Zara,Apparel,0
T02169,C0217,5603.38,2026-08-09 11:31:00,Hyderabad,Big Chill,Restaurant,0
T02109,C0211,2616.69,2026-08-09 11:31:00,Pune,Max,Apparel,0
T07779,C0778,2738.3,2026-08-09 11:31:00,Kolkata,Zara,Apparel,0
T05439,C0544,1332.02,2026-08-09 11:31:00,Kolkata,Burger King,Restaurant,0
T05229,C0523,1280.96,2026-08-09 11:32:00,Kolkata,Big Chill,Restaurant,0
T09959,C0996,1229.02,2026-08-09 11:32:00,Goa,Amazon,E-commerce,0
T08319,C0832,4005.26,2026-08-09 11:33:00,Bengaluru,Myntra,E-commerce,0
T06419,C0642,2911.54,2026-08-09 11:35:00,Chennai,H&M,Apparel,0
T05779,C0578,947.03,2026-08-09 11:36:00,Kolkata,Big Chill,Restaurant,0
T03919,C0392,4183.52,2026-08-09 11:37:00,Goa,Myntra,E-commerce,0
T05629,C0563,3160.02,2026-08-09 11:37:00,Kolkata,Burger King,Restaurant,0
T04179,C0418,1952.14,2026-08-09 11:38:00,Delhi,Zara,Apparel,0
T02519,C0252,3237.68,2026-08-09 11:39:00,Mumbai,Flipkart,E-commerce,0
T05769,C0577,1461.56,2026-08-09 11:40:00,,H&M,Apparel,0
T07159,C0716,5939.68,2026-08-09 11:41:00,Kolkata,Flipkart,E-commerce,0
T00169,C0017,1178.66,2026-08-09 11:44:00,Hyderabad,H&M,Apparel,0
T07939,C0794,2813.44,2026-08-09 11:47:00,Kolkata,Reliance,Retail,0
T07309,C0731,3105.79,2026-08-09 11:50:00,Hyderabad,Burger King,Restaurant,0
T02279,C0228,2378.31,2026-08-09 11:51:00,Chennai,Burger King,Restaurant,0
T04069,C0407,5567.59,2026-08-09 11:51:00,Hyderabad,Flipkart,E-commerce,0
T07629,C0763,5054.87,2026-08-09 11:52:00,Kolkata,Max,Apparel,0
T08169,C0817,5849.52,2026-08-09 11:54:00,Goa,Reliance,Retail,0
T00949,C0095,4559.62,2026-08-09 11:54:00,Mumbai,H&M,Apparel,0
T02489,C0249,2040.11,2026-08-09 11:55:00,Kolkata,Reliance,Retail,0
T02249,C0225,3681.87,2026-08-09 11:55:00,Pune,Big Chill,Restaurant,0
T04239,C0424,5255.23,2026-08-09 11:56:00,Delhi,Max,Apparel,0
T08469,C0847,4450.92,2026-08-09 11:56:00,Hyderabad,Myntra,E-commerce,0
T02399,C0240,5542.02,2026-08-09 11:57:00,Mumbai,Burger King,Restaurant,0
T07929,C0793,2232.12,2026-08-09 11:57:00,Chennai,Zara,Apparel,0
T01429,C0143,1198.86,2026-08-09 11:58:00,Bengaluru,H&M,Apparel,0
T00909,C0091,1872.18,2026-08-09 11:59:00,Pune,Spar,Grocery,0
T04529,C0453,1168.88,2026-08-09 12:00:00,Hyderabad,Flipkart,E-commerce,0
T04199,C0420,648.85,2026-08-09 12:01:00,Goa,Big Chill,Restaurant,0
T03639,C0364,4432.22,2026-08-09 12:04:00,,Big Chill,Restaurant,0
T01039,C0104,2617.3,2026-08-09 12:06:00,Kolkata,Burger King,Restaurant,0
T01059,C0106,1778.97,2026-08-09 12:07:00,Bengaluru,Flipkart,E-commerce,0
T03449,C0345,2198.52,2026-08-09 12:07:00,Bengaluru,Big Chill,Restaurant,0
T08529,C0853,1164.93,2026-08-09 12:09:00,Delhi,H&M,Apparel,0
T05789,C0579,2508.12,2026-08-09 12:09:00,Chennai,Big Chill,Restaurant,0
T01499,C0150,1565.98,2026-08-09 12:10:00,Bengaluru,Max,Apparel,0
T02559,C0256,1498.39,2026-08-09 12:10:00,Pune,H&M,Apparel,0
T01149,C0115,1670.49,2026-08-09 12:10:00,Chennai,Amazon,E-commerce,0
T01859,C0186,1881.54,2026-08-09 12:11:00,Goa,Myntra,E-commerce,0
T02269,C0227,3099.89,2026-08-09 12:12:00,Goa,Flipkart,E-commerce,0
T03239,C0324,2423.96,2026-08-09 12:12:00,Delhi,Amazon,E-commerce,0
T09109,C0911,5278.16,2026-08-09 12:12:00,Delhi,Reliance,Retail,0
T06779,C0678,5568.1,2026-08-09 12:13:00,Hyderabad,Reliance,Retail,0
T01079,C0108,710.8,2026-08-09 12:13:00,Pune,Spar,Grocery,0
T02739,C0274,3474.38,2026-08-09 12:16:00,Delhi,Big Chill,Restaurant,0
T08809,C0881,1144.47,2026-08-09 12:16:00,Kolkata,Zara,Apparel,0
T08389,C0839,6450.69,2026-08-09 12:17:00,Chennai,Spar,Grocery,0
T01649,C0165,3806.06,2026-08-09 12:19:00,Bengaluru,,Restaurant,0
T00529,C0053,2706.41,2026-08-09 12:20:00,Delhi,Amazon,E-commerce,0
T04329,C0433,4836.65,2026-08-09 12:20:00,Hyderabad,Burger King,Restaurant,0
T05609,C0561,4784.08,2026-08-09 12:21:00,,Amazon,E-commerce,0
T01959,C0196,1063.05,2026-08-09 12:22:00,Mumbai,H&M,Apparel,0
T08459,C0846,2842.01,2026-08-09 12:23:00,Hyderabad,Amazon,E-commerce,0
T01299,C0130,2668.18,2026-08-09 12:23:00,Chennai,Max,Apparel,0
T07999,C0800,4809.23,2026-08-09 12:25:00,Pune,Flipkart,E-commerce,0
T08269,C0827,615.61,2026-08-09 12:25:00,Goa,Flipkart,E-commerce,0
T08089,C0809,3300.85,2026-08-09 12:26:00,Mumbai,Myntra,E-commerce,0
T05619,C0562,1121.88,2026-08-09 12:26:00,Goa,Flipkart,E-commerce,0
T02799,C0280,3066.88,2026-08-09 12:30:00,Mumbai,Spar,Grocery,0
T04999,C0500,3087.67,2026-08-09 12:30:00,Hyderabad,Flipkart,E-commerce,0
T04499,C0450,2413.82,2026-08-09 12:31:00,Delhi,Big Chill,Restaurant,0
T07609,C0761,2655.82,2026-08-09 12:32:00,Hyderabad,Amazon,E-commerce,0
T01529,C0153,2195.27,2026-08-09 12:32:00,Goa,H&M,Apparel,0
T09169,C0917,1361.37,2026-08-09 12:32:00,Mumbai,Myntra,E-commerce,0
T02979,C0298,6344.97,2026-08-09 12:33:00,Bengaluru,Zara,Apparel,0
T03119,C0312,3352.01,2026-08-09 12:34:00,Mumbai,Zara,Apparel,0
T06219,C0622,2775.31,2026-08-09 12:34:00,Kolkata,Max,Apparel,0
T03069,C0307,4073.19,2026-08-09 12:35:00,,Flipkart,E-commerce,0
T04929,C0493,703.15,2026-08-09 12:37:00,Bengaluru,Max,Apparel,0
T02539,C0254,1830.0,2026-08-09 12:38:00,Mumbai,Big Chill,Restaurant,0
T09489,C0949,2323.9,2026-08-09 12:39:00,Bengaluru,Flipkart,E-commerce,0
T06469,C0647,2433.37,2026-08-09 12:40:00,Kolkata,Reliance,Retail,0
T09839,C0984,6578.22,2026-08-09 12:41:00,Kolkata,Zara,Apparel,0
T03359,C0336,4844.09,2026-08-09 12:45:00,Delhi,Zara,Apparel,0
T02439,C0244,4752.69,2026-08-09 12:46:00,Mumbai,Myntra,E-commerce,0
T06599,C0660,1972.02,2026-08-09 12:47:00,Hyderabad,Myntra,E-commerce,0
T01669,C0167,731.47,2026-08-09 12:47:00,Delhi,Amazon,E-commerce,0
T08259,C0826,2831.97,2026-08-09 12:48:00,Bengaluru,Burger King,Restaurant,0
T00919,C0092,1267.67,2026-08-09 12:48:00,Kolkata,Myntra,E-commerce,0
T02099,C0210,3473.79,2026-08-09 12:48:00,Bengaluru,Myntra,E-commerce,0
T08359,C0836,1251.38,2026-08-09 12:50:00,Delhi,Flipkart,E-commerce,0
T04659,C0466,2641.13,2026-08-09 12:50:00,Hyderabad,Max,Apparel,0
T06579,C0658,948.59,2026-08-09 12:51:00,Kolkata,Big Chill,Restaurant,0
T06149,C0615,845.41,2026-08-09 12:51:00,Pune,Burger King,Restaurant,0
T02319,C0232,4311.95,2026-08-09 12:52:00,Pune,Amazon,E-commerce,0
T03989,C0399,1262.96,2026-08-09 12:53:00,Hyderabad,Big Chill,Restaurant,0
T03749,C0375,1682.91,2026-08-09 12:56:00,Kolkata,Big Chill,Restaurant,0
T07279,C0728,2782.04,2026-08-09 12:56:00,Bengaluru,Big Chill,Restaurant,0
T04349,C0435,2244.89,2026-08-09 12:59:00,Delhi,H&M,Apparel,0
T06079,C0608,694.38,2026-08-09 12:59:00,Mumbai,Myntra,E-commerce,0
T08929,C0893,2550.27,2026-08-09 12:59:00,Delhi,Max,Apparel,0
T05519,C0552,2613.55,2026-08-09 12:59:00,,Amazon,E-commerce,0
T08869,C0887,5704.02,2026-08-09 13:00:00,Goa,Reliance,Retail,0
T02679,C0268,1095.22,2026-08-09 13:01:00,Chennai,Myntra,E-commerce,0
T02219,C0222,4618.63,2026-08-09 13:01:00,Hyderabad,Burger King,Restaurant,0
T08339,C0834,2206.75,2026-08-09 13:03:00,Pune,Zara,Apparel,0
T01939,C0194,3553.68,2026-08-09 13:04:00,Mumbai,Max,Apparel,0
T04159,C0416,6358.78,2026-08-09 13:05:00,Bengaluru,Zara,Apparel,0
T05059,C0506,1782.03,2026-08-09 13:05:00,,Max,Apparel,0
T06529,C0653,1282.99,2026-08-09 13:06:00,Kolkata,Reliance,Retail,0
T03759,C0376,871.17,2026-08-09 13:06:00,Kolkata,Burger King,Restaurant,0
T05419,C0542,3544.9,2026-08-09 13:07:00,Bengaluru,Max,Apparel,0
T01349,C0135,679.68,2026-08-09 13:08:00,Hyderabad,Burger King,Restaurant,0
T05729,C0573,3551.46,2026-08-09 13:08:00,Delhi,Zara,Apparel,0
T00089,C0009,3413.78,2026-08-09 13:09:00,Mumbai,Reliance,Retail,0
T09679,C0968,3457.33,2026-08-09 13:09:00,Delhi,Zara,Apparel,0
T00539,C0054,445.31,2026-08-09 13:10:00,Goa,Reliance,Retail,0
T04269,C0427,3759.16,2026-08-09 13:10:00,Kolkata,Burger King,Restaurant,0
T03429,C0343,2414.69,2026-08-09 13:11:00,Kolkata,Max,Apparel,0
T00449,C0045,5435.36,2026-08-09 13:11:00,Chennai,Myntra,E-commerce,0
T07619,C0762,3420.81,2026-08-09 13:13:00,Delhi,Max,Apparel,0
T04569,C0457,1013.62,2026-08-09 13:13:00,Goa,Amazon,E-commerce,0
T03769,C0377,2505.59,2026-08-09 13:14:00,Chennai,Zara,Apparel,0
T04189,C0419,614.98,2026-08-09 13:14:00,Delhi,Reliance,Retail,0
T04289,C0429,3630.47,2026-08-09 13:14:00,Kolkata,Max,Apparel,0
T00359,C0036,666.83,2026-08-09 13:15:00,Kolkata,Spar,Grocery,0
T02819,C0282,2125.84,2026-08-09 13:15:00,Goa,Max,Apparel,0
T05159,C0516,1307.68,2026-08-09 13:17:00,Chennai,H&M,Apparel,0
T05719,C0572,1690.92,2026-08-09 13:20:00,Chennai,H&M,Apparel,0
T06709,C0671,1492.03,2026-08-09 13:21:00,Goa,Amazon,E-commerce,0
T04389,C0439,2319.47,2026-08-09 13:21:00,Kolkata,Big Chill,Restaurant,0
T09599,C0960,2879.49,2026-08-09 13:22:00,Goa,Burger King,Restaurant,0
T07529,C0753,2903.41,2026-08-09 13:23:00,Goa,Big Chill,Restaurant,0
T06249,C0625,730.51,2026-08-09 13:25:00,Pune,Big Chill,Restaurant,0
T01049,C0105,3912.43,2026-08-09 13:27:00,Kolkata,Amazon,E-commerce,0
T02199,C0220,3539.03,2026-08-09 13:32:00,Mumbai,Max,Apparel,0
T09609,C0961,3336.46,2026-08-09 13:33:00,Delhi,,E-commerce,0
T01379,C0138,2354.25,2026-08-09 13:37:00,Pune,Spar,Grocery,0
T09709,C0971,939.69,2026-08-09 13:39:00,Hyderabad,H&M,Apparel,0
T06259,C0626,4795.26,2026-08-09 13:39:00,Goa,Flipkart,E-commerce,0
T07969,C0797,4452.92,2026-08-09 13:39:00,Goa,Amazon,E-commerce,0
T04019,C0402,4201.09,2026-08-09 13:40:00,Goa,Burger King,Restaurant,0
T06459,C0646,2846.24,2026-08-09 13:41:00,Hyderabad,H&M,Apparel,0
T01279,C0128,1666.1,2026-08-09 13:44:00,Hyderabad,Reliance,Retail,0
T02989,C0299,2405.07,2026-08-09 13:44:00,Mumbai,Spar,Grocery,0
T07369,C0737,3607.3,2026-08-09 13:45:00,Chennai,Amazon,E-commerce,0
T03459,C0346,3601.31,2026-08-09 13:47:00,Hyderabad,Max,Apparel,0
T08959,C0896,764.72,2026-08-09 13:48:00,Pune,Amazon,E-commerce,0
T06999,C0700,2135.39,2026-08-09 13:49:00,Mumbai,Myntra,E-commerce,0
T00629,C0063,1193.36,2026-08-09 13:50:00,Bengaluru,Zara,Apparel,0
T04849,C0485,5192.68,2026-08-09 13:51:00,Goa,Myntra,E-commerce,0
T02289,C0229,3562.8,2026-08-09 13:53:00,Pune,Spar,Grocery,0
T01129,C0113,3175.37,2026-08-09 13:54:00,Delhi,Max,Apparel,0
T07379,C0738,3322.11,2026-08-09 13:55:00,Goa,Amazon,E-commerce,0
T05859,C0586,740.79,2026-08-09 13:56:00,Kolkata,Burger King,Restaurant,0
T06859,C0686,1409.61,2026-08-09 13:56:00,Hyderabad,H&M,Apparel,0
T06519,C0652,3335.41,2026-08-09 13:56:00,Kolkata,Reliance,Retail,0
T03259,C0326,1075.67,2026-08-09 13:56:00,,Reliance,Retail,0
T04619,C0462,1848.12,2026-08-09 13:57:00,Bengaluru,Spar,Grocery,0
T04169,C0417,3979.69,2026-08-09 13:57:00,Mumbai,Myntra,E-commerce,0
T01319,C0132,2076.48,2026-08-09 13:57:00,Kolkata,Zara,Apparel,0
T01719,C0172,3877.15,2026-08-09 14:01:00,Chennai,Big Chill,Restaurant,0
T09789,C0979,2786.05,2026-08-09 14:01:00,Pune,Reliance,Retail,0
T03029,C0303,3275.05,2026-08-09 14:03:00,Bengaluru,H&M,Apparel,0
T04149,C0415,2171.44,2026-08-09 14:05:00,Bengaluru,H&M,Apparel,0
T09289,C0929,1236.09,2026-08-09 14:05:00,Kolkata,Flipkart,E-commerce,0
T03049,C0305,1182.52,2026-08-09 14:07:00,Goa,Myntra,E-commerce,0
T06059,C0606,5871.5,2026-08-09 14:08:00,Delhi,Max,Apparel,0
T03559,C0356,6189.82,2026-08-09 14:08:00,Kolkata,Spar,Grocery,0
T00399,C0040,2153.93,2026-08-09 14:08:00,Pune,Myntra,E-commerce,0
T03229,C0323,1344.97,2026-08-09 14:08:00,,Myntra,E-commerce,0
T08629,C0863,2888.48,2026-08-09 14:09:00,Mumbai,Big Chill,Restaurant,0
T00079,C0008,3263.45,2026-08-09 14:09:00,Bengaluru,Burger King,Restaurant,0
T00849,C0085,1703.3,2026-08-09 14:10:00,Pune,Big Chill,Restaurant,0
T09749,C0975,1473.73,2026-08-09 14:14:00,Pune,H&M,Apparel,0
T08099,C0810,5700.57,2026-08-09 14:15:00,Delhi,Zara,Apparel,0
T00489,C0049,873.98,2026-08-09 14:16:00,Pune,H&M,Apparel,0
T05409,C0541,1217.5,2026-08-09 14:16:00,Goa,Burger King,Restaurant,0
T05289,C0529,3699.53,2026-08-09 14:16:00,Bengaluru,Reliance,Retail,0
T07099,C0710,2597.87,2026-08-09 14:18:00,Mumbai,Flipkart,E-commerce,0
T06919,C0692,1245.34,2026-08-09 14:19:00,Hyderabad,Spar,Grocery,0
T09559,C0956,3451.53,2026-08-09 14:19:00,Goa,Spar,Grocery,0
T00309,C0031,5806.17,2026-08-09 14:21:00,Pune,Big Chill,Restaurant,0
T06929,C0693,2717.53,2026-08-09 14:23:00,Goa,Reliance,Retail,0
T03799,C0380,1646.32,2026-08-09 14:25:00,Hyderabad,Zara,Apparel,0
T04219,C0422,4299.36,2026-08-09 14:25:00,Bengaluru,Myntra,E-commerce,0
T07439,C0744,5536.25,2026-08-09 14:27:00,Hyderabad,Zara,Apparel,0
T09649,C0965,3477.28,2026-08-09 14:28:00,Chennai,Amazon,E-commerce,0
T01119,C0112,2212.26,2026-08-09 14:28:00,Pune,Burger King,Restaurant,0
T07329,C0733,6047.27,2026-08-09 14:28:00,Goa,Myntra,E-commerce,0
T09499,C0950,2890.59,2026-08-09 14:29:00,Bengaluru,Myntra,E-commerce,0
T04039,C0404,1883.9,2026-08-09 14:30:00,Chennai,Flipkart,E-commerce,0
T02999,C0300,3709.7,2026-08-09 14:30:00,Mumbai,Flipkart,E-commerce,0
T06039,C0604,4246.5,2026-08-09 14:31:00,Bengaluru,,Restaurant,0
T01549,C0155,3247.03,2026-08-09 14:32:00,Chennai,Big Chill,Restaurant,0
T07579,C0758,1308.09,2026-08-09 14:32:00,Bengaluru,Max,Apparel,0
T04739,C0474,868.48,2026-08-09 14:33:00,Kolkata,Big Chill,Restaurant,0
T00109,C0011,415.11,2026-08-09 14:33:00,Mumbai,Myntra,E-commerce,0
T02879,C0288,3231.55,2026-08-09 14:33:00,,Big Chill,Restaurant,0
T09909,C0991,1746.03,2026-08-09 14:34:00,Pune,Reliance,Retail,0
T00739,C0074,3798.08,2026-08-09 14:34:00,Chennai,Max,Apparel,0
T00719,C0072,1258.9,2026-08-09 14:35:00,Chennai,Burger King,Restaurant,0
T08669,C0867,6007.03,2026-08-09 14:35:00,Hyderabad,Myntra,E-commerce,0
T06449,C0645,861.55,2026-08-09 14:35:00,Mumbai,Myntra,E-commerce,0
T00069,C0007,542.99,2026-08-09 14:36:00,Mumbai,Reliance,Retail,0
T07899,C0790,3944.89,2026-08-09 14:36:00,Mumbai,Amazon,E-commerce,0
T02659,C0266,3201.31,2026-08-09 14:36:00,Bengaluru,Myntra,E-commerce,0
T08519,C0852,2424.23,2026-08-09 14:36:00,Hyderabad,Max,Apparel,0
T03719,C0372,2290.54,2026-08-09 14:36:00,Delhi,,Retail,0
T09099,C0910,654.86,2026-08-09 14:37:00,Delhi,Reliance,Retail,0
T01889,C0189,4210.18,2026-08-09 14:37:00,Kolkata,Max,Apparel,0
T02889,C0289,2336.81,2026-08-09 14:38:00,Delhi,H&M,Apparel,0
T07299,C0730,3355.19,2026-08-09 14:40:00,Delhi,H&M,Apparel,0
T04099,C0410,3552.16,2026-08-09 14:41:00,Pune,Zara,Apparel,0
T07979,C0798,2686.19,2026-08-09 14:42:00,Goa,Reliance,Retail,0
T09619,C0962,2165.86,2026-08-09 14:43:00,Hyderabad,Reliance,Retail,0
T00969,C0097,2234.67,2026-08-09 14:43:00,Mumbai,Amazon,E-commerce,0
T01019,C0102,6982.11,2026-08-09 14:43:00,Hyderabad,Myntra,E-commerce,0
T04379,C0438,2103.41,2026-08-09 14:45:00,Pune,Burger King,Restaurant,0
T04789,C0479,513.26,2026-08-09 14:45:00,Kolkata,Max,Apparel,0
T04829,C0483,2676.46,2026-08-09 14:46:00,Pune,Amazon,E-commerce,0
T02569,C0257,5531.47,2026-08-09 14:46:00,Hyderabad,Reliance,Retail,0
T08719,C0872,972.68,2026-08-09 14:47:00,Goa,Big Chill,Restaurant,0
T01849,C0185,2291.18,2026-08-09 14:48:00,Bengaluru,Zara,Apparel,0
T06069,C0607,2087.72,2026-08-09 14:48:00,Chennai,Burger King,Restaurant,0
T09799,C0980,2343.22,2026-08-09 14:49:00,Hyderabad,Flipkart,E-commerce,0
T05669,C0567,4236.75,2026-08-09 14:49:00,Mumbai,Spar,Grocery,0
T09989,C0999,2109.74,2026-08-09 14:52:00,Kolkata,,Restaurant,0
T08229,C0823,2189.97,2026-08-09 14:54:00,Chennai,Max,Apparel,0
T04429,C0443,1627.32,2026-08-09 14:54:00,Goa,Burger King,Restaurant,0
T01539,C0154,4029.61,2026-08-09 14:55:00,Mumbai,H&M,Apparel,0
T00559,C0056,4817.58,2026-08-09 14:57:00,Mumbai,Amazon,E-commerce,0
T07359,C0736,3292.8,2026-08-09 14:57:00,Pune,Zara,Apparel,0
T00519,C0052,1686.94,2026-08-09 14:59:00,Kolkata,Zara,Apparel,0
T07149,C0715,3760.06,2026-08-09 14:59:00,Chennai,Zara,Apparel,0
T00039,C0004,3151.48,2026-08-09 15:00:00,Delhi,Big Chill,Restaurant,0
T00609,C0061,1214.53,2026-08-09 15:01:00,Mumbai,Myntra,E-commerce,0
T03439,C0344,1285.54,2026-08-09 15:01:00,Hyderabad,Amazon,E-commerce,0
T04089,C0409,5408.54,2026-08-09 15:03:00,Pune,Flipkart,E-commerce,0
T06969,C0697,3373.76,2026-08-09 15:05:00,Chennai,Zara,Apparel,0
T01159,C0116,723.63,2026-08-09 15:05:00,Chennai,Reliance,Retail,0
T01459,C0146,2836.75,2026-08-09 15:07:00,Bengaluru,,Apparel,0
T02209,C0221,1126.28,2026-08-09 15:09:00,Hyderabad,H&M,Apparel,0
T02649,C0265,1788.19,2026-08-09 15:09:00,Delhi,Amazon,E-commerce,0
T01699,C0170,4113.98,2026-08-09 15:09:00,Kolkata,Big Chill,Restaurant,0
T08789,C0879,2978.44,2026-08-09 15:09:00,Hyderabad,H&M,Apparel,0
T06199,C0620,2756.69,2026-08-09 15:13:00,Delhi,Flipkart,E-commerce,0
T04979,C0498,1924.8,2026-08-09 15:13:00,Chennai,Burger King,Restaurant,0
T03689,C0369,727.64,2026-08-09 15:13:00,Bengaluru,Zara,Apparel,0
T00149,C0015,2858.79,2026-08-09 15:15:00,Goa,H&M,Apparel,0
T06369,C0637,3438.83,2026-08-09 15:16:00,Pune,Burger King,Restaurant,0
T08429,C0843,6523.25,2026-08-09 15:16:00,Goa,Max,Apparel,0
T01809,C0181,3538.45,2026-08-09 15:18:00,Goa,Zara,Apparel,0
T01029,C0103,3347.95,2026-08-09 15:18:00,Chennai,Burger King,Restaurant,0
T06989,C0699,1555.72,2026-08-09 15:18:00,Kolkata,Big Chill,Restaurant,0
T03569,C0357,2256.01,2026-08-09 15:19:00,Mumbai,Zara,Apparel,0
T05399,C0540,3386.32,2026-08-09 15:19:00,Pune,Flipkart,E-commerce,0
T03369,C0337,5546.48,2026-08-09 15:20:00,Delhi,Reliance,Retail,0
T08289,C0829,3212.2,2026-08-09 15:21:00,Pune,Spar,Grocery,0
T07389,C0739,1869.67,2026-08-09 15:21:00,Bengaluru,Big Chill,Restaurant,0
T02339,C0234,4091.7,2026-08-09 15:23:00,Mumbai,Burger King,Restaurant,0
T09849,C0985,3255.35,2026-08-09 15:24:00,Kolkata,Max,Apparel,0
T05299,C0530,2443.75,2026-08-09 15:27:00,Pune,Flipkart,E-commerce,0
T01949,C0195,4029.92,2026-08-09 15:27:00,Hyderabad,Flipkart,E-commerce,0
T07669,C0767,1907.62,2026-08-09 15:27:00,Delhi,Spar,Grocery,0
T07879,C0788,815.6,2026-08-09 15:27:00,Kolkata,Amazon,E-commerce,0
T01389,C0139,2370.0,2026-08-09 15:28:00,Kolkata,Burger King,Restaurant,0
T08059,C0806,2382.82,2026-08-09 15:28:00,Pune,H&M,Apparel,0
T08219,C0822,713.97,2026-08-09 15:28:00,Kolkata,Flipkart,E-commerce,0
T01829,C0183,2624.25,2026-08-09 15:28:00,Kolkata,H&M,Apparel,0
T05309,C0531,5475.43,2026-08-09 15:29:00,Delhi,Zara,Apparel,0
T01449,C0145,5152.82,2026-08-09 15:29:00,Pune,Myntra,E-commerce,0
T06939,C0694,1450.39,2026-08-09 15:29:00,Mumbai,Burger King,Restaurant,0
T08699,C0870,2736.14,2026-08-09 15:31:00,Chennai,Max,Apparel,0
T05989,C0599,1146.12,2026-08-09 15:38:00,Pune,Reliance,Retail,0
T09539,C0954,2698.86,2026-08-09 15:39:00,Delhi,H&M,Apparel,0
T08079,C0808,1953.35,2026-08-09 15:40:00,Kolkata,Burger King,Restaurant,0
T07229,C0723,2149.1,2026-08-09 15:40:00,Bengaluru,H&M,Apparel,0
T08649,C0865,1159.62,2026-08-09 15:41:00,Delhi,Flipkart,E-commerce,0
T02329,C0233,2216.6,2026-08-09 15:41:00,Hyderabad,Spar,Grocery,0
T01179,C0118,3332.53,2026-08-09 15:41:00,Hyderabad,Big Chill,Restaurant,0
T07069,C0707,1048.97,2026-08-09 15:42:00,Mumbai,Spar,Grocery,0
T02929,C0293,2160.84,2026-08-09 15:43:00,Goa,Zara,Apparel,0
T05929,C0593,588.35,2026-08-09 15:44:00,Delhi,Big Chill,Restaurant,0
T06699,C0670,3484.7,2026-08-09 15:46:00,Pune,Spar,Grocery,0
T07449,C0745,1857.7,2026-08-09 15:46:00,Bengaluru,Spar,Grocery,0
T04299,C0430,3655.91,2026-08-09 15:47:00,Hyderabad,Myntra,E-commerce,0
T09429,C0943,2717.33,2026-08-09 15:47:00,,Big Chill,Restaurant,0
T07249,C0725,4555.7,2026-08-09 15:47:00,Bengaluru,Reliance,Retail,0
T01769,C0177,5702.84,2026-08-09 15:49:00,Goa,Reliance,Retail,0
T09199,C0920,1444.04,2026-08-09 15:50:00,Chennai,Big Chill,Restaurant,0
T01639,C0164,1326.65,2026-08-09 15:51:00,Kolkata,Big Chill,Restaurant,0
T06539,C0654,3966.42,2026-08-09 15:51:00,Delhi,H&M,Apparel,0
T08509,C0851,1082.56,2026-08-09 15:55:00,Hyderabad,Myntra,E-commerce,0
T03829,C0383,5052.81,2026-08-09 15:55:00,Pune,Amazon,E-commerce,0
T04399,C0440,4231.59,2026-08-09 15:56:00,,Myntra,E-commerce,0
T07479,C0748,979.05,2026-08-09 15:58:00,Bengaluru,Big Chill,Restaurant,0
T06669,C0667,641.15,2026-08-09 15:58:00,Pune,Burger King,Restaurant,0
T07829,C0783,2660.85,2026-08-09 15:58:00,Chennai,Flipkart,E-commerce,0
T07169,C0717,917.84,2026-08-09 15:59:00,Chennai,Reliance,Retail,0
T01069,C0107,777.94,2026-08-09 15:59:00,Mumbai,Max,Apparel,0
T00439,C0044,6149.46,2026-08-09 16:00:00,Kolkata,Reliance,Retail,0
T03579,C0358,5342.32,2026-08-09 16:04:00,Goa,H&M,Apparel,0
T07569,C0757,4413.1,2026-08-09 16:04:00,Kolkata,Reliance,Retail,0
T03849,C0385,2032.8,2026-08-09 16:05:00,Chennai,Spar,Grocery,0
T07649,C0765,4159.77,2026-08-09 16:05:00,Delhi,Spar,Grocery,0
T05389,C0539,671.84,2026-08-09 16:09:00,Chennai,H&M,Apparel,0
T04589,C0459,940.55,2026-08-09 16:09:00,Mumbai,Amazon,E-commerce,0
T06639,C0664,4306.71,2026-08-09 16:12:00,Pune,Amazon,E-commerce,0
T01189,C0119,5837.71,2026-08-09 16:13:00,Bengaluru,Flipkart,E-commerce,0
T07289,C0729,1730.58,2026-08-09 16:14:00,Delhi,Amazon,E-commerce,0
T03889,C0389,972.04,2026-08-09 16:16:00,Chennai,H&M,Apparel,0
T09179,C0918,1292.78,2026-08-09 16:17:00,Mumbai,Flipkart,E-commerce,0
T02259,C0226,2607.44,2026-08-09 16:18:00,Hyderabad,Flipkart,E-commerce,0
T07199,C0720,925.44,2026-08-09 16:19:00,Kolkata,Max,Apparel,0
T06239,C0624,2413.27,2026-08-09 16:22:00,Pune,,E-commerce,0
T00659,C0066,1343.17,2026-08-09 16:22:00,Bengaluru,Spar,Grocery,0
T02859,C0286,2187.29,2026-08-09 16:23:00,Delhi,Zara,Apparel,0
T07699,C0770,4958.11,2026-08-09 16:24:00,Kolkata,Flipkart,E-commerce,0
T02969,C0297,703.48,2026-08-09 16:24:00,Hyderabad,Max,Apparel,0
T05179,C0518,3475.02,2026-08-09 16:24:00,Bengaluru,Flipkart,E-commerce,0
T06309,C0631,2565.46,2026-08-09 16:25:00,Mumbai,Spar,Grocery,0
T01569,C0157,4140.19,2026-08-09 16:26:00,Pune,Max,Apparel,0
T07019,C0702,2342.11,2026-08-09 16:27:00,Mumbai,Big Chill,Restaurant,0
T08859,C0886,761.22,2026-08-09 16:27:00,,Reliance,Retail,0
T00499,C0050,4397.52,2026-08-09 16:27:00,Chennai,Big Chill,Restaurant,0
T00789,C0079,1637.82,2026-08-09 16:29:00,Hyderabad,Amazon,E-commerce,0
T01779,C0178,4000.99,2026-08-09 16:30:00,Delhi,,Apparel,0
T02729,C0273,820.13,2026-08-09 16:31:00,Hyderabad,Amazon,E-commerce,0
T02499,C0250,2833.79,2026-08-09 16:32:00,Chennai,Spar,Grocery,0
T05579,C0558,2347.76,2026-08-09 16:33:00,Chennai,Myntra,E-commerce,0
T02629,C0263,2888.88,2026-08-09 16:35:00,Pune,Spar,Grocery,0
T00689,C0069,4899.57,2026-08-09 16:36:00,Goa,Max,Apparel,0
T02589,C0259,4417.05,2026-08-09 16:36:00,Delhi,Flipkart,E-commerce,0
T05429,C0543,1829.91,2026-08-09 16:36:00,Hyderabad,H&M,Apparel,0
T03109,C0311,671.03,2026-08-09 16:36:00,Bengaluru,Flipkart,E-commerce,0
T03509,C0351,2329.25,2026-08-09 16:37:00,Goa,Spar,Grocery,0
T08329,C0833,887.73,2026-08-09 16:38:00,Mumbai,Amazon,E-commerce,0
T03949,C0395,4808.74,2026-08-09 16:40:00,Hyderabad,Zara,Apparel,0
T02229,C0223,4452.53,2026-08-09 16:41:00,Bengaluru,Amazon,E-commerce,0
T04469,C0447,3403.86,2026-08-09 16:41:00,Bengaluru,Max,Apparel,0
T09449,C0945,2317.2,2026-08-09 16:42:00,Bengaluru,Myntra,E-commerce,0
T07799,C0780,3333.46,2026-08-09 16:42:00,Goa,Reliance,Retail,0
T03299,C0330,2207.92,2026-08-09 16:43:00,Hyderabad,Reliance,Retail,0
T06559,C0656,421.65,2026-08-09 16:43:00,Mumbai,Burger King,Restaurant,0
T04609,C0461,2278.43,2026-08-09 16:43:00,Pune,Max,Apparel,0
T06439,C0644,2135.6,2026-08-09 16:44:00,,Max,Apparel,0
T00289,C0029,3433.74,2026-08-09 16:45:00,Delhi,Burger King,Restaurant,0
T02899,C0290,2991.98,2026-08-09 16:49:00,Kolkata,Reliance,Retail,0
T06319,C0632,4492.02,2026-08-09 16:50:00,Bengaluru,Myntra,E-commerce,0
T09459,C0946,6422.12,2026-08-09 16:52:00,Hyderabad,Myntra,E-commerce,0
T01659,C0166,3882.33,2026-08-09 16:52:00,Delhi,Zara,Apparel,0
T02149,C0215,4825.31,2026-08-09 16:52:00,Goa,Flipkart,E-commerce,0
T08579,C0858,3607.0,2026-08-09 16:53:00,Mumbai,Big Chill,Restaurant,0
T01689,C0169,5156.59,2026-08-09 16:54:00,Kolkata,Myntra,E-commerce,0
T06829,C0683,1881.87,2026-08-09 16:54:00,Delhi,Amazon,E-commerce,0
T07759,C0776,4946.01,2026-08-09 16:54:00,Mumbai,Amazon,E-commerce,0
T06129,C0613,4135.61,2026-08-09 16:55:00,Goa,Myntra,E-commerce,0
T05509,C0551,1266.74,2026-08-09 16:55:00,Pune,Reliance,Retail,0
T05219,C0522,1357.03,2026-08-09 16:56:00,Hyderabad,Amazon,E-commerce,0
T00989,C0099,5789.04,2026-08-09 16:57:00,Mumbai,Flipkart,E-commerce,0
T01269,C0127,2323.27,2026-08-09 16:58:00,Bengaluru,Amazon,E-commerce,0
T03879,C0388,4895.86,2026-08-09 16:58:00,Bengaluru,Big Chill,Restaurant,0
T07509,C0751,3177.74,2026-08-09 17:00:00,Bengaluru,Flipkart,E-commerce,0
T06299,C0630,2804.68,2026-08-09 17:01:00,Mumbai,Spar,Grocery,0
T09279,C0928,5553.65,2026-08-09 17:02:00,Bengaluru,H&M,Apparel,0
T03539,C0354,1365.9,2026-08-09 17:03:00,Kolkata,Burger King,Restaurant,0
T04439,C0444,5083.35,2026-08-09 17:04:00,Pune,Flipkart,E-commerce,0
T08309,C0831,1608.02,2026-08-09 17:04:00,Hyderabad,Big Chill,Restaurant,0
T08999,C0900,2112.99,2026-08-09 17:05:00,Goa,Spar,Grocery,0
T03729,C0373,3270.37,2026-08-09 17:07:00,Bengaluru,Big Chill,Restaurant,0
T08709,C0871,4177.94,2026-08-09 17:08:00,Bengaluru,Amazon,E-commerce,0
T04939,C0494,3374.25,2026-08-09 17:09:00,Mumbai,Max,Apparel,0
T08479,C0848,4412.72,2026-08-09 17:12:00,Kolkata,,Apparel,0
T08189,C0819,1623.61,2026-08-09 17:12:00,Pune,H&M,Apparel,0
T03289,C0329,1193.06,2026-08-09 17:12:00,Hyderabad,Myntra,E-commerce,0
T04009,C0401,3500.08,2026-08-09 17:12:00,Delhi,Flipkart,E-commerce,0
T03379,C0338,3508.77,2026-08-09 17:13:00,Hyderabad,Zara,Apparel,0
T01629,C0163,538.56,2026-08-09 17:13:00,Goa,Big Chill,Restaurant,0
T01439,C0144,5035.21,2026-08-09 17:13:00,,H&M,Apparel,0
T07949,C0795,2995.22,2026-08-09 17:14:00,Goa,Max,Apparel,0
T06729,C0673,1759.4,2026-08-09 17:14:00,Kolkata,Amazon,E-commerce,0
T03609,C0361,4149.73,2026-08-09 17:15:00,Goa,Zara,Apparel,0
T05119,C0512,618.23,2026-08-09 17:16:00,Mumbai,Max,Apparel,0
T09269,C0927,3491.65,2026-08-09 17:16:00,Bengaluru,Spar,Grocery,0
T01479,C0148,821.75,2026-08-09 17:16:00,Bengaluru,Zara,Apparel,0
T00599,C0060,2706.41,2026-08-09 17:16:00,Hyderabad,Reliance,Retail,0
T03589,C0359,4420.58,2026-08-09 17:16:00,Pune,Big Chill,Restaurant,0
T08849,C0885,1880.83,2026-08-09 17:17:00,Kolkata,Reliance,Retail,0
T06009,C0601,2329.95,2026-08-09 17:17:00,Pune,Flipkart,E-commerce,0
T08109,C0811,1776.94,2026-08-09 17:19:00,Pune,Myntra,E-commerce,0
T01799,C0180,6821.88,2026-08-09 17:19:00,Pune,Burger King,Restaurant,0
T03309,C0331,924.09,2026-08-09 17:21:00,Goa,Spar,Grocery,0
T08209,C0821,2390.47,2026-08-09 17:21:00,Kolkata,Flipkart,E-commerce,0
T00419,C0042,2401.68,2026-08-09 17:22:00,Pune,Amazon,E-commerce,0
T04859,C0486,1542.81,2026-08-09 17:22:00,Kolkata,,E-commerce,0
T09999,C1000,3868.3,2026-08-09 17:23:00,Bengaluru,H&M,Apparel,0
T01369,C0137,2872.26,2026-08-09 17:24:00,Bengaluru,Reliance,Retail,0
T07409,C0741,2299.24,2026-08-09 17:24:00,Kolkata,Myntra,E-commerce,0
T03329,C0333,5233.18,2026-08-09 17:25:00,Mumbai,Zara,Apparel,0
T03649,C0365,1537.14,2026-08-09 17:26:00,,Myntra,E-commerce,0
T05339,C0534,4874.11,2026-08-09 17:26:00,,Burger King,Restaurant,0
T06899,C0690,3358.94,2026-08-09 17:26:00,Mumbai,Max,Apparel,0
T05679,C0568,3270.03,2026-08-09 17:27:00,Delhi,Flipkart,E-commerce,0
T09439,C0944,4951.31,2026-08-09 17:28:00,Delhi,Zara,Apparel,0
T04209,C0421,3329.13,2026-08-09 17:29:00,Kolkata,Spar,Grocery,0
T07659,C0766,2992.98,2026-08-09 17:30:00,Hyderabad,H&M,Apparel,0
T08239,C0824,2034.39,2026-08-09 17:30:00,Goa,Reliance,Retail,0
T02479,C0248,1838.66,2026-08-09 17:31:00,Pune,Big Chill,Restaurant,0
T04279,C0428,1049.35,2026-08-09 17:31:00,Bengaluru,Spar,Grocery,0
T00669,C0067,3806.44,2026-08-09 17:31:00,Bengaluru,Reliance,Retail,0
T03659,C0366,3540.76,2026-08-09 17:32:00,Goa,Reliance,Retail,0
T08069,C0807,2251.99,2026-08-09 17:34:00,Mumbai,Reliance,Retail,0
T02469,C0247,2120.87,2026-08-09 17:35:00,,H&M,Apparel,0
T05749,C0575,5541.44,2026-08-09 17:36:00,Bengaluru,Burger King,Restaurant,0
T08729,C0873,1440.94,2026-08-09 17:38:00,Mumbai,H&M,Apparel,0
T09869,C0987,776.06,2026-08-09 17:39:00,Mumbai,Myntra,E-commerce,0
T07789,C0779,2696.65,2026-08-09 17:39:00,Chennai,Zara,Apparel,0
T01469,C0147,1393.0,2026-08-09 17:40:00,Hyderabad,Max,Apparel,0
T07589,C0759,1424.77,2026-08-09 17:41:00,Hyderabad,Max,Apparel,0
T09259,C0926,1291.57,2026-08-09 17:41:00,Chennai,Big Chill,Restaurant,0
T05839,C0584,1513.89,2026-08-09 17:41:00,Bengaluru,H&M,Apparel,0
T08199,C0820,952.14,2026-08-09 17:42:00,Chennai,Myntra,E-commerce,0
T02579,C0258,4945.13,2026-08-09 17:43:00,Pune,Myntra,E-commerce,0
T01819,C0182,3212.32,2026-08-09 17:43:00,Bengaluru,H&M,Apparel,0
T02639,C0264,1717.56,2026-08-09 17:45:00,Hyderabad,Reliance,Retail,0
T07839,C0784,4968.59,2026-08-09 17:45:00,Pune,H&M,Apparel,0
T08689,C0869,2170.58,2026-08-09 17:46:00,Delhi,H&M,Apparel,0
T04779,C0478,1020.77,2026-08-09 17:46:00,Hyderabad,Flipkart,E-commerce,0
T09719,C0972,3048.75,2026-08-09 17:47:00,Hyderabad,Zara,Apparel,0
T01409,C0141,3812.78,2026-08-09 17:47:00,Hyderabad,Spar,Grocery,0
T04369,C0437,3642.11,2026-08-09 17:48:00,Bengaluru,Spar,Grocery,0
T07739,C0774,795.65,2026-08-09 17:48:00,Goa,Big Chill,Restaurant,0
T01289,C0129,394.67,2026-08-09 17:48:00,Hyderabad,,Retail,0
T07259,C0726,902.48,2026-08-09 17:49:00,Kolkata,Burger King,Restaurant,0
T05209,C0521,2326.49,2026-08-09 17:49:00,Chennai,Burger King,Restaurant,0
T09299,C0930,2850.84,2026-08-09 17:52:00,Bengaluru,Spar,Grocery,0
T07139,C0714,2086.69,2026-08-09 17:53:00,Bengaluru,Max,Apparel,0
T01359,C0136,1048.43,2026-08-09 17:56:00,Pune,Spar,Grocery,0
T00199,C0020,2205.89,2026-08-09 17:57:00,Bengaluru,Big Chill,Restaurant,0
T08029,C0803,612.6,2026-08-09 17:59:00,Delhi,Burger King,Restaurant,0
T08919,C0892,1800.64,2026-08-09 18:00:00,Kolkata,Spar,Grocery,0
T08639,C0864,3750.17,2026-08-09 18:00:00,,Spar,Grocery,0
T00369,C0037,3212.5,2026-08-09 18:01:00,Delhi,Myntra,E-commerce,0
T07239,C0724,2711.43,2026-08-09 18:01:00,Goa,Spar,Grocery,0
T04819,C0482,1225.92,2026-08-09 18:01:00,Bengaluru,H&M,Apparel,0
T02939,C0294,2423.56,2026-08-09 18:02:00,Hyderabad,Big Chill,Restaurant,0
T06349,C0635,1842.46,2026-08-09 18:04:00,Hyderabad,,E-commerce,0
T08449,C0845,607.64,2026-08-09 18:07:00,Bengaluru,Amazon,E-commerce,0
T05649,C0565,424.89,2026-08-09 18:07:00,Bengaluru,Flipkart,E-commerce,0
T03019,C0302,1417.07,2026-08-09 18:10:00,Kolkata,Burger King,Restaurant,0
T07809,C0781,878.35,2026-08-09 18:10:00,Bengaluru,Burger King,Restaurant,0
T08819,C0882,2741.61,2026-08-09 18:12:00,Hyderabad,Amazon,E-commerce,0
T00929,C0093,4132.54,2026-08-09 18:12:00,Kolkata,Reliance,Retail,0
T00859,C0086,1759.71,2026-08-09 18:12:00,Pune,Myntra,E-commerce,0
T08979,C0898,3329.98,2026-08-09 18:12:00,Kolkata,Reliance,Retail,0
T01979,C0198,4553.85,2026-08-09 18:12:00,Goa,,E-commerce,0
T05589,C0559,1265.66,2026-08-09 18:12:00,Chennai,Max,Apparel,0
T03739,C0374,4568.22,2026-08-09 18:14:00,,Zara,Apparel,0
T05129,C0513,2143.11,2026-08-09 18:18:00,Chennai,Amazon,E-commerce,0
T09859,C0986,2461.66,2026-08-09 18:19:00,Chennai,Big Chill,Restaurant,0
T05379,C0538,3219.33,2026-08-09 18:19:00,Delhi,Spar,Grocery,0
T04669,C0467,1754.06,2026-08-09 18:20:00,,Burger King,Restaurant,0
T03629,C0363,4770.58,2026-08-09 18:21:00,Chennai,Max,Apparel,0
T08799,C0880,2395.49,2026-08-09 18:22:00,Bengaluru,Spar,Grocery,0
T02509,C0251,871.23,2026-08-09 18:25:00,Kolkata,Big Chill,Restaurant,0
T00729,C0073,2145.27,2026-08-09 18:25:00,Hyderabad,Spar,Grocery,0
T09029,C0903,2943.25,2026-08-09 18:26:00,Delhi,Burger King,Restaurant,0
T08609,C0861,365.74,2026-08-09 18:27:00,Goa,Burger King,Restaurant,0
T06499,C0650,4187.0,2026-08-09 18:28:00,Pune,Flipkart,E-commerce,0
T09519,C0952,913.88,2026-08-09 18:28:00,Kolkata,Zara,Apparel,0
T07339,C0734,3065.87,2026-08-09 18:28:00,Hyderabad,Zara,Apparel,0
T02039,C0204,2160.25,2026-08-09 18:28:00,Bengaluru,Burger King,Restaurant,0
T09889,C0989,3773.36,2026-08-09 18:29:00,Kolkata,Flipkart,E-commerce,0
T07349,C0735,1263.59,2026-08-09 18:30:00,Delhi,H&M,Apparel,0
T02299,C0230,2080.2,2026-08-09 18:31:00,Hyderabad,Amazon,E-commerce,0
T00469,C0047,2995.13,2026-08-09 18:34:00,Bengaluru,Flipkart,E-commerce,0
T08599,C0860,2103.25,2026-08-09 18:34:00,Mumbai,Big Chill,Restaurant,0
T01579,C0158,726.69,2026-08-09 18:35:00,Pune,Spar,Grocery,0
T07399,C0740,3789.14,2026-08-09 18:36:00,Chennai,Spar,Grocery,0
T02059,C0206,6327.97,2026-08-09 18:36:00,Kolkata,Burger King,Restaurant,0
T03129,C0313,4841.3,2026-08-09 18:38:00,Mumbai,Burger King,Restaurant,0
T04839,C0484,5093.19,2026-08-09 18:38:00,Kolkata,Burger King,Restaurant,0
T05069,C0507,464.87,2026-08-09 18:40:00,Hyderabad,Zara,Apparel,0
T06159,C0616,1560.45,2026-08-09 18:40:00,Delhi,Max,Apparel,0
T08539,C0854,6557.68,2026-08-09 18:40:00,Pune,Spar,Grocery,0
T07549,C0755,1616.81,2026-08-09 18:41:00,Hyderabad,Reliance,Retail,0
T09409,C0941,4004.2,2026-08-09 18:41:00,Pune,Spar,Grocery,0
T07959,C0796,6441.72,2026-08-09 18:44:00,Chennai,Flipkart,E-commerce,0
T01989,C0199,1836.07,2026-08-09 18:44:00,Delhi,Big Chill,Restaurant,0
T02609,C0261,1097.62,2026-08-09 18:44:00,Delhi,Big Chill,Restaurant,0
T05869,C0587,5703.33,2026-08-09 18:45:00,,Max,Apparel,0
T02179,C0218,2711.21,2026-08-09 18:47:00,Pune,Amazon,E-commerce,0
T00269,C0027,2676.27,2026-08-09 18:47:00,,Zara,Apparel,0
T04949,C0495,1799.85,2026-08-09 18:49:00,Pune,Spar,Grocery,0
T04869,C0487,5991.66,2026-08-09 18:49:00,Delhi,,Apparel,0
T04539,C0454,5033.43,2026-08-09 18:51:00,Goa,Myntra,E-commerce,0
T04359,C0436,1888.63,2026-08-09 18:52:00,Mumbai,Big Chill,Restaurant,0
T06739,C0674,1069.24,2026-08-09 18:52:00,Mumbai,Amazon,E-commerce,0
T06179,C0618,5683.32,2026-08-09 18:54:00,Kolkata,Flipkart,E-commerce,0
T02809,C0281,2031.24,2026-08-09 18:54:00,Goa,,Apparel,0
T09769,C0977,4617.41,2026-08-09 18:55:00,Hyderabad,Zara,Apparel,0
T07459,C0746,2817.5,2026-08-09 18:55:00,Goa,Amazon,E-commerce,0
T02419,C0242,3372.41,2026-08-09 18:57:00,,Burger King,Restaurant,0
T08749,C0875,1046.64,2026-08-09 18:59:00,Goa,Reliance,Retail,0
T01259,C0126,1612.7,2026-08-09 19:00:00,Mumbai,H&M,Apparel,0
T01199,C0120,3813.7,2026-08-09 19:00:00,Delhi,,Apparel,0
T08279,C0828,4066.43,2026-08-09 19:00:00,Hyderabad,Myntra,E-commerce,0
T08489,C0849,4285.03,2026-08-09 19:01:00,Hyderabad,Reliance,Retail,0
T05709,C0571,4657.61,2026-08-09 19:03:00,Mumbai,Spar,Grocery,0
T09579,C0958,980.38,2026-08-09 19:04:00,Pune,H&M,Apparel,0
T04319,C0432,4801.35,2026-08-09 19:04:00,Chennai,Max,Apparel,0
T09689,C0969,2626.13,2026-08-09 19:04:00,Hyderabad,Max,Apparel,0
T06649,C0665,2124.15,2026-08-09 19:05:00,Hyderabad,Spar,Grocery,0
T03489,C0349,4331.18,2026-08-09 19:05:00,Chennai,Myntra,E-commerce,0
T03469,C0347,4732.74,2026-08-09 19:08:00,Goa,Burger King,Restaurant,0
T07039,C0704,896.82,2026-08-09 19:12:00,Chennai,Max,Apparel,0
T08679,C0868,1501.71,2026-08-09 19:12:00,Mumbai,Myntra,E-commerce,0
T08409,C0841,3830.4,2026-08-09 19:14:00,Pune,Spar,Grocery,0
T08399,C0840,594.44,2026-08-09 19:14:00,Delhi,Burger King,Restaurant,0
T03349,C0335,2404.81,2026-08-09 19:14:00,Bengaluru,Burger King,Restaurant,0
T01309,C0131,1748.35,2026-08-09 19:15:00,Chennai,Zara,Apparel,0
T04679,C0468,980.25,2026-08-09 19:15:00,Pune,Burger King,Restaurant,0
T06019,C0602,5934.17,2026-08-09 19:15:00,Bengaluru,Zara,Apparel,0
T02429,C0243,3460.69,2026-08-09 19:16:00,Chennai,Myntra,E-commerce,0
T03959,C0396,1727.61,2026-08-09 19:16:00,Goa,Max,Apparel,0
T09039,C0904,752.48,2026-08-09 19:18:00,Pune,,Apparel,0
T09469,C0947,3867.77,2026-08-09 19:18:00,Kolkata,Amazon,E-commerce,0
T05269,C0527,761.25,2026-08-09 19:20:00,Hyderabad,Spar,Grocery,0
T08039,C0804,2890.71,2026-08-09 19:23:00,Kolkata,Burger King,Restaurant,0
T00549,C0055,3771.41,2026-08-09 19:24:00,Mumbai,Big Chill,Restaurant,0
T06169,C0617,2893.47,2026-08-09 19:24:00,Delhi,Max,Apparel,0
T01709,C0171,2463.77,2026-08-09 19:25:00,Hyderabad,Spar,Grocery,0
T08159,C0816,4137.62,2026-08-09 19:26:00,Hyderabad,Max,Apparel,0
T04339,C0434,1497.07,2026-08-09 19:28:00,Pune,Zara,Apparel,0
T07639,C0764,2449.14,2026-08-09 19:28:00,Chennai,Amazon,E-commerce,0
T05149,C0515,1346.46,2026-08-09 19:28:00,Mumbai,Myntra,E-commerce,0
T09149,C0915,878.57,2026-08-09 19:30:00,Mumbai,Reliance,Retail,0
T04769,C0477,1874.99,2026-08-09 19:30:00,Pune,Burger King,Restaurant,0
T04119,C0412,1312.11,2026-08-09 19:30:00,Bengaluru,Big Chill,Restaurant,0
T08499,C0850,2301.54,2026-08-09 19:30:00,Goa,Big Chill,Restaurant,0
T00479,C0048,557.83,2026-08-09 19:30:00,Mumbai,Reliance,Retail,0
T01739,C0174,4662.64,2026-08-09 19:31:00,Mumbai,Amazon,E-commerce,0
T00679,C0068,2890.83,2026-08-09 19:31:00,Chennai,Spar,Grocery,0
T02389,C0239,1468.33,2026-08-09 19:32:00,Delhi,Max,Apparel,0
T05739,C0574,1025.78,2026-08-09 19:33:00,Goa,Myntra,E-commerce,0
T09629,C0963,1844.51,2026-08-09 19:33:00,Kolkata,,Restaurant,0
T01879,C0188,1612.23,2026-08-09 19:33:00,Chennai,Amazon,E-commerce,0
T00009,C0001,480.65,2026-08-09 19:34:00,Mumbai,Big Chill,Restaurant,0
T00299,C0030,3087.21,2026-08-09 19:37:00,Hyderabad,Amazon,E-commerce,0
T09059,C0906,3501.47,2026-08-09 19:37:00,Pune,Burger King,Restaurant,0
T09049,C0905,2000.36,2026-08-09 19:38:00,,Reliance,Retail,0
T07129,C0713,2881.52,2026-08-09 19:40:00,Mumbai,Big Chill,Restaurant,0
T01209,C0121,5237.85,2026-08-09 19:43:00,Delhi,Amazon,E-commerce,0
T08559,C0856,3361.52,2026-08-09 19:44:00,Hyderabad,Myntra,E-commerce,0
T02789,C0279,2690.32,2026-08-09 19:45:00,Pune,Flipkart,E-commerce,0
T05539,C0554,3571.72,2026-08-09 19:45:00,Chennai,Spar,Grocery,0
T00879,C0088,2561.02,2026-08-09 19:46:00,Chennai,Flipkart,E-commerce,0
T01909,C0191,5831.78,2026-08-09 19:47:00,Mumbai,Flipkart,E-commerce,0
T09589,C0959,767.75,2026-08-09 19:47:00,Pune,Spar,Grocery,0
T00649,C0065,2321.43,2026-08-09 19:47:00,Goa,Max,Apparel,0
T03009,C0301,2497.81,2026-08-09 19:48:00,Delhi,Spar,Grocery,0
T07749,C0775,5234.61,2026-08-09 19:48:00,Bengaluru,Amazon,E-commerce,0
T06839,C0684,6623.73,2026-08-09 19:48:00,Mumbai,Flipkart,E-commerce,0
T02089,C0209,3655.92,2026-08-09 19:48:00,Delhi,Amazon,E-commerce,0
T04809,C0481,505.03,2026-08-09 19:48:00,Goa,H&M,Apparel,0
T09319,C0932,5149.21,2026-08-09 19:48:00,Kolkata,H&M,Apparel,0
T07489,C0749,3240.3,2026-08-09 19:48:00,,H&M,Apparel,0
T01169,C0117,1259.9,2026-08-09 19:49:00,Bengaluru,Spar,Grocery,0
T03169,C0317,1101.93,2026-08-09 19:50:00,Delhi,Spar,Grocery,0
T05699,C0570,1323.73,2026-08-09 19:51:00,Delhi,Reliance,Retail,0
T02919,C0292,2361.75,2026-08-09 19:53:00,,Flipkart,E-commerce,0
T07429,C0743,2285.25,2026-08-09 19:55:00,Bengaluru,Reliance,Retail,0
T09309,C0931,2253.99,2026-08-09 19:56:00,Goa,Reliance,Retail,0
T09129,C0913,4126.16,2026-08-09 19:56:00,Pune,Myntra,E-commerce,0
T00279,C0028,1507.72,2026-08-09 19:57:00,Pune,,E-commerce,0
T00139,C0014,3533.81,2026-08-09 19:57:00,,H&M,Apparel,0
T03159,C0316,849.32,2026-08-09 19:57:00,Hyderabad,H&M,Apparel,0
T07009,C0701,1356.91,2026-08-09 19:59:00,Pune,Max,Apparel,0
T09509,C0951,3343.8,2026-08-09 20:01:00,Pune,Amazon,E-commerce,0
T09929,C0993,578.17,2026-08-09 20:03:00,Delhi,Reliance,Retail,0
T09189,C0919,6410.51,2026-08-09 20:06:00,Delhi,Big Chill,Restaurant,0
T02599,C0260,2112.42,2026-08-09 20:07:00,Goa,Spar,Grocery,0
T05639,C0564,1778.86,2026-08-09 20:07:00,Kolkata,Amazon,E-commerce,0
T07049,C0705,846.09,2026-08-09 20:08:00,Kolkata,Burger King,Restaurant,0
T09479,C0948,1285.26,2026-08-09 20:12:00,Goa,Flipkart,E-commerce,0
T08119,C0812,3545.12,2026-08-09 20:12:00,Delhi,Big Chill,Restaurant,0
T05819,C0582,2947.96,2026-08-09 20:13:00,Hyderabad,H&M,Apparel,0
T08909,C0891,2698.95,2026-08-09 20:14:00,Pune,Zara,Apparel,0
T02549,C0255,2048.26,2026-08-09 20:14:00,Bengaluru,Reliance,Retail,0
T03979,C0398,2540.85,2026-08-09 20:16:00,Kolkata,Amazon,E-commerce,0
T02129,C0213,690.37,2026-08-09 20:17:00,Kolkata,Burger King,Restaurant,0
T08989,C0899,3239.83,2026-08-09 20:17:00,Bengaluru,Flipkart,E-commerce,0
T00409,C0041,1984.35,2026-08-09 20:17:00,Goa,Myntra,E-commerce,0
T00939,C0094,3954.81,2026-08-09 20:17:00,Bengaluru,Spar,Grocery,0
T00249,C0025,3376.42,2026-08-09 20:18:00,Bengaluru,,Retail,0
T06659,C0666,1684.26,2026-08-09 20:20:00,Hyderabad,Spar,Grocery,0
T09219,C0922,2448.25,2026-08-09 20:20:00,Mumbai,Burger King,Restaurant,0
T07559,C0756,524.29,2026-08-09 20:20:00,Kolkata,,E-commerce,0
T05599,C0560,3159.82,2026-08-09 20:23:00,Goa,H&M,Apparel,0
T02669,C0267,2306.32,2026-08-09 20:24:00,Chennai,Reliance,Retail,0
T03789,C0379,5408.65,2026-08-09 20:24:00,,Flipkart,E-commerce,0
T05139,C0514,3097.81,2026-08-09 20:26:00,Bengaluru,Max,Apparel,0
T00259,C0026,1620.8,2026-08-09 20:26:00,Chennai,Zara,Apparel,0
T09159,C0916,1051.0,2026-08-09 20:26:00,Delhi,Big Chill,Restaurant,0
T08839,C0884,1518.07,2026-08-09 20:26:00,Hyderabad,Spar,Grocery,0
T02689,C0269,431.52,2026-08-09 20:27:00,Bengaluru,Amazon,E-commerce,0
T06619,C0662,3925.72,2026-08-09 20:28:00,Bengaluru,Amazon,E-commerce,0
T04109,C0411,1697.71,2026-08-09 20:29:00,Kolkata,Zara,Apparel,0
T00639,C0064,2612.62,2026-08-09 20:30:00,Delhi,Zara,Apparel,0
T05549,C0555,2809.02,2026-08-09 20:30:00,Hyderabad,Amazon,E-commerce,0
T08139,C0814,4919.96,2026-08-09 20:30:00,Mumbai,Amazon,E-commerce,0
T00589,C0059,1321.14,2026-08-09 20:30:00,Bengaluru,Zara,Apparel,0
T02349,C0235,2737.35,2026-08-09 20:31:00,Pune,Myntra,E-commerce,0
T08179,C0818,4088.47,2026-08-09 20:31:00,Bengaluru,Big Chill,Restaurant,0
T04579,C0458,2828.11,2026-08-09 20:32:00,Chennai,H&M,Apparel,0
T08129,C0813,4761.85,2026-08-09 20:33:00,Kolkata,Big Chill,Restaurant,0
T08779,C0878,625.1,2026-08-09 20:33:00,Bengaluru,,E-commerce,0
T02949,C0295,1379.22,2026-08-09 20:33:00,Hyderabad,Big Chill,Restaurant,0
T03419,C0342,851.36,2026-08-09 20:34:00,Hyderabad,Myntra,E-commerce,0
T00809,C0081,3440.27,2026-08-09 20:35:00,Hyderabad,Spar,Grocery,0
T00839,C0084,2941.55,2026-08-09 20:35:00,Chennai,Big Chill,Restaurant,0
T07599,C0760,6392.74,2026-08-09 20:37:00,Hyderabad,Burger King,Restaurant,0
T03409,C0341,3077.63,2026-08-09 20:37:00,Chennai,Amazon,E-commerce,0
T05359,C0536,5449.82,2026-08-09 20:39:00,Delhi,Big Chill,Restaurant,0
T02409,C0241,3069.62,2026-08-09 20:39:00,Mumbai,Myntra,E-commerce,0
T07689,C0769,1125.6,2026-08-09 20:39:00,Goa,Myntra,E-commerce,0
T09339,C0934,3239.81,2026-08-09 20:40:00,Goa,,Retail,0
T00339,C0034,3178.61,2026-08-09 20:40:00,Chennai,Max,Apparel,0
T05349,C0535,3789.39,2026-08-09 20:40:00,Chennai,Flipkart,E-commerce,0
T05009,C0501,1032.31,2026-08-09 20:43:00,Pune,Spar,Grocery,0
T05019,C0502,630.78,2026-08-09 20:44:00,Bengaluru,Zara,Apparel,0
T07539,C0754,1592.33,2026-08-09 20:44:00,Hyderabad,Myntra,E-commerce,0
T06879,C0688,3096.06,2026-08-09 20:45:00,Chennai,Big Chill,Restaurant,0
T08369,C0837,3819.24,2026-08-09 20:45:00,Pune,H&M,Apparel,0
T09359,C0936,1339.06,2026-08-09 20:47:00,Mumbai,Amazon,E-commerce,0
T05109,C0511,950.24,2026-08-09 20:47:00,Chennai,Zara,Apparel,0
T05249,C0525,3415.49,2026-08-09 20:48:00,Hyderabad,Myntra,E-commerce,0
T04309,C0431,3472.03,2026-08-09 20:48:00,,Reliance,Retail,0
T01249,C0125,1863.6,2026-08-09 20:49:00,Bengaluru,Big Chill,Restaurant,0
T00429,C0043,3204.84,2026-08-09 20:50:00,Mumbai,Big Chill,Restaurant,0
T03969,C0397,5634.7,2026-08-09 20:50:00,Chennai,Zara,Apparel,0
T05559,C0556,2581.94,2026-08-09 20:52:00,Mumbai,,Apparel,0
T02829,C0283,3685.8,2026-08-09 20:53:00,Kolkata,Amazon,E-commerce,0
T04519,C0452,1025.71,2026-08-09 20:53:00,Chennai,Flipkart,E-commerce,0
T08899,C0890,4982.97,2026-08-09 20:53:00,Kolkata,Spar,Grocery,0
T04029,C0403,616.5,2026-08-09 20:57:00,Pune,Reliance,Retail,0
T09829,C0983,1098.58,2026-08-09 20:58:00,Bengaluru,Flipkart,E-commerce,0
T05529,C0553,4529.69,2026-08-09 20:59:00,Bengaluru,Spar,Grocery,0
T06629,C0663,1237.52,2026-08-09 20:59:00,Mumbai,H&M,Apparel,0
T03699,C0370,2589.53,2026-08-09 20:59:00,Bengaluru,Max,Apparel,0
T02449,C0245,977.66,2026-08-09 21:00:00,Mumbai,Burger King,Restaurant,0
T00019,C0002,5024.15,2026-08-09 21:00:00,Goa,Flipkart,E-commerce,0
T07269,C0727,5995.25,2026-08-09 21:00:00,Hyderabad,Reliance,Retail,0
T09389,C0939,2933.7,2026-08-09 21:01:00,Kolkata,Flipkart,E-commerce,0
T04749,C0475,5752.26,2026-08-09 21:01:00,Pune,Reliance,Retail,0
T08879,C0888,2760.29,2026-08-09 21:03:00,Mumbai,Amazon,E-commerce,0
T05479,C0548,1197.29,2026-08-09 21:03:00,Kolkata,Myntra,E-commerce,0
T01919,C0192,765.23,2026-08-09 21:05:00,Kolkata,Big Chill,Restaurant,0
T01609,C0161,3304.24,2026-08-09 21:07:00,Mumbai,Myntra,E-commerce,0
T07819,C0782,2954.37,2026-08-09 21:07:00,Pune,Spar,Grocery,0
T05499,C0550,2540.49,2026-08-09 21:07:00,Kolkata,Zara,Apparel,0
T05969,C0597,2585.81,2026-08-09 21:10:00,Delhi,Flipkart,E-commerce,0
T06769,C0677,4679.75,2026-08-09 21:10:00,Goa,Flipkart,E-commerce,0
T04899,C0490,2541.45,2026-08-09 21:10:00,Delhi,Myntra,E-commerce,0
T02909,C0291,3681.9,2026-08-09 21:11:00,Hyderabad,Max,Apparel,0
T00579,C0058,2772.83,2026-08-09 21:13:00,Hyderabad,H&M,Apparel,0
T06359,C0636,4911.73,2026-08-09 21:13:00,Delhi,Zara,Apparel,0
T09379,C0938,2921.11,2026-08-09 21:13:00,Bengaluru,Amazon,E-commerce,0
T06209,C0621,2374.36,2026-08-09 21:13:00,Mumbai,Reliance,Retail,0
T07849,C0785,511.97,2026-08-09 21:18:00,Delhi,Burger King,Restaurant,0
T04129,C0413,5658.8,2026-08-09 21:18:00,Chennai,Zara,Apparel,0
T06409,C0641,2973.03,2026-08-09 21:19:00,Goa,Amazon,E-commerce,0
T02759,C0276,360.78,2026-08-09 21:20:00,Chennai,Max,Apparel,0
T06749,C0675,718.44,2026-08-09 21:22:00,Kolkata,Spar,Grocery,0
T00229,C0023,3831.29,2026-08-09 21:22:00,Chennai,Burger King,Restaurant,0
T04139,C0414,5514.12,2026-08-09 21:23:00,Bengaluru,Spar,Grocery,0
T09669,C0967,5070.38,2026-08-09 21:23:00,,Amazon,E-commerce,0
T08659,C0866,2235.61,2026-08-09 21:23:00,Mumbai,Reliance,Retail,0
T02009,C0201,623.25,2026-08-09 21:24:00,,Myntra,E-commerce,0
T00129,C0013,1364.9,2026-08-09 21:24:00,Hyderabad,Zara,Apparel,0
T04249,C0425,5614.85,2026-08-09 21:25:00,Bengaluru,Burger King,Restaurant,0
T04479,C0448,1847.32,2026-08-09 21:25:00,Pune,Big Chill,Restaurant,0
T04489,C0449,2452.5,2026-08-09 21:26:00,Mumbai,Burger King,Restaurant,0
T03779,C0378,4417.77,2026-08-09 21:26:00,Hyderabad,Big Chill,Restaurant,0
T01109,C0111,4797.08,2026-08-09 21:26:00,Delhi,Big Chill,Restaurant,0
T07179,C0718,1906.9,2026-08-09 21:27:00,Mumbai,Zara,Apparel,0
T09639,C0964,4680.73,2026-08-09 21:29:00,Pune,Amazon,E-commerce,0
T06889,C0689,3780.71,2026-08-09 21:30:00,Kolkata,Amazon,E-commerce,0
T05489,C0549,2271.8,2026-08-09 21:30:00,Chennai,Myntra,E-commerce,0
T01559,C0156,2762.72,2026-08-09 21:30:00,Bengaluru,Myntra,E-commerce,0
T02749,C0275,2223.85,2026-08-09 21:32:00,Chennai,Reliance,Retail,0
T07419,C0742,687.22,2026-08-09 21:32:00,Mumbai,Max,Apparel,0
T07679,C0768,1320.5,2026-08-09 21:33:00,Bengaluru,Max,Apparel,0
T08619,C0862,905.03,2026-08-09 21:34:00,Mumbai,Flipkart,E-commerce,0
T09369,C0937,5253.71,2026-08-09 21:34:00,Chennai,Myntra,E-commerce,0
T03619,C0362,3741.74,2026-08-09 21:34:00,Chennai,Flipkart,E-commerce,0
T06479,C0648,2976.86,2026-08-09 21:35:00,Goa,Amazon,E-commerce,0
T06269,C0627,2670.53,2026-08-09 21:36:00,Pune,Zara,Apparel,0
T09919,C0992,1771.64,2026-08-09 21:37:00,Goa,Reliance,Retail,0
T04889,C0489,761.38,2026-08-09 21:37:00,,,Grocery,0
T05939,C0594,3020.61,2026-08-09 21:38:00,Goa,Reliance,Retail,0
T04729,C0473,1177.31,2026-08-09 21:41:00,Mumbai,Amazon,E-commerce,0
T01899,C0190,3589.12,2026-08-09 21:42:00,Kolkata,Spar,Grocery,0
T04799,C0480,2585.92,2026-08-09 21:42:00,Pune,H&M,Apparel,0
T03529,C0353,4867.05,2026-08-09 21:42:00,Chennai,Spar,Grocery,0
T04459,C0446,1440.15,2026-08-09 21:44:00,Chennai,Flipkart,E-commerce,0
T00749,C0075,3979.32,2026-08-09 21:44:00,Goa,Big Chill,Restaurant,0
T08569,C0857,1530.69,2026-08-09 21:44:00,,Spar,Grocery,0
T06849,C0685,2738.29,2026-08-09 21:45:00,Pune,Reliance,Retail,0
T06389,C0639,3026.1,2026-08-09 21:47:00,Delhi,Big Chill,Restaurant,0
T09229,C0923,2274.53,2026-08-09 21:48:00,Mumbai,Big Chill,Restaurant,0
T07109,C0711,1308.72,2026-08-09 21:49:00,Goa,Max,Apparel,0
T07189,C0719,2778.01,2026-08-09 21:51:00,Hyderabad,Big Chill,Restaurant,0
T01969,C0197,2470.85,2026-08-09 21:52:00,Mumbai,Reliance,Retail,0
T05879,C0588,1483.85,2026-08-09 21:53:00,Bengaluru,Spar,Grocery,0
T04059,C0406,5160.73,2026-08-09 21:53:00,Hyderabad,Big Chill,Restaurant,0
T00619,C0062,6681.69,2026-08-09 21:53:00,Goa,Spar,Grocery,0
T05889,C0589,1075.28,2026-08-09 21:53:00,Bengaluru,Max,Apparel,0
T05979,C0598,3072.97,2026-08-09 21:53:00,Pune,Burger King,Restaurant,0
T05089,C0509,869.03,2026-08-09 21:54:00,Hyderabad,Burger King,Restaurant,0
T02189,C0219,1244.9,2026-08-09 21:54:00,Hyderabad,Zara,Apparel,0
T05999,C0600,1661.89,2026-08-09 21:55:00,Chennai,Spar,Grocery,0
T00099,C0010,2196.91,2026-08-09 21:56:00,Bengaluru,Spar,Grocery,0
T09019,C0902,3901.45,2026-08-09 21:57:00,Hyderabad,Myntra,E-commerce,0
T06119,C0612,946.28,2026-08-09 21:58:00,Bengaluru,Flipkart,E-commerce,0
T07729,C0773,2244.18,2026-08-09 21:59:00,Pune,H&M,Apparel,0
T05099,C0510,1731.78,2026-08-09 22:01:00,,Max,Apparel,0
T00769,C0077,1673.88,2026-08-09 22:02:00,Bengaluru,Reliance,Retail,0
T09009,C0901,1590.81,2026-08-09 22:02:00,Bengaluru,Flipkart,E-commerce,0
T02619,C0262,674.21,2026-08-09 22:02:00,,Reliance,Retail,0
T06569,C0657,1365.23,2026-08-09 22:02:00,Goa,Amazon,E-commerce,0
T03209,C0321,918.24,2026-08-09 22:03:00,Chennai,Zara,Apparel,0
T09079,C0908,1068.99,2026-08-09 22:03:00,Delhi,Max,Apparel,0
T01619,C0162,597.86,2026-08-09 22:05:00,Chennai,Max,Apparel,0
T01339,C0134,3576.91,2026-08-09 22:06:00,Pune,Zara,Apparel,0
T07089,C0709,1859.82,2026-08-09 22:07:00,Kolkata,Burger King,Restaurant,0
T07219,C0722,3348.37,2026-08-09 22:07:00,Kolkata,Amazon,E-commerce,0
T02769,C0277,808.89,2026-08-09 22:08:00,Hyderabad,Flipkart,E-commerce,0
T03389,C0339,5910.62,2026-08-09 22:09:00,Hyderabad,Spar,Grocery,0
T02359,C0236,3137.29,2026-08-09 22:10:00,Bengaluru,Burger King,Restaurant,0
T01749,C0175,2305.28,2026-08-09 22:10:00,Kolkata,Max,Apparel,0
T02029,C0203,3849.9,2026-08-09 22:10:00,Bengaluru,Amazon,E-commerce,0
T05919,C0592,1533.34,2026-08-09 22:11:00,Mumbai,Burger King,Restaurant,0
T01869,C0187,2134.2,2026-08-09 22:11:00,Chennai,Myntra,E-commerce,0
T01999,C0200,2248.87,2026-08-09 22:12:00,Pune,,Restaurant,0
T03479,C0348,405.59,2026-08-09 22:12:00,Goa,Myntra,E-commerce,0
T06589,C0659,695.94,2026-08-09 22:13:00,Kolkata,Big Chill,Restaurant,0
T06719,C0672,6003.8,2026-08-09 22:14:00,Hyderabad,H&M,Apparel,0
T04639,C0464,1590.78,2026-08-09 22:14:00,Chennai,Spar,Grocery,0
T05809,C0581,2114.83,2026-08-09 22:14:00,Hyderabad,Burger King,Restaurant,0
T04719,C0472,579.8,2026-08-09 22:17:00,Pune,Amazon,E-commerce,0
T08249,C0825,4111.08,2026-08-09 22:18:00,Hyderabad,H&M,Apparel,0
T08419,C0842,5506.19,2026-08-09 22:20:00,Pune,Burger King,Restaurant,0
T03189,C0319,4022.03,2026-08-09 22:20:00,Kolkata,Zara,Apparel,0
T00699,C0070,1942.85,2026-08-09 22:20:00,Chennai,Reliance,Retail,0
T00059,C0006,2911.67,2026-08-09 22:20:00,Chennai,Spar,Grocery,0
T00209,C0021,1916.34,2026-08-09 22:20:00,Hyderabad,Flipkart,E-commerce,0
T02049,C0205,4021.27,2026-08-09 22:22:00,Hyderabad,Big Chill,Restaurant,0
T01489,C0149,1933.78,2026-08-09 22:22:00,Goa,Big Chill,Restaurant,0
T06229,C0623,1021.05,2026-08-09 22:23:00,Hyderabad,H&M,Apparel,0
T07889,C0789,5378.34,2026-08-09 22:25:00,Hyderabad,Reliance,Retail,0
T09879,C0988,2301.7,2026-08-09 22:25:00,Bengaluru,Zara,Apparel,0
T09399,C0940,543.02,2026-08-09 22:26:00,Pune,Myntra,E-commerce,0
T03549,C0355,669.96,2026-08-09 22:27:00,Pune,Burger King,Restaurant,0
T00899,C0090,2678.55,2026-08-09 22:27:00,,Zara,Apparel,0
T09549,C0955,3091.96,2026-08-09 22:29:00,Mumbai,Spar,Grocery,0
T02119,C0212,5176.49,2026-08-09 22:30:00,Mumbai,Zara,Apparel,0
T06609,C0661,5046.41,2026-08-09 22:31:00,Kolkata,Myntra,E-commerce,0
T06509,C0651,1292.84,2026-08-09 22:31:00,Bengaluru,Big Chill,Restaurant,0
T06959,C0696,704.08,2026-08-09 22:33:00,Goa,Myntra,E-commerce,0
T04559,C0456,2781.99,2026-08-09 22:33:00,Chennai,Burger King,Restaurant,0
T02459,C0246,3032.18,2026-08-09 22:33:00,Hyderabad,Flipkart,E-commerce,0
T05079,C0508,3653.89,2026-08-09 22:33:00,Hyderabad,Spar,Grocery,0
T03079,C0308,2386.68,2026-08-09 22:36:00,,H&M,Apparel,0
T06949,C0695,5309.04,2026-08-09 22:36:00,Chennai,Big Chill,Restaurant,0
T03939,C0394,1623.99,2026-08-09 22:37:00,Chennai,Max,Apparel,0
T07059,C0706,3231.97,2026-08-09 22:40:00,Pune,Max,Apparel,0
T06329,C0633,1908.65,2026-08-09 22:41:00,Kolkata,Myntra,E-commerce,0
T06089,C0609,760.21,2026-08-09 22:44:00,Pune,Big Chill,Restaurant,0
T03179,C0318,872.28,2026-08-09 22:44:00,,Burger King,Restaurant,0
T06399,C0640,6919.91,2026-08-09 22:47:00,Kolkata,Myntra,E-commerce,0
T06289,C0629,1217.82,2026-08-09 22:48:00,Goa,Amazon,E-commerce,0
T07919,C0792,2861.93,2026-08-09 22:49:00,,Reliance,Retail,0
T07029,C0703,3155.86,2026-08-09 22:50:00,Kolkata,Reliance,Retail,0
T06909,C0691,782.91,2026-08-09 22:50:00,Kolkata,Myntra,E-commerce,0
T04629,C0463,1289.05,2026-08-09 22:51:00,Hyderabad,H&M,Apparel,0
T03269,C0327,1102.0,2026-08-09 22:52:00,Hyderabad,Myntra,E-commerce,0
T04759,C0476,2557.59,2026-08-09 22:52:00,Pune,Big Chill,Restaurant,0
T02699,C0270,1956.88,2026-08-09 22:52:00,Delhi,Max,Apparel,0
T07909,C0791,1969.94,2026-08-09 22:55:00,Goa,Zara,Apparel,0
T04079,C0408,3603.67,2026-08-09 22:55:00,Hyderabad,Reliance,Retail,0
T00049,C0005,2914.15,2026-08-09 22:56:00,Pune,Burger King,Restaurant,0
T05029,C0503,1075.31,2026-08-09 22:56:00,Delhi,H&M,Apparel,0
T06819,C0682,843.75,2026-08-09 22:56:00,Bengaluru,Big Chill,Restaurant,0
T06869,C0687,2367.54,2026-08-09 22:57:00,Mumbai,Myntra,E-commerce,0
T07119,C0712,2196.6,2026-08-09 22:58:00,Pune,Amazon,E-commerce,0
T08299,C0830,1639.5,2026-08-09 22:59:00,Goa,Reliance,Retail,0
T04419,C0442,597.23,2026-08-09 22:59:00,Mumbai,Reliance,Retail,0
T07719,C0772,3696.14,2026-08-09 22:59:00,Hyderabad,Big Chill,Restaurant,0
T00600,C0060,4370.72,2026-08-10 08:00:00,Hyderabad,Amazon,E-commerce,0
T07400,C0740,3205.2,2026-08-10 08:03:00,Chennai,Zara,Apparel,0
T01190,C0119,2912.19,2026-08-10 08:05:00,Bengaluru,Big Chill,Restaurant,0
T06090,C0609,1014.71,2026-08-10 08:05:00,Pune,Flipkart,E-commerce,0
T00920,C0092,3207.6,2026-08-10 08:06:00,Kolkata,H&M,Apparel,0
T09410,C0941,4051.44,2026-08-10 08:06:00,Pune,Amazon,E-commerce,0
T06850,C0685,1652.58,2026-08-10 08:09:00,Pune,Reliance,Retail,0
FREQ_C0060,C0060,3870.3,2026-08-10 08:10:00,Hyderabad,Amazon,E-commerce,1
T09700,C0970,1364.14,2026-08-10 08:13:00,Bengaluru,Spar,Grocery,0
FREQ_C0740,C0740,4408.72,2026-08-10 08:13:00,Chennai,H&M,Apparel,1
T09030,C0903,2031.47,2026-08-10 08:14:00,Delhi,Burger King,Restaurant,0
T00090,C0009,2987.77,2026-08-10 08:15:00,Mumbai,Max,Apparel,0
T02340,C0234,2669.29,2026-08-10 08:15:00,Mumbai,Reliance,Retail,0
T06520,C0652,2499.79,2026-08-10 08:15:00,Kolkata,Reliance,Retail,0
T02860,C0286,1483.65,2026-08-10 08:16:00,Delhi,Max,Apparel,0
FREQ_C0092,C0092,2733.55,2026-08-10 08:16:00,Kolkata,H&M,Apparel,1
T08550,C0855,1159.03,2026-08-10 08:16:00,Mumbai,Zara,Apparel,0
T03290,C0329,1818.58,2026-08-10 08:18:00,Hyderabad,Reliance,Retail,0
T00570,C0057,3310.97,2026-08-10 08:18:00,Mumbai,Myntra,E-commerce,0
MERCH_C0119,C0119,12232.56,2026-08-10 08:20:00,Hyderabad,Spar,Grocery,1
T05470,C0547,2897.1,2026-08-10 08:20:00,Goa,Flipkart,E-commerce,0
T02800,C0280,3935.21,2026-08-10 08:20:00,Mumbai,Spar,Grocery,0
T07010,C0701,943.92,2026-08-10 08:21:00,Pune,Zara,Apparel,0
MERCH_C0092,C0092,7088.18,2026-08-10 08:21:00,Bengaluru,Myntra,E-commerce,1
MERCH_C0941,C0941,9609.95,2026-08-10 08:21:00,Goa,Max,Apparel,1
T01850,C0185,2759.37,2026-08-10 08:22:00,Bengaluru,,Retail,0
FREQ_C0970,C0970,1856.57,2026-08-10 08:23:00,Bengaluru,Myntra,E-commerce,1
T00050,C0005,3280.44,2026-08-10 08:23:00,Pune,Max,Apparel,0
T09230,C0923,2552.97,2026-08-10 08:24:00,Mumbai,Zara,Apparel,0
T02390,C0239,1526.85,2026-08-10 08:25:00,Delhi,Max,Apparel,0
FREQ_C0234,C0234,5376.91,2026-08-10 08:25:00,Mumbai,H&M,Apparel,1
FREQ_C0855,C0855,2790.45,2026-08-10 08:26:00,Mumbai,Zara,Apparel,1
T02570,C0257,4842.28,2026-08-10 08:26:00,Hyderabad,Zara,Apparel,0
T01520,C0152,3282.53,2026-08-10 08:26:00,Chennai,Max,Apparel,0
T02260,C0226,3280.63,2026-08-10 08:26:00,Hyderabad,Flipkart,E-commerce,0
T00680,C0068,2401.97,2026-08-10 08:26:00,Chennai,Spar,Grocery,0
T06700,C0670,1927.0,2026-08-10 08:27:00,Pune,Spar,Grocery,0
T09400,C0940,400.22,2026-08-10 08:28:00,Pune,,E-commerce,0
FREQ_C0329,C0329,1837.2,2026-08-10 08:28:00,Hyderabad,Spar,Grocery,1
FREQ_C0057,C0057,2176.32,2026-08-10 08:28:00,Mumbai,Flipkart,E-commerce,1
T05590,C0559,1228.99,2026-08-10 08:29:00,Chennai,Flipkart,E-commerce,0
MERCH_C0903,C0903,8327.79,2026-08-10 08:29:00,Mumbai,Big Chill,Restaurant,1
T04380,C0438,2040.5,2026-08-10 08:29:00,Pune,Burger King,Restaurant,0
T05300,C0530,3425.66,2026-08-10 08:30:00,Pune,Flipkart,E-commerce,0
T03820,C0382,1653.75,2026-08-10 08:30:00,Chennai,Myntra,E-commerce,0
FREQ_C0280,C0280,2987.46,2026-08-10 08:30:00,Mumbai,Myntra,E-commerce,1
T09320,C0932,5770.76,2026-08-10 08:30:00,Kolkata,Reliance,Retail,0
T00200,C0020,2126.66,2026-08-10 08:30:00,Bengaluru,Amazon,E-commerce,0
FREQ_C0701,C0701,965.94,2026-08-10 08:31:00,Pune,Max,Apparel,1
T09450,C0945,3602.36,2026-08-10 08:31:00,Bengaluru,Myntra,E-commerce,0
T04180,C0418,2683.65,2026-08-10 08:32:00,Delhi,Amazon,E-commerce,0
T04790,C0479,867.35,2026-08-10 08:32:00,Kolkata,Spar,Grocery,0
T06070,C0607,2065.51,2026-08-10 08:32:00,Chennai,Max,Apparel,0
T09130,C0913,5939.66,2026-08-10 08:33:00,Pune,Max,Apparel,0
T01090,C0109,1604.53,2026-08-10 08:34:00,Kolkata,Big Chill,Restaurant,0
T09560,C0956,2706.66,2026-08-10 08:34:00,Goa,H&M,Apparel,0
FREQ_C0239,C0239,1400.29,2026-08-10 08:35:00,Delhi,Max,Apparel,1
T06630,C0663,1609.06,2026-08-10 08:35:00,,Myntra,E-commerce,0
MERCH_C0280,C0280,11049.24,2026-08-10 08:35:00,Goa,Max,Apparel,1
MERCH_C0701,C0701,3612.49,2026-08-10 08:36:00,Mumbai,H&M,Apparel,1
FREQ_C0068,C0068,4484.52,2026-08-10 08:36:00,Chennai,Amazon,E-commerce,1
T06340,C0634,1721.25,2026-08-10 08:36:00,Pune,Zara,Apparel,0
MERCH_C0185,C0185,13646.75,2026-08-10 08:37:00,Goa,Amazon,E-commerce,1
FREQ_C0940,C0940,635.24,2026-08-10 08:38:00,Pune,Myntra,E-commerce,1
FREQ_C0438,C0438,1807.22,2026-08-10 08:39:00,Pune,Burger King,Restaurant,1
FREQ_C0559,C0559,1282.74,2026-08-10 08:39:00,Chennai,Max,Apparel,1
T07330,C0733,3234.02,2026-08-10 08:39:00,Goa,,E-commerce,0
FREQ_C0530,C0530,3389.64,2026-08-10 08:40:00,Pune,Flipkart,E-commerce,1
T02000,C0200,2177.59,2026-08-10 08:40:00,Pune,Max,Apparel,0
MERCH_C0068,C0068,13637.6,2026-08-10 08:41:00,Goa,Myntra,E-commerce,1
T02750,C0275,3209.85,2026-08-10 08:41:00,Chennai,Reliance,Retail,0
T07670,C0767,3301.65,2026-08-10 08:41:00,Delhi,Spar,Grocery,0
T03020,C0302,1164.37,2026-08-10 08:41:00,Kolkata,Max,Apparel,0
FREQ_C0607,C0607,2172.67,2026-08-10 08:42:00,Chennai,Burger King,Restaurant,1
FREQ_C0479,C0479,664.83,2026-08-10 08:42:00,Kolkata,Burger King,Restaurant,1
FREQ_C0109,C0109,2372.94,2026-08-10 08:44:00,Kolkata,Myntra,E-commerce,1
FREQ_C0663,C0663,1884.82,2026-08-10 08:45:00,Mumbai,H&M,Apparel,1
MERCH_C0020,C0020,14814.01,2026-08-10 08:45:00,,Burger King,Restaurant,1
T09770,C0977,4521.29,2026-08-10 08:45:00,Hyderabad,Flipkart,E-commerce,0
T03670,C0367,1058.14,2026-08-10 08:45:00,Goa,H&M,Apparel,0
MERCH_C0479,C0479,3244.81,2026-08-10 08:47:00,Mumbai,H&M,Apparel,1
T01150,C0115,2252.14,2026-08-10 08:48:00,Chennai,H&M,Apparel,0
T09310,C0931,5086.04,2026-08-10 08:48:00,Goa,H&M,Apparel,0
T05800,C0580,3973.61,2026-08-10 08:49:00,Bengaluru,Burger King,Restaurant,0
T08160,C0816,4285.9,2026-08-10 08:49:00,Hyderabad,Max,Apparel,0
FREQ_C0200,C0200,2027.41,2026-08-10 08:50:00,Pune,Myntra,E-commerce,1
T04600,C0460,5455.6,2026-08-10 08:50:00,Pune,Zara,Apparel,0
FREQ_C0302,C0302,1255.32,2026-08-10 08:51:00,Kolkata,Reliance,Retail,1
MERCH_C0634,C0634,4398.11,2026-08-10 08:51:00,Mumbai,Max,Apparel,1
T08780,C0878,1189.35,2026-08-10 08:51:00,Bengaluru,Big Chill,Restaurant,0
T03840,C0384,3108.51,2026-08-10 08:52:00,Kolkata,Reliance,Retail,0
T07760,C0776,2871.83,2026-08-10 08:53:00,Mumbai,Amazon,E-commerce,0
T09860,C0986,2275.72,2026-08-10 08:54:00,Chennai,Reliance,Retail,0
T04400,C0440,3698.64,2026-08-10 08:55:00,Kolkata,H&M,Apparel,0
T01420,C0142,3105.85,2026-08-10 08:55:00,Hyderabad,Zara,Apparel,0
T04320,C0432,3189.31,2026-08-10 08:56:00,Chennai,Burger King,Restaurant,0
FREQ_C0931,C0931,3209.79,2026-08-10 08:58:00,Goa,Reliance,Retail,1
T08220,C0822,386.17,2026-08-10 08:58:00,Kolkata,Amazon,E-commerce,0
FREQ_C0115,C0115,3254.49,2026-08-10 08:58:00,Chennai,Amazon,E-commerce,1
T06690,C0669,1733.35,2026-08-10 08:58:00,Pune,Flipkart,E-commerce,0
MERCH_C0977,C0977,10511.48,2026-08-10 09:00:00,Pune,Burger King,Restaurant,1
FREQ_C0460,C0460,3146.29,2026-08-10 09:00:00,Pune,,Restaurant,1
FREQ_C0878,C0878,716.04,2026-08-10 09:01:00,Bengaluru,Burger King,Restaurant,1
T04130,C0413,3002.04,2026-08-10 09:01:00,,Amazon,E-commerce,0
T07280,C0728,3383.54,2026-08-10 09:02:00,Bengaluru,Flipkart,E-commerce,0
T09680,C0968,2438.31,2026-08-10 09:02:00,Delhi,Reliance,Retail,0
FREQ_C0776,C0776,3367.4,2026-08-10 09:03:00,Mumbai,Reliance,Retail,1
T08110,C0811,3188.48,2026-08-10 09:04:00,Pune,Myntra,E-commerce,0
FREQ_C0986,C0986,2931.78,2026-08-10 09:04:00,,Reliance,Retail,1
MERCH_C0580,C0580,9220.87,2026-08-10 09:04:00,Pune,Reliance,Retail,1
FREQ_C0440,C0440,3614.29,2026-08-10 09:05:00,Kolkata,Myntra,E-commerce,1
T03130,C0313,2359.36,2026-08-10 09:06:00,Mumbai,Flipkart,E-commerce,0
FREQ_C0432,C0432,4023.79,2026-08-10 09:06:00,Chennai,Burger King,Restaurant,1
MERCH_C0776,C0776,10691.47,2026-08-10 09:08:00,Chennai,H&M,Apparel,1
T04110,C0411,1509.95,2026-08-10 09:08:00,Kolkata,Zara,Apparel,0
T04560,C0456,3319.22,2026-08-10 09:08:00,Chennai,Burger King,Restaurant,0
T07580,C0758,2255.38,2026-08-10 09:08:00,Bengaluru,H&M,Apparel,0
T06080,C0608,812.67,2026-08-10 09:08:00,Mumbai,H&M,Apparel,0
FREQ_C0822,C0822,435.6,2026-08-10 09:08:00,Kolkata,Flipkart,E-commerce,1
T07740,C0774,1302.55,2026-08-10 09:10:00,Goa,,E-commerce,0
MERCH_C0142,C0142,6199.33,2026-08-10 09:10:00,Chennai,Burger King,Restaurant,1
T00010,C0001,421.43,2026-08-10 09:11:00,Mumbai,H&M,Apparel,0
T03000,C0300,2370.95,2026-08-10 09:11:00,Mumbai,,Grocery,0
MERCH_C0822,C0822,1427.4,2026-08-10 09:13:00,Hyderabad,H&M,Apparel,1
MERCH_C0669,C0669,9826.25,2026-08-10 09:13:00,Hyderabad,H&M,Apparel,1
FREQ_C0811,C0811,3151.32,2026-08-10 09:14:00,Pune,Myntra,E-commerce,1
T00860,C0086,3077.86,2026-08-10 09:14:00,Pune,Myntra,E-commerce,0
T02460,C0246,1909.71,2026-08-10 09:16:00,Hyderabad,,Apparel,0
MERCH_C0968,C0968,10830.78,2026-08-10 09:17:00,Bengaluru,Spar,Grocery,1
T03610,C0361,4341.48,2026-08-10 09:17:00,Goa,Spar,Grocery,0
T04540,C0454,3901.76,2026-08-10 09:18:00,Goa,Myntra,E-commerce,0
T02850,C0285,545.84,2026-08-10 09:18:00,Kolkata,Myntra,E-commerce,0
T05150,C0515,1211.34,2026-08-10 09:19:00,Mumbai,Myntra,E-commerce,0
T00810,C0081,2847.04,2026-08-10 09:20:00,Hyderabad,Big Chill,Restaurant,0
FREQ_C0774,C0774,910.15,2026-08-10 09:20:00,Goa,,Restaurant,1
T01930,C0193,2909.04,2026-08-10 09:20:00,Mumbai,Burger King,Restaurant,0
T06490,C0649,4562.9,2026-08-10 09:21:00,Pune,Burger King,Restaurant,0
T05190,C0519,2496.71,2026-08-10 09:21:00,Goa,Spar,Grocery,0
FREQ_C0300,C0300,3343.98,2026-08-10 09:21:00,Mumbai,Spar,Grocery,1
T00210,C0021,840.66,2026-08-10 09:22:00,Hyderabad,Flipkart,E-commerce,0
T06140,C0614,2744.19,2026-08-10 09:23:00,Bengaluru,H&M,Apparel,0
MERCH_C0411,C0411,6163.65,2026-08-10 09:23:00,Pune,Reliance,Retail,1
T08880,C0888,4206.72,2026-08-10 09:25:00,Mumbai,Amazon,E-commerce,0
T04830,C0483,3454.09,2026-08-10 09:25:00,Pune,Big Chill,Restaurant,0
MERCH_C0774,C0774,3358.67,2026-08-10 09:25:00,Kolkata,Myntra,E-commerce,1
T01480,C0148,573.61,2026-08-10 09:26:00,,Flipkart,E-commerce,0
T04000,C0400,2495.07,2026-08-10 09:27:00,Delhi,Myntra,E-commerce,0
T03600,C0360,2032.76,2026-08-10 09:28:00,Hyderabad,Flipkart,E-commerce,0
FREQ_C0454,C0454,4141.26,2026-08-10 09:28:00,Goa,,E-commerce,1
T09840,C0984,4709.05,2026-08-10 09:28:00,Kolkata,Zara,Apparel,0
T05330,C0533,2012.6,2026-08-10 09:29:00,Goa,Zara,Apparel,0
MERCH_C0086,C0086,7975.66,2026-08-10 09:29:00,Mumbai,H&M,Apparel,1
FREQ_C0081,C0081,4269.21,2026-08-10 09:30:00,Hyderabad,Spar,Grocery,1
T01360,C0136,1566.67,2026-08-10 09:30:00,Pune,Zara,Apparel,0
T01270,C0127,4952.67,2026-08-10 09:30:00,Bengaluru,Amazon,E-commerce,0
FREQ_C0193,C0193,2766.05,2026-08-10 09:30:00,Mumbai,Spar,Grocery,1
T04140,C0414,6619.36,2026-08-10 09:30:00,Bengaluru,Spar,Grocery,0
T04740,C0474,1125.84,2026-08-10 09:31:00,Kolkata,Burger King,Restaurant,0
T09070,C0907,2122.27,2026-08-10 09:31:00,Kolkata,Max,Apparel,0
MERCH_C0246,C0246,8720.96,2026-08-10 09:31:00,Pune,Myntra,E-commerce,1
FREQ_C0021,C0021,1357.9,2026-08-10 09:32:00,Hyderabad,Burger King,Restaurant,1
T00840,C0084,1861.02,2026-08-10 09:32:00,Chennai,Big Chill,Restaurant,0
T02790,C0279,1574.89,2026-08-10 09:33:00,Pune,Reliance,Retail,0
FREQ_C0614,C0614,4442.43,2026-08-10 09:33:00,Bengaluru,Amazon,E-commerce,1
T09600,C0960,4365.95,2026-08-10 09:33:00,Goa,Burger King,Restaurant,0
FREQ_C0483,C0483,3544.42,2026-08-10 09:35:00,,Zara,Apparel,1
FREQ_C0148,C0148,640.14,2026-08-10 09:36:00,Bengaluru,Zara,Apparel,1
T04210,C0421,1936.77,2026-08-10 09:36:00,Kolkata,Zara,Apparel,0
T01120,C0112,3545.65,2026-08-10 09:36:00,Pune,Burger King,Restaurant,0
T05560,C0556,4478.56,2026-08-10 09:37:00,Mumbai,Reliance,Retail,0
FREQ_C0360,C0360,3449.78,2026-08-10 09:38:00,Hyderabad,Flipkart,E-commerce,1
FREQ_C0984,C0984,4238.62,2026-08-10 09:38:00,Kolkata,Zara,Apparel,1
T07790,C0779,3334.29,2026-08-10 09:38:00,Chennai,Zara,Apparel,0
T09920,C0992,2872.9,2026-08-10 09:39:00,Goa,Zara,Apparel,0
FREQ_C0533,C0533,2892.41,2026-08-10 09:39:00,Goa,Max,Apparel,1
FREQ_C0127,C0127,4612.02,2026-08-10 09:40:00,Bengaluru,Reliance,Retail,1
FREQ_C0414,C0414,4921.67,2026-08-10 09:40:00,Bengaluru,Spar,Grocery,1
T02600,C0260,1281.89,2026-08-10 09:40:00,Goa,Myntra,E-commerce,0
T08320,C0832,5823.06,2026-08-10 09:40:00,Bengaluru,Amazon,E-commerce,0
T09710,C0971,711.28,2026-08-10 09:41:00,Hyderabad,Spar,Grocery,0
T03700,C0370,2809.62,2026-08-10 09:41:00,Bengaluru,Flipkart,E-commerce,0
T09140,C0914,975.17,2026-08-10 09:41:00,Bengaluru,Burger King,Restaurant,0
T06760,C0676,4898.42,2026-08-10 09:41:00,,Amazon,E-commerce,0
FREQ_C0474,C0474,1414.27,2026-08-10 09:41:00,Kolkata,Amazon,E-commerce,1
T08170,C0817,3693.34,2026-08-10 09:43:00,,Big Chill,Restaurant,0
FREQ_C0960,C0960,4388.51,2026-08-10 09:43:00,Goa,Reliance,Retail,1
T07030,C0703,2151.7,2026-08-10 09:43:00,Kolkata,Zara,Apparel,0
T07000,C0700,2432.47,2026-08-10 09:43:00,Mumbai,Burger King,Restaurant,0
MERCH_C0127,C0127,12877.05,2026-08-10 09:45:00,Goa,Zara,Apparel,1
T04620,C0462,799.82,2026-08-10 09:46:00,Bengaluru,Spar,Grocery,0
FREQ_C0556,C0556,2857.42,2026-08-10 09:47:00,Mumbai,Reliance,Retail,1
MERCH_C0279,C0279,6844.64,2026-08-10 09:48:00,Bengaluru,Max,Apparel,1
T09040,C0904,506.18,2026-08-10 09:48:00,Pune,Zara,Apparel,0
T02150,C0215,3831.28,2026-08-10 09:48:00,Goa,Zara,Apparel,0
T01730,C0173,3469.06,2026-08-10 09:50:00,Delhi,Spar,Grocery,0
FREQ_C0260,C0260,1270.49,2026-08-10 09:50:00,Goa,Myntra,E-commerce,1
T04670,C0467,1203.71,2026-08-10 09:51:00,Chennai,Burger King,Restaurant,0
T06980,C0698,1862.98,2026-08-10 09:51:00,Bengaluru,Amazon,E-commerce,0
FREQ_C0676,C0676,3547.46,2026-08-10 09:51:00,Hyderabad,Amazon,E-commerce,1
FREQ_C0914,C0914,1374.61,2026-08-10 09:51:00,Bengaluru,Spar,Grocery,1
T05950,C0595,960.94,2026-08-10 09:51:00,Mumbai,Max,Apparel,0
T03800,C0380,1345.39,2026-08-10 09:52:00,Hyderabad,Zara,Apparel,0
T09780,C0978,1735.85,2026-08-10 09:52:00,Delhi,Max,Apparel,0
MERCH_C0779,C0779,13543.72,2026-08-10 09:53:00,Bengaluru,Amazon,E-commerce,1
FREQ_C0703,C0703,2485.86,2026-08-10 09:53:00,Kolkata,Reliance,Retail,1
T08990,C0899,2700.3,2026-08-10 09:53:00,Bengaluru,Flipkart,E-commerce,0
T04850,C0485,2203.6,2026-08-10 09:53:00,Goa,Flipkart,E-commerce,0
FREQ_C0817,C0817,5445.76,2026-08-10 09:53:00,Goa,Reliance,Retail,1
MERCH_C0992,C0992,6909.21,2026-08-10 09:54:00,Pune,Big Chill,Restaurant,1
T01470,C0147,1358.44,2026-08-10 09:54:00,Hyderabad,Amazon,E-commerce,0
MERCH_C0971,C0971,5058.06,2026-08-10 09:56:00,Chennai,Max,Apparel,1
FREQ_C0462,C0462,1863.91,2026-08-10 09:56:00,Bengaluru,Myntra,E-commerce,1
MERCH_C0914,C0914,4572.37,2026-08-10 09:56:00,Delhi,Reliance,Retail,1
MERCH_C0676,C0676,13073.23,2026-08-10 09:56:00,Chennai,Max,Apparel,1
T03850,C0385,1434.63,2026-08-10 09:56:00,Chennai,,Grocery,0
T04970,C0497,1074.65,2026-08-10 09:56:00,Pune,Amazon,E-commerce,0
MERCH_C0817,C0817,13260.16,2026-08-10 09:58:00,Pune,Burger King,Restaurant,1
T04810,C0481,751.66,2026-08-10 09:58:00,Goa,Myntra,E-commerce,0
T03560,C0356,7134.97,2026-08-10 09:59:00,Kolkata,Myntra,E-commerce,0
FREQ_C0173,C0173,2311.78,2026-08-10 10:00:00,Delhi,Zara,Apparel,1
T07770,C0777,1907.84,2026-08-10 10:00:00,Chennai,Flipkart,E-commerce,0
FREQ_C0698,C0698,1605.04,2026-08-10 10:01:00,Bengaluru,Big Chill,Restaurant,1
FREQ_C0467,C0467,1654.83,2026-08-10 10:01:00,,Burger King,Restaurant,1
FREQ_C0595,C0595,693.24,2026-08-10 10:01:00,Mumbai,Zara,Apparel,1
FREQ_C0978,C0978,2508.78,2026-08-10 10:02:00,Delhi,Max,Apparel,1
T02100,C0210,2905.77,2026-08-10 10:02:00,Bengaluru,Spar,Grocery,0
FREQ_C0485,C0485,4524.17,2026-08-10 10:03:00,Goa,Myntra,E-commerce,1
T07420,C0742,326.67,2026-08-10 10:03:00,Mumbai,Spar,Grocery,0
T05200,C0520,1309.74,2026-08-10 10:03:00,Bengaluru,Reliance,Retail,0
MERCH_C0904,C0904,2677.88,2026-08-10 10:03:00,Bengaluru,Myntra,E-commerce,1
FREQ_C0899,C0899,4260.01,2026-08-10 10:03:00,Bengaluru,Flipkart,E-commerce,1
MERCH_C0740,C0740,6187.07,2026-08-10 10:03:00,Chennai,Amazon,E-commerce,1
T03180,C0318,574.01,2026-08-10 10:04:00,Goa,Burger King,Restaurant,0
T05720,C0572,1378.98,2026-08-10 10:04:00,Chennai,H&M,Apparel,0
FREQ_C0147,C0147,1617.81,2026-08-10 10:04:00,Hyderabad,Max,Apparel,1
AMT_C0119,C0119,20339.94,2026-08-10 10:05:00,Bengaluru,Amazon,E-commerce,1
FREQ_C0385,C0385,2427.03,2026-08-10 10:06:00,Chennai,Spar,Grocery,1
T00980,C0098,2175.3,2026-08-10 10:06:00,,Max,Apparel,0
T02840,C0284,2701.76,2026-08-10 10:07:00,Hyderabad,Burger King,Restaurant,0
T03550,C0355,1513.58,2026-08-10 10:07:00,Pune,Max,Apparel,0
FREQ_C0481,C0481,460.67,2026-08-10 10:08:00,Goa,Myntra,E-commerce,1
MERCH_C0485,C0485,12593.54,2026-08-10 10:08:00,Delhi,Flipkart,E-commerce,1
T02440,C0244,6784.24,2026-08-10 10:09:00,Mumbai,Myntra,E-commerce,0
AMT_C0685,C0685,13480.94,2026-08-10 10:09:00,Pune,Max,Apparel,1
FREQ_C0356,C0356,5275.9,2026-08-10 10:09:00,Kolkata,Myntra,E-commerce,1
T05460,C0546,4174.55,2026-08-10 10:10:00,Hyderabad,Max,Apparel,0
FREQ_C0777,C0777,2075.32,2026-08-10 10:10:00,Chennai,Flipkart,E-commerce,1
T04040,C0404,3780.38,2026-08-10 10:11:00,Chennai,Burger King,Restaurant,0
T02470,C0247,1615.06,2026-08-10 10:11:00,Kolkata,Reliance,Retail,0
T03430,C0343,3192.5,2026-08-10 10:11:00,,Burger King,Restaurant,0
T08090,C0809,1396.58,2026-08-10 10:12:00,Mumbai,Flipkart,E-commerce,0
FREQ_C0210,C0210,4654.77,2026-08-10 10:12:00,Bengaluru,Myntra,E-commerce,1
MERCH_C0970,C0970,1870.31,2026-08-10 10:13:00,Bengaluru,Zara,Apparel,1
FREQ_C0520,C0520,1556.15,2026-08-10 10:13:00,Bengaluru,Reliance,Retail,1
MERCH_C0481,C0481,2259.17,2026-08-10 10:13:00,Hyderabad,Reliance,Retail,1
FREQ_C0572,C0572,1608.5,2026-08-10 10:14:00,Chennai,H&M,Apparel,1
FREQ_C0318,C0318,796.61,2026-08-10 10:14:00,Goa,Max,Apparel,1
MERCH_C0009,C0009,5894.14,2026-08-10 10:15:00,Mumbai,Zara,Apparel,1
AMT_C0009,C0009,21259.08,2026-08-10 10:15:00,Mumbai,Reliance,Retail,1
AMT_C0652,C0652,18942.45,2026-08-10 10:15:00,Kolkata,Reliance,Retail,1
MERCH_C0652,C0652,4185.78,2026-08-10 10:15:00,Kolkata,Myntra,E-commerce,1
T05140,C0514,3066.54,2026-08-10 10:15:00,Bengaluru,Max,Apparel,0
AMT_C0286,C0286,16284.34,2026-08-10 10:16:00,Delhi,Burger King,Restaurant,1
T08660,C0866,2686.52,2026-08-10 10:16:00,Mumbai,Amazon,E-commerce,0
MERCH_C0855,C0855,3277.76,2026-08-10 10:16:00,Mumbai,,E-commerce,1
T03230,C0323,587.79,2026-08-10 10:16:00,Mumbai,Flipkart,E-commerce,0
T04310,C0431,3596.95,2026-08-10 10:16:00,Chennai,Reliance,Retail,0
FREQ_C0098,C0098,2513.22,2026-08-10 10:16:00,Chennai,Amazon,E-commerce,1
AMT_C0057,C0057,14163.88,2026-08-10 10:18:00,Mumbai,Myntra,E-commerce,1
MERCH_C0057,C0057,3541.36,2026-08-10 10:18:00,Mumbai,Max,Apparel,1
AMT_C0329,C0329,10860.68,2026-08-10 10:18:00,Hyderabad,Reliance,Retail,1
T08140,C0814,4020.33,2026-08-10 10:18:00,Mumbai,,E-commerce,0
T04010,C0401,1691.64,2026-08-10 10:18:00,Delhi,Big Chill,Restaurant,0
MERCH_C0742,C0742,1581.17,2026-08-10 10:18:00,Chennai,Zara,Apparel,1
T09210,C0921,6161.05,2026-08-10 10:18:00,Pune,Spar,Grocery,0
T07510,C0751,6321.15,2026-08-10 10:19:00,Bengaluru,Flipkart,E-commerce,0
MERCH_C0572,C0572,3991.46,2026-08-10 10:19:00,Mumbai,Amazon,E-commerce,1
T06990,C0699,845.7,2026-08-10 10:20:00,Kolkata,Amazon,E-commerce,0
MERCH_C0547,C0547,3138.12,2026-08-10 10:20:00,Goa,H&M,Apparel,1
FREQ_C0809,C0809,2255.08,2026-08-10 10:22:00,Mumbai,Myntra,E-commerce,1
MERCH_C0284,C0284,14472.96,2026-08-10 10:22:00,Kolkata,Myntra,E-commerce,1
T07950,C0795,2302.92,2026-08-10 10:23:00,Goa,Burger King,Restaurant,0
T01010,C0101,4753.38,2026-08-10 10:24:00,Goa,Myntra,E-commerce,0
MERCH_C0923,C0923,1980.03,2026-08-10 10:24:00,Mumbai,Amazon,E-commerce,1
T09000,C0900,1327.51,2026-08-10 10:24:00,Goa,Reliance,Retail,0
AMT_C0923,C0923,16732.22,2026-08-10 10:24:00,Mumbai,Zara,Apparel,1
T05350,C0535,3081.02,2026-08-10 10:24:00,Chennai,Flipkart,E-commerce,0
T09590,C0959,1463.28,2026-08-10 10:24:00,,Myntra,E-commerce,0
MERCH_C0239,C0239,1292.96,2026-08-10 10:25:00,Delhi,Amazon,E-commerce,1
T08540,C0854,5734.59,2026-08-10 10:25:00,Pune,Burger King,Restaurant,0
FREQ_C0514,C0514,2496.94,2026-08-10 10:25:00,Bengaluru,Max,Apparel,1
AMT_C0068,C0068,22147.07,2026-08-10 10:26:00,Chennai,Amazon,E-commerce,1
FREQ_C0323,C0323,717.47,2026-08-10 10:26:00,Mumbai,Flipkart,E-commerce,1
FREQ_C0866,C0866,4977.77,2026-08-10 10:26:00,Mumbai,Amazon,E-commerce,1
AMT_C0226,C0226,17458.76,2026-08-10 10:26:00,Hyderabad,Flipkart,E-commerce,1
T01390,C0139,2388.66,2026-08-10 10:27:00,Kolkata,H&M,Apparel,0
AMT_C0670,C0670,18526.61,2026-08-10 10:27:00,Pune,Max,Apparel,1
T06970,C0697,5277.98,2026-08-10 10:27:00,Chennai,Zara,Apparel,0
MERCH_C0809,C0809,6386.66,2026-08-10 10:27:00,Delhi,Spar,Grocery,1
T04580,C0458,4416.33,2026-08-10 10:28:00,Chennai,H&M,Apparel,0
AMT_C0940,C0940,3696.09,2026-08-10 10:28:00,Pune,Myntra,E-commerce,1
T00850,C0085,1938.27,2026-08-10 10:28:00,Pune,Big Chill,Restaurant,0
T00880,C0088,2010.07,2026-08-10 10:28:00,Chennai,Zara,Apparel,0
FREQ_C0921,C0921,3893.42,2026-08-10 10:28:00,Pune,Big Chill,Restaurant,1
FREQ_C0814,C0814,4964.08,2026-08-10 10:28:00,Mumbai,Spar,Grocery,1
MERCH_C0559,C0559,1583.75,2026-08-10 10:29:00,Chennai,Big Chill,Restaurant,1
AMT_C0559,C0559,10453.39,2026-08-10 10:29:00,Chennai,Max,Apparel,1
T09500,C0950,4174.99,2026-08-10 10:29:00,Bengaluru,Myntra,E-commerce,0
AMT_C0438,C0438,8820.95,2026-08-10 10:29:00,Pune,Burger King,Restaurant,1
MERCH_C0932,C0932,4451.44,2026-08-10 10:30:00,Kolkata,Big Chill,Restaurant,1
FREQ_C0699,C0699,1463.51,2026-08-10 10:30:00,Kolkata,Big Chill,Restaurant,1
AMT_C0382,C0382,12446.01,2026-08-10 10:30:00,Chennai,Myntra,E-commerce,1
MERCH_C0945,C0945,5191.8,2026-08-10 10:31:00,Bengaluru,Big Chill,Restaurant,1
T07750,C0775,4930.99,2026-08-10 10:31:00,Bengaluru,Myntra,E-commerce,0
T07710,C0771,6597.47,2026-08-10 10:32:00,Chennai,Spar,Grocery,0
T00470,C0047,2742.56,2026-08-10 10:32:00,Bengaluru,Flipkart,E-commerce,0
T01140,C0114,5121.09,2026-08-10 10:32:00,Kolkata,Amazon,E-commerce,0
T09150,C0915,1386.37,2026-08-10 10:32:00,Mumbai,Max,Apparel,0
AMT_C0479,C0479,4171.58,2026-08-10 10:32:00,Kolkata,,Grocery,1
T01330,C0133,4186.77,2026-08-10 10:33:00,Hyderabad,Myntra,E-commerce,0
T05790,C0579,3370.51,2026-08-10 10:33:00,Chennai,Reliance,Retail,0
MERCH_C0913,C0913,4565.34,2026-08-10 10:33:00,Pune,Burger King,Restaurant,1
AMT_C0913,C0913,28958.15,2026-08-10 10:33:00,Pune,Max,Apparel,1
AMT_C0956,C0956,22091.91,2026-08-10 10:34:00,,Zara,Apparel,1
AMT_C0109,C0109,15711.04,2026-08-10 10:34:00,Kolkata,Big Chill,Restaurant,1
T05340,C0534,3866.35,2026-08-10 10:34:00,Chennai,Myntra,E-commerce,0
FREQ_C0959,C0959,1511.05,2026-08-10 10:34:00,Pune,Spar,Grocery,1
MERCH_C0956,C0956,2123.29,2026-08-10 10:34:00,Goa,Flipkart,E-commerce,1
MERCH_C0109,C0109,3204.52,2026-08-10 10:34:00,Kolkata,H&M,Apparel,1
FREQ_C0535,C0535,2697.55,2026-08-10 10:34:00,Chennai,Flipkart,E-commerce,1
FREQ_C0101,C0101,5055.48,2026-08-10 10:34:00,Goa,Myntra,E-commerce,1
FREQ_C0900,C0900,2328.05,2026-08-10 10:34:00,Goa,Reliance,Retail,1
AMT_C0663,C0663,10928.41,2026-08-10 10:35:00,Mumbai,H&M,Apparel,1
T00560,C0056,5986.26,2026-08-10 10:35:00,,Burger King,Restaurant,0
MERCH_C0699,C0699,4096.37,2026-08-10 10:35:00,Chennai,Reliance,Retail,1
T00890,C0089,1493.04,2026-08-10 10:35:00,Goa,Max,Apparel,0
T04410,C0441,3468.3,2026-08-10 10:36:00,Mumbai,Spar,Grocery,0
T01340,C0134,4253.37,2026-08-10 10:36:00,,Big Chill,Restaurant,0
AMT_C0634,C0634,8228.86,2026-08-10 10:36:00,Pune,,Apparel,1
FREQ_C0697,C0697,4688.24,2026-08-10 10:37:00,Chennai,Flipkart,E-commerce,1
T03450,C0345,2426.36,2026-08-10 10:37:00,Bengaluru,Big Chill,Restaurant,0
FREQ_C0139,C0139,4155.92,2026-08-10 10:37:00,Kolkata,Burger King,Restaurant,1
T05450,C0545,660.37,2026-08-10 10:38:00,Hyderabad,Reliance,Retail,0
FREQ_C0088,C0088,2464.59,2026-08-10 10:38:00,Chennai,Flipkart,E-commerce,1
MERCH_C0101,C0101,14087.92,2026-08-10 10:39:00,Chennai,Spar,Grocery,1
T07370,C0737,4154.16,2026-08-10 10:39:00,Chennai,Amazon,E-commerce,0
T06220,C0622,4012.71,2026-08-10 10:39:00,Kolkata,Burger King,Restaurant,0
T06040,C0604,2342.54,2026-08-10 10:39:00,,Max,Apparel,0
FREQ_C0950,C0950,4318.02,2026-08-10 10:39:00,,Myntra,E-commerce,1
AMT_C0200,C0200,20128.9,2026-08-10 10:40:00,Pune,Max,Apparel,1
T05760,C0576,4996.12,2026-08-10 10:40:00,Chennai,Max,Apparel,0
T01880,C0188,930.83,2026-08-10 10:40:00,Chennai,,E-commerce,0
AMT_C0767,C0767,18193.62,2026-08-10 10:41:00,Delhi,Spar,Grocery,1
FREQ_C0775,C0775,4941.24,2026-08-10 10:41:00,Bengaluru,Myntra,E-commerce,1
MERCH_C0697,C0697,14547.8,2026-08-10 10:42:00,Delhi,H&M,Apparel,1
T08620,C0862,439.08,2026-08-10 10:42:00,Mumbai,Flipkart,E-commerce,0
T09740,C0974,2284.73,2026-08-10 10:42:00,Bengaluru,,E-commerce,0
T04290,C0429,4100.06,2026-08-10 10:43:00,Kolkata,Max,Apparel,0
T04820,C0482,759.34,2026-08-10 10:43:00,Bengaluru,H&M,Apparel,0
T04150,C0415,5663.18,2026-08-10 10:44:00,Bengaluru,,Apparel,0
T05040,C0504,4294.46,2026-08-10 10:44:00,Goa,Reliance,Retail,0
AMT_C0977,C0977,26580.56,2026-08-10 10:45:00,Hyderabad,Zara,Apparel,1
FREQ_C0056,C0056,3392.81,2026-08-10 10:45:00,Mumbai,H&M,Apparel,1
T03470,C0347,2642.34,2026-08-10 10:45:00,Goa,Max,Apparel,0
MERCH_C0367,C0367,2203.53,2026-08-10 10:45:00,Goa,Big Chill,Restaurant,1
FREQ_C0089,C0089,1065.39,2026-08-10 10:45:00,Goa,Big Chill,Restaurant,1
T01180,C0118,2391.12,2026-08-10 10:46:00,Hyderabad,Big Chill,Restaurant,0
T02020,C0202,5154.14,2026-08-10 10:46:00,Kolkata,Spar,Grocery,0
MERCH_C0915,C0915,3901.84,2026-08-10 10:47:00,Chennai,Flipkart,E-commerce,1
T04450,C0445,2079.82,2026-08-10 10:47:00,Kolkata,Spar,Grocery,0
MERCH_C0047,C0047,7957.07,2026-08-10 10:47:00,Hyderabad,Zara,Apparel,1
MERCH_C0931,C0931,5393.96,2026-08-10 10:48:00,Goa,Big Chill,Restaurant,1
MERCH_C0579,C0579,9731.63,2026-08-10 10:48:00,Kolkata,Zara,Apparel,1
FREQ_C0545,C0545,733.17,2026-08-10 10:48:00,Hyderabad,Amazon,E-commerce,1
AMT_C0115,C0115,18669.08,2026-08-10 10:48:00,Chennai,Reliance,Retail,1
T09490,C0949,1122.54,2026-08-10 10:49:00,Bengaluru,Flipkart,E-commerce,0
T08310,C0831,2396.24,2026-08-10 10:49:00,Hyderabad,Myntra,E-commerce,0
FREQ_C0622,C0622,2649.42,2026-08-10 10:49:00,Kolkata,Burger King,Restaurant,1
FREQ_C0604,C0604,3259.9,2026-08-10 10:49:00,Bengaluru,Big Chill,Restaurant,1
FREQ_C0737,C0737,3538.01,2026-08-10 10:49:00,Chennai,Amazon,E-commerce,1
MERCH_C0534,C0534,11188.75,2026-08-10 10:49:00,Delhi,Zara,Apparel,1
T01220,C0122,811.16,2026-08-10 10:50:00,Goa,H&M,Apparel,0
MERCH_C0089,C0089,5374.52,2026-08-10 10:50:00,Kolkata,Zara,Apparel,1
FREQ_C0188,C0188,1095.5,2026-08-10 10:50:00,Chennai,Spar,Grocery,1
T03980,C0398,2179.06,2026-08-10 10:50:00,Kolkata,Amazon,E-commerce,0
MERCH_C0134,C0134,14315.9,2026-08-10 10:51:00,Kolkata,Spar,Grocery,1
T06310,C0631,4473.64,2026-08-10 10:52:00,Mumbai,H&M,Apparel,0
T08030,C0803,664.98,2026-08-10 10:52:00,Delhi,Amazon,E-commerce,0
T00910,C0091,1232.88,2026-08-10 10:52:00,Pune,Myntra,E-commerce,0
AMT_C0384,C0384,27803.53,2026-08-10 10:52:00,Kolkata,Amazon,E-commerce,1
T01130,C0113,1787.96,2026-08-10 10:53:00,Delhi,Big Chill,Restaurant,0
AMT_C0776,C0776,23999.43,2026-08-10 10:53:00,Mumbai,Reliance,Retail,1
FREQ_C0429,C0429,3423.88,2026-08-10 10:53:00,,Amazon,E-commerce,1
T05780,C0578,1444.68,2026-08-10 10:54:00,Kolkata,Amazon,E-commerce,0
AMT_C0986,C0986,23882.9,2026-08-10 10:54:00,Chennai,Big Chill,Restaurant,1
FREQ_C0504,C0504,3231.08,2026-08-10 10:54:00,Goa,Big Chill,Restaurant,1
FREQ_C0415,C0415,4768.37,2026-08-10 10:54:00,Bengaluru,Flipkart,E-commerce,1
T06810,C0681,1802.11,2026-08-10 10:54:00,Pune,Zara,Apparel,0
T06350,C0635,3923.91,2026-08-10 10:55:00,Hyderabad,Amazon,E-commerce,0
MERCH_C0440,C0440,5838.52,2026-08-10 10:55:00,Kolkata,Spar,Grocery,1
MERCH_C0576,C0576,17301.69,2026-08-10 10:55:00,,Reliance,Retail,1
T04160,C0416,6864.73,2026-08-10 10:55:00,Bengaluru,Max,Apparel,0
AMT_C0142,C0142,13311.13,2026-08-10 10:55:00,Hyderabad,Zara,Apparel,1
FREQ_C0118,C0118,3183.84,2026-08-10 10:56:00,Hyderabad,Big Chill,Restaurant,1
MERCH_C0862,C0862,2343.96,2026-08-10 10:57:00,Kolkata,Myntra,E-commerce,1
T01990,C0199,1089.63,2026-08-10 10:57:00,Delhi,Max,Apparel,0
T05220,C0522,1969.79,2026-08-10 10:58:00,Hyderabad,H&M,Apparel,0
MERCH_C0429,C0429,13415.76,2026-08-10 10:58:00,Goa,Myntra,E-commerce,1
T04920,C0492,815.55,2026-08-10 10:58:00,Delhi,Flipkart,E-commerce,0
AMT_C0822,C0822,3462.76,2026-08-10 10:58:00,Kolkata,Amazon,E-commerce,1
FREQ_C0949,C0949,1603.3,2026-08-10 10:59:00,Bengaluru,,E-commerce,1
MERCH_C0415,C0415,10097.86,2026-08-10 10:59:00,,Amazon,E-commerce,1
T01280,C0128,2230.7,2026-08-10 10:59:00,Hyderabad,Reliance,Retail,0
MERCH_C0347,C0347,16729.9,2026-08-10 11:00:00,Kolkata,Big Chill,Restaurant,1
AMT_C0413,C0413,35702.16,2026-08-10 11:01:00,Chennai,Amazon,E-commerce,1
MERCH_C0413,C0413,5813.87,2026-08-10 11:01:00,Chennai,Burger King,Restaurant,1
MERCH_C0118,C0118,13047.44,2026-08-10 11:01:00,Goa,Spar,Grocery,1
FREQ_C0631,C0631,3835.59,2026-08-10 11:02:00,Mumbai,Spar,Grocery,1
T09930,C0993,626.59,2026-08-10 11:02:00,Delhi,Flipkart,E-commerce,0
FREQ_C0803,C0803,428.76,2026-08-10 11:02:00,Delhi,Flipkart,E-commerce,1
T05380,C0538,3987.08,2026-08-10 11:02:00,Delhi,Big Chill,Restaurant,0
MERCH_C0445,C0445,11595.11,2026-08-10 11:02:00,Pune,,Retail,1
T05580,C0558,2472.47,2026-08-10 11:02:00,Chennai,Big Chill,Restaurant,0
T06670,C0667,629.2,2026-08-10 11:03:00,Pune,Spar,Grocery,0
FREQ_C0113,C0113,2017.24,2026-08-10 11:03:00,Delhi,Max,Apparel,1
T03240,C0324,4376.76,2026-08-10 11:04:00,Delhi,Max,Apparel,0
MERCH_C0811,C0811,3205.74,2026-08-10 11:04:00,Pune,Big Chill,Restaurant,1
FREQ_C0681,C0681,3670.27,2026-08-10 11:04:00,Pune,Big Chill,Restaurant,1
MERCH_C0949,C0949,6961.69,2026-08-10 11:04:00,Kolkata,Max,Apparel,1
T05020,C0502,924.04,2026-08-10 11:04:00,Bengaluru,Flipkart,E-commerce,0
T08560,C0856,2181.81,2026-08-10 11:05:00,Hyderabad,Burger King,Restaurant,0
FREQ_C0635,C0635,3861.24,2026-08-10 11:05:00,Hyderabad,Spar,Grocery,1
T04660,C0466,2313.44,2026-08-10 11:05:00,Hyderabad,Burger King,Restaurant,0
AMT_C0313,C0313,24004.18,2026-08-10 11:06:00,Mumbai,Burger King,Restaurant,1
T05010,C0501,1315.51,2026-08-10 11:06:00,Pune,H&M,Apparel,0
T01550,C0155,1956.27,2026-08-10 11:06:00,Chennai,Big Chill,Restaurant,0
MERCH_C0313,C0313,5817.16,2026-08-10 11:06:00,Mumbai,Spar,Grocery,1
T03810,C0381,1489.21,2026-08-10 11:06:00,Pune,Big Chill,Restaurant,0
MERCH_C0091,C0091,9362.74,2026-08-10 11:07:00,Kolkata,Reliance,Retail,1
FREQ_C0199,C0199,1678.03,2026-08-10 11:07:00,Delhi,Max,Apparel,1
AMT_C0411,C0411,13430.51,2026-08-10 11:08:00,Kolkata,Flipkart,E-commerce,1
MERCH_C0608,C0608,566.97,2026-08-10 11:08:00,Mumbai,Burger King,Restaurant,1
AMT_C0608,C0608,3698.49,2026-08-10 11:08:00,Mumbai,Amazon,E-commerce,1
FREQ_C0492,C0492,612.55,2026-08-10 11:08:00,Delhi,Zara,Apparel,1
MERCH_C0456,C0456,4764.75,2026-08-10 11:08:00,Chennai,Reliance,Retail,1
AMT_C0001,C0001,3132.72,2026-08-10 11:11:00,Mumbai,H&M,Apparel,1
AMT_C0300,C0300,17846.22,2026-08-10 11:11:00,Mumbai,Spar,Grocery,1
T09910,C0991,3025.74,2026-08-10 11:11:00,Pune,H&M,Apparel,0
T03880,C0388,4118.42,2026-08-10 11:11:00,Bengaluru,Amazon,E-commerce,0
FREQ_C0538,C0538,2300.19,2026-08-10 11:12:00,Delhi,Spar,Grocery,1
T03400,C0340,2995.63,2026-08-10 11:12:00,Bengaluru,Reliance,Retail,0
MERCH_C0522,C0522,4566.79,2026-08-10 11:13:00,,Reliance,Retail,1
FREQ_C0502,C0502,599.53,2026-08-10 11:14:00,Bengaluru,Zara,Apparel,1
MERCH_C0128,C0128,8772.46,2026-08-10 11:14:00,Goa,Max,Apparel,1
AMT_C0086,C0086,15821.72,2026-08-10 11:14:00,Pune,Spar,Grocery,1
T06120,C0612,928.26,2026-08-10 11:15:00,Bengaluru,H&M,Apparel,0
FREQ_C0466,C0466,4358.95,2026-08-10 11:15:00,Hyderabad,Max,Apparel,1
AMT_C0246,C0246,12893.04,2026-08-10 11:16:00,Hyderabad,Flipkart,E-commerce,1
T02700,C0270,855.26,2026-08-10 11:16:00,Delhi,Zara,Apparel,0
FREQ_C0381,C0381,1442.06,2026-08-10 11:16:00,Pune,Big Chill,Restaurant,1
FREQ_C0501,C0501,1853.55,2026-08-10 11:16:00,Pune,Burger King,Restaurant,1
AMT_C0361,C0361,21804.27,2026-08-10 11:17:00,Goa,Zara,Apparel,1
MERCH_C0538,C0538,11199.25,2026-08-10 11:17:00,Kolkata,Reliance,Retail,1
AMT_C0454,C0454,24010.69,2026-08-10 11:18:00,Goa,Myntra,E-commerce,1
T01980,C0198,3434.27,2026-08-10 11:18:00,Goa,Big Chill,Restaurant,0
MERCH_C0667,C0667,1935.93,2026-08-10 11:18:00,Bengaluru,H&M,Apparel,1
T00400,C0040,1027.48,2026-08-10 11:19:00,Pune,Flipkart,E-commerce,0
AMT_C0515,C0515,9616.94,2026-08-10 11:19:00,Mumbai,Myntra,E-commerce,1
MERCH_C0193,C0193,2781.06,2026-08-10 11:20:00,Mumbai,Flipkart,E-commerce,1
T08360,C0836,1455.81,2026-08-10 11:20:00,Delhi,Reliance,Retail,0
T05110,C0511,1037.21,2026-08-10 11:20:00,Chennai,Zara,Apparel,0
MERCH_C0081,C0081,2826.13,2026-08-10 11:20:00,,Reliance,Retail,1
MERCH_C0856,C0856,8322.4,2026-08-10 11:20:00,,Amazon,E-commerce,1
AMT_C0519,C0519,19977.1,2026-08-10 11:21:00,,Max,Apparel,1
T02040,C0204,1955.23,2026-08-10 11:21:00,Bengaluru,Reliance,Retail,0
FREQ_C0991,C0991,3712.61,2026-08-10 11:21:00,Pune,H&M,Apparel,1
T06800,C0680,3902.82,2026-08-10 11:22:00,Kolkata,,E-commerce,0
FREQ_C0340,C0340,4533.93,2026-08-10 11:22:00,Bengaluru,Big Chill,Restaurant,1
AMT_C0021,C0021,9790.01,2026-08-10 11:22:00,Hyderabad,Burger King,Restaurant,1
T09020,C0902,3044.15,2026-08-10 11:23:00,Hyderabad,Myntra,E-commerce,0
T08820,C0882,5523.08,2026-08-10 11:24:00,Hyderabad,Max,Apparel,0
T03990,C0399,2885.62,2026-08-10 11:24:00,Hyderabad,Amazon,E-commerce,0
AMT_C0483,C0483,21041.23,2026-08-10 11:25:00,Pune,Spar,Grocery,1
MERCH_C0888,C0888,5591.8,2026-08-10 11:25:00,Mumbai,Spar,Grocery,1
MERCH_C0148,C0148,733.83,2026-08-10 11:26:00,Bengaluru,Spar,Grocery,1
FREQ_C0270,C0270,1125.93,2026-08-10 11:26:00,Delhi,Max,Apparel,1
AMT_C0148,C0148,3911.62,2026-08-10 11:26:00,Bengaluru,Zara,Apparel,1
MERCH_C0400,C0400,4221.12,2026-08-10 11:27:00,Delhi,Big Chill,Restaurant,1
AMT_C0400,C0400,16876.06,2026-08-10 11:27:00,Delhi,Myntra,E-commerce,1
T00230,C0023,4348.11,2026-08-10 11:27:00,Chennai,Burger King,Restaurant,0
AMT_C0360,C0360,21636.47,2026-08-10 11:28:00,Hyderabad,Flipkart,E-commerce,1
T08390,C0839,4998.87,2026-08-10 11:28:00,Chennai,Flipkart,E-commerce,0
T04910,C0491,545.46,2026-08-10 11:28:00,Kolkata,Flipkart,E-commerce,0
AMT_C0533,C0533,16638.75,2026-08-10 11:29:00,Goa,,Apparel,1
MERCH_C0533,C0533,4097.88,2026-08-10 11:29:00,Goa,Flipkart,E-commerce,1
FREQ_C0836,C0836,2022.99,2026-08-10 11:30:00,Delhi,Flipkart,E-commerce,1
T08340,C0834,2203.59,2026-08-10 11:30:00,Pune,Zara,Apparel,0
T08060,C0806,4388.64,2026-08-10 11:30:00,Pune,Big Chill,Restaurant,0
FREQ_C0511,C0511,1012.09,2026-08-10 11:30:00,Chennai,H&M,Apparel,1
AMT_C0414,C0414,23249.15,2026-08-10 11:30:00,Bengaluru,Spar,Grocery,1
AMT_C0474,C0474,6049.94,2026-08-10 11:31:00,Kolkata,Zara,Apparel,1
T09640,C0964,4616.84,2026-08-10 11:32:00,Pune,Flipkart,E-commerce,0
T09100,C0910,1735.01,2026-08-10 11:32:00,Delhi,Big Chill,Restaurant,0
AMT_C0960,C0960,22158.03,2026-08-10 11:33:00,Goa,Burger King,Restaurant,1
T00830,C0083,1091.38,2026-08-10 11:33:00,Delhi,Myntra,E-commerce,0
T08130,C0813,3512.81,2026-08-10 11:34:00,Kolkata,Reliance,Retail,0
FREQ_C0882,C0882,4718.12,2026-08-10 11:34:00,Hyderabad,Max,Apparel,1
FREQ_C0399,C0399,1686.49,2026-08-10 11:34:00,Hyderabad,Big Chill,Restaurant,1
T09870,C0987,1718.87,2026-08-10 11:35:00,Mumbai,Myntra,E-commerce,0
T03660,C0366,2464.54,2026-08-10 11:35:00,Goa,Flipkart,E-commerce,0
MERCH_C0511,C0511,2401.74,2026-08-10 11:35:00,Mumbai,Max,Apparel,1
T06880,C0688,2964.7,2026-08-10 11:35:00,Chennai,Max,Apparel,0
T09240,C0924,735.59,2026-08-10 11:35:00,Pune,Flipkart,E-commerce,0
T01780,C0178,6965.25,2026-08-10 11:36:00,Delhi,Max,Apparel,0
T04680,C0468,2359.1,2026-08-10 11:36:00,Pune,Max,Apparel,0
AMT_C0112,C0112,20819.63,2026-08-10 11:36:00,Pune,,Restaurant,1
AMT_C0421,C0421,17960.91,2026-08-10 11:36:00,Kolkata,Spar,Grocery,1
MERCH_C0680,C0680,9535.81,2026-08-10 11:37:00,Delhi,,Retail,1
T09830,C0983,1145.13,2026-08-10 11:38:00,Bengaluru,Flipkart,E-commerce,0
FREQ_C0491,C0491,649.72,2026-08-10 11:38:00,Kolkata,Big Chill,Restaurant,1
T03510,C0351,2431.24,2026-08-10 11:38:00,Goa,Zara,Apparel,0
AMT_C0779,C0779,22166.27,2026-08-10 11:38:00,Chennai,Flipkart,E-commerce,1
MERCH_C0399,C0399,5988.88,2026-08-10 11:39:00,Goa,Burger King,Restaurant,1
AMT_C0992,C0992,13628.53,2026-08-10 11:39:00,Goa,Burger King,Restaurant,1
FREQ_C0834,C0834,1848.32,2026-08-10 11:40:00,,Myntra,E-commerce,1
FREQ_C0806,C0806,2627.84,2026-08-10 11:40:00,Pune,H&M,Apparel,1
MERCH_C0260,C0260,1415.06,2026-08-10 11:40:00,Goa,Amazon,E-commerce,1
T05210,C0521,924.0,2026-08-10 11:40:00,Chennai,Burger King,Restaurant,0
MERCH_C0832,C0832,5435.11,2026-08-10 11:40:00,Bengaluru,Myntra,E-commerce,1
AMT_C0971,C0971,6201.76,2026-08-10 11:41:00,Hyderabad,H&M,Apparel,1
T07100,C0710,2157.32,2026-08-10 11:41:00,Mumbai,Flipkart,E-commerce,0
FREQ_C0964,C0964,4780.75,2026-08-10 11:42:00,Pune,Flipkart,E-commerce,1
FREQ_C0910,C0910,913.25,2026-08-10 11:42:00,Delhi,Flipkart,E-commerce,1
T01950,C0195,4935.1,2026-08-10 11:42:00,Hyderabad,Amazon,E-commerce,0
MERCH_C0703,C0703,2736.63,2026-08-10 11:43:00,Kolkata,Flipkart,E-commerce,1
MERCH_C0491,C0491,2015.46,2026-08-10 11:43:00,Delhi,Zara,Apparel,1
FREQ_C0083,C0083,783.69,2026-08-10 11:43:00,Delhi,Spar,Grocery,1
T06370,C0637,3155.63,2026-08-10 11:43:00,Pune,Burger King,Restaurant,0
FREQ_C0813,C0813,4742.25,2026-08-10 11:44:00,Kolkata,Burger King,Restaurant,1
FREQ_C0688,C0688,2749.84,2026-08-10 11:45:00,Chennai,Max,Apparel,1
T02480,C0248,2205.28,2026-08-10 11:47:00,Pune,Big Chill,Restaurant,0
T04630,C0463,1840.62,2026-08-10 11:47:00,Hyderabad,H&M,Apparel,0
T04610,C0461,2035.29,2026-08-10 11:48:00,Pune,Max,Apparel,0
FREQ_C0351,C0351,2547.18,2026-08-10 11:48:00,Goa,Zara,Apparel,1
T09510,C0951,3069.15,2026-08-10 11:48:00,Pune,Amazon,E-commerce,0
T00700,C0070,1668.92,2026-08-10 11:48:00,Chennai,Reliance,Retail,0
FREQ_C0983,C0983,1785.99,2026-08-10 11:48:00,Bengaluru,Flipkart,E-commerce,1
T01820,C0182,2733.73,2026-08-10 11:49:00,Bengaluru,Spar,Grocery,0
T05400,C0540,2198.72,2026-08-10 11:49:00,Pune,Flipkart,E-commerce,0
MERCH_C0813,C0813,12745.35,2026-08-10 11:49:00,Delhi,Spar,Grocery,1
MERCH_C0987,C0987,3328.0,2026-08-10 11:50:00,Goa,Burger King,Restaurant,1
MERCH_C0366,C0366,8239.24,2026-08-10 11:50:00,Mumbai,Max,Apparel,1
AMT_C0173,C0173,13107.01,2026-08-10 11:50:00,Delhi,Spar,Grocery,1
MERCH_C0173,C0173,3403.38,2026-08-10 11:50:00,Delhi,Myntra,E-commerce,1
FREQ_C0521,C0521,1296.9,2026-08-10 11:50:00,Chennai,Burger King,Restaurant,1
T07550,C0755,1952.43,2026-08-10 11:51:00,Hyderabad,Reliance,Retail,0
FREQ_C0710,C0710,2374.96,2026-08-10 11:51:00,Mumbai,Amazon,E-commerce,1
AMT_C0595,C0595,5424.81,2026-08-10 11:51:00,,Max,Apparel,1
T02670,C0267,1005.06,2026-08-10 11:52:00,Chennai,Reliance,Retail,0
AMT_C0978,C0978,16464.66,2026-08-10 11:52:00,Delhi,Max,Apparel,1
AMT_C0485,C0485,21121.59,2026-08-10 11:53:00,Goa,Myntra,E-commerce,1
MERCH_C0351,C0351,9968.66,2026-08-10 11:53:00,Delhi,Reliance,Retail,1
T03310,C0331,979.47,2026-08-10 11:53:00,Goa,Burger King,Restaurant,0
T06020,C0602,3800.43,2026-08-10 11:53:00,Bengaluru,Amazon,E-commerce,0
AMT_C0497,C0497,13918.08,2026-08-10 11:56:00,Pune,Reliance,Retail,1
T01160,C0116,1613.57,2026-08-10 11:56:00,Chennai,Max,Apparel,0
T01500,C0150,2577.38,2026-08-10 11:56:00,Bengaluru,Max,Apparel,0
T08840,C0884,917.64,2026-08-10 11:56:00,Hyderabad,Burger King,Restaurant,0
T04930,C0493,651.42,2026-08-10 11:57:00,Bengaluru,Big Chill,Restaurant,0
T09650,C0965,2852.12,2026-08-10 11:57:00,Chennai,Spar,Grocery,0
AMT_C0481,C0481,3748.71,2026-08-10 11:58:00,Goa,Big Chill,Restaurant,1
FREQ_C0070,C0070,2812.99,2026-08-10 11:58:00,Chennai,Reliance,Retail,1
T05600,C0560,4046.74,2026-08-10 11:59:00,Goa,Max,Apparel,0
FREQ_C0182,C0182,2035.25,2026-08-10 11:59:00,Bengaluru,H&M,Apparel,1
T08690,C0869,2621.51,2026-08-10 12:00:00,Delhi,Max,Apparel,0
FREQ_C0755,C0755,2170.85,2026-08-10 12:01:00,Hyderabad,Reliance,Retail,1
AMT_C0210,C0210,24838.09,2026-08-10 12:02:00,Bengaluru,Spar,Grocery,1
MERCH_C0463,C0463,4946.06,2026-08-10 12:02:00,Kolkata,Reliance,Retail,1
MERCH_C0210,C0210,4340.96,2026-08-10 12:02:00,Bengaluru,Big Chill,Restaurant,1
FREQ_C0331,C0331,516.85,2026-08-10 12:03:00,Goa,Max,Apparel,1
LOC_C0740,C0740,3831.94,2026-08-10 12:03:00,Pune,Zara,Apparel,1
T06870,C0687,2928.72,2026-08-10 12:03:00,Mumbai,Burger King,Restaurant,0
MERCH_C0070,C0070,9985.63,2026-08-10 12:03:00,Kolkata,H&M,Apparel,1
T09630,C0963,1719.59,2026-08-10 12:03:00,Kolkata,Flipkart,E-commerce,0
T09670,C0967,2469.12,2026-08-10 12:04:00,,Amazon,E-commerce,0
AMT_C0572,C0572,9141.8,2026-08-10 12:04:00,Chennai,Myntra,E-commerce,1
T07080,C0708,4145.79,2026-08-10 12:04:00,Pune,Flipkart,E-commerce,0
LOC_C0609,C0609,590.61,2026-08-10 12:05:00,Mumbai,Big Chill,Restaurant,1
T08460,C0846,1952.23,2026-08-10 12:05:00,Hyderabad,Flipkart,E-commerce,0
T04270,C0427,2859.79,2026-08-10 12:05:00,Kolkata,Flipkart,E-commerce,0
T00820,C0082,1160.69,2026-08-10 12:05:00,Delhi,Max,Apparel,0
AMT_C0098,C0098,14108.39,2026-08-10 12:06:00,Chennai,Max,Apparel,1
LOC_C0941,C0941,3303.45,2026-08-10 12:06:00,Kolkata,Spar,Grocery,1
LOC_C0092,C0092,3285.65,2026-08-10 12:06:00,Mumbai,H&M,Apparel,1
T01920,C0192,464.66,2026-08-10 12:06:00,Kolkata,Reliance,Retail,0
FREQ_C0150,C0150,2461.66,2026-08-10 12:06:00,Bengaluru,Spar,Grocery,1
T08790,C0879,2447.41,2026-08-10 12:06:00,Hyderabad,H&M,Apparel,0
T07630,C0763,4253.16,2026-08-10 12:06:00,Kolkata,Big Chill,Restaurant,0
AMT_C0284,C0284,25141.95,2026-08-10 12:07:00,Hyderabad,Max,Apparel,1
AMT_C0355,C0355,6319.21,2026-08-10 12:07:00,Pune,Burger King,Restaurant,1
FREQ_C0965,C0965,3040.83,2026-08-10 12:07:00,Chennai,Amazon,E-commerce,1
FREQ_C0493,C0493,503.91,2026-08-10 12:07:00,Bengaluru,Max,Apparel,1
T01890,C0189,2095.87,2026-08-10 12:08:00,Kolkata,Reliance,Retail,0
T00500,C0050,3201.77,2026-08-10 12:08:00,Chennai,Amazon,E-commerce,0
T08480,C0848,3570.26,2026-08-10 12:08:00,Kolkata,Spar,Grocery,0
T05270,C0527,873.89,2026-08-10 12:09:00,Hyderabad,Zara,Apparel,0
T02030,C0203,2392.76,2026-08-10 12:09:00,Bengaluru,Burger King,Restaurant,0
MERCH_C0546,C0546,4732.38,2026-08-10 12:10:00,Hyderabad,Reliance,Retail,1
T04020,C0402,5212.93,2026-08-10 12:11:00,Goa,,Retail,0
T04490,C0449,1838.17,2026-08-10 12:11:00,Mumbai,Burger King,Restaurant,0
MERCH_C0116,C0116,4137.5,2026-08-10 12:11:00,Bengaluru,Reliance,Retail,1
T08180,C0818,1744.05,2026-08-10 12:11:00,Bengaluru,Reliance,Retail,0
T09360,C0936,2039.79,2026-08-10 12:13:00,Mumbai,Flipkart,E-commerce,0
FREQ_C0687,C0687,2207.4,2026-08-10 12:13:00,Mumbai,Myntra,E-commerce,1
LOC_C0970,C0970,2087.48,2026-08-10 12:13:00,,Myntra,E-commerce,1
FREQ_C0708,C0708,2230.5,2026-08-10 12:14:00,Pune,Big Chill,Restaurant,1
T05310,C0531,5337.1,2026-08-10 12:15:00,Delhi,Burger King,Restaurant,0
T04460,C0446,2768.12,2026-08-10 12:15:00,Chennai,Burger King,Restaurant,0
FREQ_C0427,C0427,5747.85,2026-08-10 12:15:00,Kolkata,Flipkart,E-commerce,1
MERCH_C0869,C0869,7204.66,2026-08-10 12:15:00,Goa,Myntra,E-commerce,1
T08450,C0845,1195.63,2026-08-10 12:15:00,Bengaluru,Zara,Apparel,0
FREQ_C0082,C0082,1063.63,2026-08-10 12:15:00,Delhi,Zara,Apparel,1
T08770,C0877,4789.19,2026-08-10 12:15:00,Kolkata,Reliance,Retail,0
MERCH_C0514,C0514,2488.47,2026-08-10 12:15:00,Bengaluru,Amazon,E-commerce,1
AMT_C0514,C0514,16241.5,2026-08-10 12:15:00,Bengaluru,Max,Apparel,1
FREQ_C0846,C0846,2644.86,2026-08-10 12:15:00,Hyderabad,Max,Apparel,1
FREQ_C0763,C0763,3386.91,2026-08-10 12:16:00,Kolkata,Big Chill,Restaurant,1
FREQ_C0192,C0192,426.36,2026-08-10 12:16:00,Kolkata,Max,Apparel,1
FREQ_C0879,C0879,1914.39,2026-08-10 12:16:00,Hyderabad,H&M,Apparel,1
AMT_C0866,C0866,19867.09,2026-08-10 12:16:00,Mumbai,Reliance,Retail,1
T08490,C0849,2487.71,2026-08-10 12:16:00,Hyderabad,Flipkart,E-commerce,0
T05900,C0590,1833.37,2026-08-10 12:16:00,Chennai,Big Chill,Restaurant,0
T02270,C0227,5274.06,2026-08-10 12:16:00,Goa,Reliance,Retail,0
MERCH_C0814,C0814,3837.07,2026-08-10 12:18:00,Mumbai,Flipkart,E-commerce,1
MERCH_C0687,C0687,7790.92,2026-08-10 12:18:00,Goa,Burger King,Restaurant,1
LOC_C0329,C0329,2445.88,2026-08-10 12:18:00,Bengaluru,Spar,Grocery,1
AMT_C0921,C0921,29969.44,2026-08-10 12:18:00,Pune,Big Chill,Restaurant,1
T01050,C0105,3102.32,2026-08-10 12:18:00,Kolkata,Reliance,Retail,0
FREQ_C0203,C0203,1842.48,2026-08-10 12:19:00,Bengaluru,Burger King,Restaurant,1
FREQ_C0527,C0527,1363.4,2026-08-10 12:19:00,Hyderabad,Spar,Grocery,1
T02830,C0283,1816.62,2026-08-10 12:19:00,Kolkata,Burger King,Restaurant,0
T09470,C0947,4517.83,2026-08-10 12:20:00,Kolkata,Zara,Apparel,0
LOC_C0280,C0280,3171.8,2026-08-10 12:20:00,Kolkata,Myntra,E-commerce,1
AMT_C0699,C0699,6525.77,2026-08-10 12:20:00,Kolkata,Big Chill,Restaurant,1
FREQ_C0818,C0818,3199.75,2026-08-10 12:21:00,,Big Chill,Restaurant,1
FREQ_C0402,C0402,3632.16,2026-08-10 12:21:00,Goa,Amazon,E-commerce,1
T04750,C0475,4127.21,2026-08-10 12:22:00,Pune,Reliance,Retail,0
LOC_C0185,C0185,4205.2,2026-08-10 12:22:00,Chennai,Zara,Apparel,1
T00380,C0038,513.38,2026-08-10 12:23:00,Delhi,Amazon,E-commerce,0
LOC_C0005,C0005,2948.67,2026-08-10 12:23:00,Goa,Amazon,E-commerce,1
T00420,C0042,2567.41,2026-08-10 12:23:00,Pune,Reliance,Retail,0
T07200,C0720,367.24,2026-08-10 12:23:00,Kolkata,Big Chill,Restaurant,0
MERCH_C0203,C0203,9741.75,2026-08-10 12:24:00,Hyderabad,Max,Apparel,1
T02540,C0254,1635.29,2026-08-10 12:24:00,Mumbai,Amazon,E-commerce,0
MERCH_C0900,C0900,2125.54,2026-08-10 12:24:00,Goa,Flipkart,E-commerce,1
T03680,C0368,2550.69,2026-08-10 12:24:00,,,Apparel,0
T08230,C0823,3647.22,2026-08-10 12:25:00,Chennai,Flipkart,E-commerce,0
FREQ_C0877,C0877,3490.04,2026-08-10 12:25:00,Kolkata,Zara,Apparel,1
T07880,C0788,505.84,2026-08-10 12:26:00,Kolkata,Zara,Apparel,0
T05870,C0587,4398.47,2026-08-10 12:26:00,Delhi,Max,Apparel,0
LOC_C0226,C0226,2904.99,2026-08-10 12:26:00,Delhi,Big Chill,Restaurant,1
LOC_C0068,C0068,3627.28,2026-08-10 12:26:00,Goa,Amazon,E-commerce,1
FREQ_C0849,C0849,2889.91,2026-08-10 12:26:00,Hyderabad,Flipkart,E-commerce,1
LOC_C0670,C0670,4306.34,2026-08-10 12:27:00,Delhi,Spar,Grocery,1
T02490,C0249,2271.15,2026-08-10 12:27:00,Kolkata,Reliance,Retail,0
AMT_C0139,C0139,18311.84,2026-08-10 12:27:00,Kolkata,,Restaurant,1
MERCH_C0139,C0139,5101.59,2026-08-10 12:27:00,Kolkata,Spar,Grocery,1
AMT_C0088,C0088,13480.62,2026-08-10 12:28:00,Chennai,Zara,Apparel,1
MERCH_C0085,C0085,2300.01,2026-08-10 12:28:00,Pune,H&M,Apparel,1
AMT_C0458,C0458,25071.64,2026-08-10 12:28:00,Chennai,Myntra,E-commerce,1
AMT_C0950,C0950,19580.68,2026-08-10 12:29:00,Bengaluru,Burger King,Restaurant,1
LOC_C0438,C0438,1328.91,2026-08-10 12:29:00,Mumbai,Max,Apparel,1
LOC_C0559,C0559,1997.97,2026-08-10 12:29:00,Mumbai,Max,Apparel,1
FREQ_C0283,C0283,2683.94,2026-08-10 12:29:00,Kolkata,Myntra,E-commerce,1
MERCH_C0845,C0845,3611.17,2026-08-10 12:30:00,Mumbai,Spar,Grocery,1
T09850,C0985,2119.49,2026-08-10 12:30:00,Kolkata,Spar,Grocery,0
LOC_C0932,C0932,4192.5,2026-08-10 12:30:00,Delhi,H&M,Apparel,1
LOC_C0020,C0020,3516.66,2026-08-10 12:30:00,Kolkata,Big Chill,Restaurant,1
FREQ_C0947,C0947,4348.06,2026-08-10 12:30:00,Kolkata,Zara,Apparel,1
T09430,C0943,2333.98,2026-08-10 12:31:00,Chennai,Big Chill,Restaurant,0
AMT_C0047,C0047,17760.65,2026-08-10 12:32:00,Bengaluru,Flipkart,E-commerce,1
T08080,C0808,1814.18,2026-08-10 12:32:00,Kolkata,Amazon,E-commerce,0
LOC_C0418,C0418,3283.72,2026-08-10 12:32:00,Mumbai,H&M,Apparel,1
AMT_C0915,C0915,9853.4,2026-08-10 12:32:00,,Max,Apparel,1
T06560,C0656,616.59,2026-08-10 12:32:00,Mumbai,Amazon,E-commerce,0
FREQ_C0475,C0475,4477.26,2026-08-10 12:32:00,Pune,Burger King,Restaurant,1
T06060,C0606,4659.88,2026-08-10 12:32:00,Delhi,Big Chill,Restaurant,0
AMT_C0114,C0114,25898.27,2026-08-10 12:32:00,Kolkata,Flipkart,E-commerce,1
AMT_C0579,C0579,18041.36,2026-08-10 12:33:00,Chennai,Big Chill,Restaurant,1
T09890,C0989,2376.52,2026-08-10 12:33:00,Kolkata,Flipkart,E-commerce,0
FREQ_C0720,C0720,705.7,2026-08-10 12:33:00,Kolkata,Big Chill,Restaurant,1
T06540,C0654,2605.49,2026-08-10 12:33:00,Delhi,H&M,Apparel,0
T07540,C0754,1484.04,2026-08-10 12:33:00,Hyderabad,Spar,Grocery,0
T04650,C0465,3001.67,2026-08-10 12:34:00,Chennai,Big Chill,Restaurant,0
LOC_C0956,C0956,2403.0,2026-08-10 12:34:00,Bengaluru,Zara,Apparel,1
T05500,C0550,4477.53,2026-08-10 12:35:00,Kolkata,,Apparel,0
MERCH_C0947,C0947,15489.46,2026-08-10 12:35:00,Delhi,Burger King,Restaurant,1
FREQ_C0823,C0823,3589.85,2026-08-10 12:35:00,Chennai,Flipkart,E-commerce,1
T09460,C0946,4930.41,2026-08-10 12:35:00,Hyderabad,Amazon,E-commerce,0
T00610,C0061,616.14,2026-08-10 12:36:00,Mumbai,Big Chill,Restaurant,0
AMT_C0134,C0134,24640.15,2026-08-10 12:36:00,Pune,Myntra,E-commerce,1
T09270,C0927,5691.44,2026-08-10 12:36:00,Bengaluru,Myntra,E-commerce,0
LOC_C0634,C0634,1264.67,2026-08-10 12:36:00,Bengaluru,H&M,Apparel,1
FREQ_C0788,C0788,918.78,2026-08-10 12:36:00,,Amazon,E-commerce,1
AMT_C0345,C0345,16867.81,2026-08-10 12:37:00,,Reliance,Retail,1
T05610,C0561,4920.45,2026-08-10 12:37:00,Kolkata,Flipkart,E-commerce,0
MERCH_C0345,C0345,3015.58,2026-08-10 12:37:00,Bengaluru,Zara,Apparel,1
AMT_C0545,C0545,4584.03,2026-08-10 12:38:00,Hyderabad,Amazon,E-commerce,1
MERCH_C0545,C0545,944.53,2026-08-10 12:38:00,Hyderabad,Flipkart,E-commerce,1
MERCH_C0038,C0038,2561.3,2026-08-10 12:38:00,Kolkata,Zara,Apparel,1
MERCH_C0042,C0042,10533.23,2026-08-10 12:38:00,Chennai,Max,Apparel,1
MERCH_C0720,C0720,2302.86,2026-08-10 12:38:00,,Amazon,E-commerce,1
AMT_C0737,C0737,26074.5,2026-08-10 12:39:00,Chennai,Amazon,E-commerce,1
MERCH_C0622,C0622,3759.09,2026-08-10 12:39:00,Kolkata,Zara,Apparel,1
T08520,C0852,2290.73,2026-08-10 12:39:00,Hyderabad,Flipkart,E-commerce,0
T05090,C0509,370.49,2026-08-10 12:39:00,Hyderabad,Burger King,Restaurant,0
LOC_C0733,C0733,6228.36,2026-08-10 12:39:00,Delhi,Myntra,E-commerce,1
T03360,C0336,5024.5,2026-08-10 12:39:00,Delhi,Zara,Apparel,0
MERCH_C0254,C0254,6166.37,2026-08-10 12:39:00,Bengaluru,Zara,Apparel,1
T09220,C0922,1903.86,2026-08-10 12:40:00,Mumbai,H&M,Apparel,0
AMT_C0188,C0188,13639.34,2026-08-10 12:40:00,Chennai,Amazon,E-commerce,1
FREQ_C0985,C0985,3186.04,2026-08-10 12:40:00,Kolkata,Spar,Grocery,1
MERCH_C0188,C0188,1644.48,2026-08-10 12:40:00,Chennai,,E-commerce,1
LOC_C0200,C0200,2715.03,2026-08-10 12:40:00,Bengaluru,Myntra,E-commerce,1
T03200,C0320,3315.37,2026-08-10 12:41:00,Pune,Myntra,E-commerce,0
LOC_C0302,C0302,1902.61,2026-08-10 12:41:00,Mumbai,Max,Apparel,1
AMT_C0862,C0862,4540.18,2026-08-10 12:42:00,Mumbai,Flipkart,E-commerce,1
FREQ_C0656,C0656,460.66,2026-08-10 12:42:00,Mumbai,H&M,Apparel,1
AMT_C0429,C0429,21857.96,2026-08-10 12:43:00,Kolkata,Max,Apparel,1
FREQ_C0754,C0754,1060.21,2026-08-10 12:43:00,Hyderabad,Big Chill,Restaurant,1
FREQ_C0654,C0654,3202.6,2026-08-10 12:43:00,Delhi,H&M,Apparel,1
T07040,C0704,1611.19,2026-08-10 12:43:00,Chennai,Spar,Grocery,0
T07440,C0744,3520.13,2026-08-10 12:43:00,Hyderabad,Zara,Apparel,0
AMT_C0504,C0504,24284.28,2026-08-10 12:44:00,Goa,Reliance,Retail,1
T08440,C0844,1180.9,2026-08-10 12:45:00,Mumbai,Flipkart,E-commerce,0
LOC_C0977,C0977,4757.05,2026-08-10 12:45:00,Goa,Flipkart,E-commerce,1
LOC_C0367,C0367,2792.68,2026-08-10 12:45:00,Mumbai,Spar,Grocery,1
T01290,C0129,702.0,2026-08-10 12:45:00,Hyderabad,Burger King,Restaurant,0
T06720,C0672,3680.88,2026-08-10 12:46:00,Hyderabad,H&M,Apparel,0
AMT_C0202,C0202,27097.1,2026-08-10 12:46:00,Kolkata,H&M,Apparel,1
T00620,C0062,2966.24,2026-08-10 12:46:00,Goa,Spar,Grocery,0
AMT_C0118,C0118,30060.57,2026-08-10 12:46:00,Hyderabad,Big Chill,Restaurant,1
T01570,C0157,2047.18,2026-08-10 12:46:00,Pune,Zara,Apparel,0
AMT_C0445,C0445,30879.6,2026-08-10 12:47:00,Kolkata,Flipkart,E-commerce,1
MERCH_C0754,C0754,5764.46,2026-08-10 12:48:00,Delhi,Max,Apparel,1
LOC_C0115,C0115,3707.06,2026-08-10 12:48:00,Hyderabad,Amazon,E-commerce,1
T01770,C0177,6975.51,2026-08-10 12:48:00,Goa,Reliance,Retail,0
LOC_C0931,C0931,4768.76,2026-08-10 12:48:00,Pune,H&M,Apparel,1
FREQ_C0336,C0336,3041.2,2026-08-10 12:49:00,Delhi,Zara,Apparel,1
LOC_C0580,C0580,3983.62,2026-08-10 12:49:00,Goa,Burger King,Restaurant,1
T07300,C0730,3010.91,2026-08-10 12:49:00,Delhi,,Apparel,0
AMT_C0949,C0949,12203.84,2026-08-10 12:49:00,Bengaluru,Flipkart,E-commerce,1
MERCH_C0550,C0550,10141.61,2026-08-10 12:50:00,Chennai,Myntra,E-commerce,1
FREQ_C0320,C0320,3053.0,2026-08-10 12:51:00,Pune,Myntra,E-commerce,1
MERCH_C0061,C0061,3289.48,2026-08-10 12:51:00,Delhi,Max,Apparel,1
MERCH_C0631,C0631,3897.75,2026-08-10 12:52:00,Mumbai,Myntra,E-commerce,1
AMT_C0631,C0631,20524.22,2026-08-10 12:52:00,Mumbai,Spar,Grocery,1
LOC_C0384,C0384,6442.94,2026-08-10 12:52:00,Hyderabad,Amazon,E-commerce,1
T06930,C0693,5865.93,2026-08-10 12:53:00,Goa,Reliance,Retail,0
T02940,C0294,4273.2,2026-08-10 12:53:00,Hyderabad,Reliance,Retail,0
T00710,C0071,3290.93,2026-08-10 12:53:00,Delhi,Max,Apparel,0
AMT_C0113,C0113,15049.49,2026-08-10 12:53:00,,Max,Apparel,1
T05940,C0594,3307.2,2026-08-10 12:53:00,Goa,Reliance,Retail,0
FREQ_C0704,C0704,1425.93,2026-08-10 12:53:00,Chennai,Max,Apparel,1
T02050,C0205,7208.76,2026-08-10 12:53:00,Hyderabad,Zara,Apparel,0
T00590,C0059,2701.47,2026-08-10 12:53:00,Bengaluru,Burger King,Restaurant,0
T09790,C0979,4258.84,2026-08-10 12:54:00,Pune,Burger King,Restaurant,0
LOC_C0986,C0986,4106.56,2026-08-10 12:54:00,Goa,,Restaurant,1
AMT_C0681,C0681,19356.58,2026-08-10 12:54:00,Pune,Zara,Apparel,1
AMT_C0416,C0416,38001.56,2026-08-10 12:55:00,Bengaluru,Zara,Apparel,1
FREQ_C0844,C0844,2325.7,2026-08-10 12:55:00,Mumbai,Zara,Apparel,1
T04030,C0403,507.82,2026-08-10 12:56:00,Pune,Max,Apparel,0
FREQ_C0062,C0062,5588.56,2026-08-10 12:56:00,Goa,H&M,Apparel,1
T00650,C0065,858.41,2026-08-10 12:57:00,Goa,Flipkart,E-commerce,0
AMT_C0492,C0492,4279.07,2026-08-10 12:58:00,Delhi,Flipkart,E-commerce,1
T06400,C0640,6316.12,2026-08-10 12:58:00,Kolkata,Myntra,E-commerce,0
T02980,C0298,3295.94,2026-08-10 12:58:00,Bengaluru,Max,Apparel,0
AMT_C0522,C0522,13054.0,2026-08-10 12:58:00,,H&M,Apparel,1
FREQ_C0177,C0177,5432.07,2026-08-10 12:58:00,Goa,Reliance,Retail,1
T05280,C0528,4779.95,2026-08-10 12:59:00,Kolkata,Big Chill,Restaurant,0
T06890,C0689,4448.39,2026-08-10 13:00:00,Kolkata,Big Chill,Restaurant,0
MERCH_C0062,C0062,14425.18,2026-08-10 13:01:00,Kolkata,Amazon,E-commerce,1
T01790,C0179,2367.53,2026-08-10 13:01:00,Bengaluru,,Retail,0
MERCH_C0157,C0157,13198.75,2026-08-10 13:01:00,Bengaluru,H&M,Apparel,1
LOC_C0728,C0728,4544.95,2026-08-10 13:02:00,Hyderabad,Max,Apparel,1
AMT_C0538,C0538,26082.8,2026-08-10 13:02:00,Delhi,Big Chill,Restaurant,1
AMT_C0993,C0993,3571.61,2026-08-10 13:02:00,Delhi,Flipkart,E-commerce,1
AMT_C0667,C0667,3661.28,2026-08-10 13:03:00,Pune,Burger King,Restaurant,1
AMT_C0502,C0502,5412.49,2026-08-10 13:04:00,Bengaluru,Flipkart,E-commerce,1
LOC_C0811,C0811,3957.07,2026-08-10 13:04:00,Goa,Myntra,E-commerce,1
T04690,C0469,4156.67,2026-08-10 13:04:00,Delhi,Burger King,Restaurant,0
T05490,C0549,2547.86,2026-08-10 13:04:00,Chennai,Myntra,E-commerce,0
FREQ_C0979,C0979,4066.46,2026-08-10 13:04:00,Pune,Reliance,Retail,1
T07980,C0798,2393.41,2026-08-10 13:05:00,Goa,Big Chill,Restaurant,0
T00740,C0074,4354.3,2026-08-10 13:05:00,Chennai,Amazon,E-commerce,0
MERCH_C0466,C0466,5137.27,2026-08-10 13:05:00,Hyderabad,H&M,Apparel,1
MERCH_C0501,C0501,1993.31,2026-08-10 13:06:00,Pune,Max,Apparel,1
AMT_C0155,C0155,12232.92,2026-08-10 13:06:00,Chennai,Zara,Apparel,1
AMT_C0381,C0381,5277.58,2026-08-10 13:06:00,Pune,Zara,Apparel,1
FREQ_C0403,C0403,441.16,2026-08-10 13:06:00,Pune,Max,Apparel,1
LOC_C0313,C0313,4752.89,2026-08-10 13:06:00,Goa,Flipkart,E-commerce,1
FREQ_C0065,C0065,2028.28,2026-08-10 13:07:00,Goa,Max,Apparel,1
LOC_C0758,C0758,1890.44,2026-08-10 13:08:00,Goa,H&M,Apparel,1
MERCH_C0693,C0693,12403.83,2026-08-10 13:08:00,Chennai,,Grocery,1
FREQ_C0528,C0528,6015.05,2026-08-10 13:09:00,Kolkata,Spar,Grocery,1
T01510,C0151,2008.15,2026-08-10 13:10:00,,Myntra,E-commerce,0
LOC_C0774,C0774,1503.91,2026-08-10 13:10:00,Hyderabad,Amazon,E-commerce,1
AMT_C0991,C0991,20932.34,2026-08-10 13:11:00,Pune,Reliance,Retail,1
LOC_C0001,C0001,609.03,2026-08-10 13:11:00,Hyderabad,H&M,Apparel,1
LOC_C0300,C0300,4434.71,2026-08-10 13:11:00,,Flipkart,E-commerce,1
MERCH_C0403,C0403,1749.47,2026-08-10 13:11:00,Chennai,Spar,Grocery,1
T07830,C0783,2450.07,2026-08-10 13:12:00,Chennai,Max,Apparel,0
MERCH_C0340,C0340,5337.52,2026-08-10 13:12:00,Bengaluru,Flipkart,E-commerce,1
AMT_C0340,C0340,33188.24,2026-08-10 13:12:00,Bengaluru,Reliance,Retail,1
T05250,C0525,1594.94,2026-08-10 13:13:00,Hyderabad,Max,Apparel,0
FREQ_C0798,C0798,2856.93,2026-08-10 13:15:00,Goa,Reliance,Retail,1
AMT_C0270,C0270,10142.11,2026-08-10 13:16:00,Delhi,Max,Apparel,1
LOC_C0246,C0246,3320.53,2026-08-10 13:16:00,Delhi,Zara,Apparel,1
T08430,C0843,2628.35,2026-08-10 13:16:00,Goa,Myntra,E-commerce,0
LOC_C0361,C0361,3963.0,2026-08-10 13:17:00,Mumbai,Zara,Apparel,1
T05370,C0537,2765.57,2026-08-10 13:17:00,Mumbai,Reliance,Retail,0
LOC_C0454,C0454,4708.56,2026-08-10 13:18:00,Mumbai,Myntra,E-commerce,1
T08300,C0830,2497.1,2026-08-10 13:19:00,Goa,Spar,Grocery,0
MERCH_C0836,C0836,1698.72,2026-08-10 13:20:00,Delhi,,Grocery,1
AMT_C0511,C0511,6823.35,2026-08-10 13:20:00,Chennai,Zara,Apparel,1
AMT_C0204,C0204,17309.66,2026-08-10 13:21:00,Bengaluru,Reliance,Retail,1
MERCH_C0204,C0204,5147.42,2026-08-10 13:21:00,Bengaluru,Zara,Apparel,1
LOC_C0649,C0649,6193.62,2026-08-10 13:21:00,Delhi,Max,Apparel,1
AMT_C0680,C0680,24620.54,2026-08-10 13:22:00,Kolkata,Spar,Grocery,1
T01240,C0124,2988.05,2026-08-10 13:22:00,Goa,Myntra,E-commerce,0
FREQ_C0783,C0783,1318.24,2026-08-10 13:22:00,Chennai,Burger King,Restaurant,1
T05860,C0586,693.86,2026-08-10 13:23:00,Kolkata,Myntra,E-commerce,0
FREQ_C0525,C0525,2071.94,2026-08-10 13:23:00,Hyderabad,Myntra,E-commerce,1
LOC_C0614,C0614,3387.76,2026-08-10 13:23:00,Kolkata,H&M,Apparel,1
MERCH_C0902,C0902,5306.52,2026-08-10 13:23:00,Hyderabad,Flipkart,E-commerce,1
AMT_C0882,C0882,22411.58,2026-08-10 13:24:00,Hyderabad,Amazon,E-commerce,1
LOC_C0888,C0888,3656.91,2026-08-10 13:25:00,Chennai,Amazon,E-commerce,1
T03220,C0322,715.65,2026-08-10 13:25:00,Mumbai,Burger King,Restaurant,0
LOC_C0483,C0483,3216.46,2026-08-10 13:25:00,Delhi,Zara,Apparel,1
T00330,C0033,5202.18,2026-08-10 13:26:00,Kolkata,Flipkart,E-commerce,0
T09060,C0906,1646.09,2026-08-10 13:27:00,Pune,Zara,Apparel,0
MERCH_C0023,C0023,4116.75,2026-08-10 13:27:00,Chennai,Reliance,Retail,1
LOC_C0400,C0400,3067.35,2026-08-10 13:27:00,Bengaluru,Myntra,E-commerce,1
AMT_C0839,C0839,31935.81,2026-08-10 13:28:00,Chennai,Spar,Grocery,1
MERCH_C0839,C0839,3981.73,2026-08-10 13:28:00,Chennai,Reliance,Retail,1
LOC_C0533,C0533,3776.94,2026-08-10 13:29:00,Bengaluru,Max,Apparel,1
FREQ_C0830,C0830,3026.48,2026-08-10 13:29:00,Goa,Reliance,Retail,1
T07450,C0745,4396.61,2026-08-10 13:29:00,,Burger King,Restaurant,0
T01450,C0145,3695.39,2026-08-10 13:30:00,Pune,Myntra,E-commerce,0
AMT_C0806,C0806,21573.04,2026-08-10 13:30:00,Pune,H&M,Apparel,1
LOC_C0084,C0084,4250.1,2026-08-10 13:32:00,,Big Chill,Restaurant,1
T02160,C0216,3244.14,2026-08-10 13:32:00,Bengaluru,Burger King,Restaurant,0
MERCH_C0910,C0910,1339.47,2026-08-10 13:32:00,Delhi,Burger King,Restaurant,1
MERCH_C0964,C0964,5395.34,2026-08-10 13:32:00,Pune,Max,Apparel,1
FREQ_C0124,C0124,4627.28,2026-08-10 13:32:00,Goa,Amazon,E-commerce,1
T01600,C0160,1072.73,2026-08-10 13:33:00,,Burger King,Restaurant,0
LOC_C0960,C0960,6005.84,2026-08-10 13:33:00,Hyderabad,Burger King,Restaurant,1
FREQ_C0586,C0586,582.38,2026-08-10 13:33:00,Kolkata,Burger King,Restaurant,1
MERCH_C0830,C0830,9013.87,2026-08-10 13:34:00,Kolkata,Amazon,E-commerce,1
T09610,C0961,4512.34,2026-08-10 13:34:00,Delhi,Myntra,E-commerce,0
T08630,C0863,4248.04,2026-08-10 13:34:00,Mumbai,H&M,Apparel,0
T02140,C0214,1088.41,2026-08-10 13:35:00,Bengaluru,Max,Apparel,0
MERCH_C0688,C0688,2774.43,2026-08-10 13:35:00,Chennai,Flipkart,E-commerce,1
AMT_C0366,C0366,18991.95,2026-08-10 13:35:00,Goa,Flipkart,E-commerce,1
T08040,C0804,5254.26,2026-08-10 13:35:00,Kolkata,Burger King,Restaurant,0
AMT_C0924,C0924,3575.71,2026-08-10 13:35:00,Pune,Flipkart,E-commerce,1
AMT_C0688,C0688,13658.59,2026-08-10 13:35:00,Chennai,Max,Apparel,1
T01800,C0180,4658.62,2026-08-10 13:36:00,Pune,Reliance,Retail,0
MERCH_C0178,C0178,6880.72,2026-08-10 13:36:00,Delhi,Spar,Grocery,1
FREQ_C0033,C0033,5250.9,2026-08-10 13:36:00,Kolkata,Flipkart,E-commerce,1
AMT_C0178,C0178,30736.86,2026-08-10 13:36:00,Delhi,Max,Apparel,1
AMT_C0468,C0468,12117.65,2026-08-10 13:36:00,Pune,Burger King,Restaurant,1
FREQ_C0906,C0906,2917.37,2026-08-10 13:37:00,Pune,Reliance,Retail,1
T00410,C0041,4126.44,2026-08-10 13:37:00,Goa,,Restaurant,0
LOC_C0556,C0556,3262.3,2026-08-10 13:37:00,Goa,H&M,Apparel,1
T02990,C0299,1697.16,2026-08-10 13:38:00,Mumbai,Spar,Grocery,0
MERCH_C0586,C0586,2225.5,2026-08-10 13:38:00,Delhi,Zara,Apparel,1
AMT_C0351,C0351,19116.27,2026-08-10 13:38:00,Goa,Zara,Apparel,1
FREQ_C0745,C0745,4360.35,2026-08-10 13:39:00,Bengaluru,Zara,Apparel,1
T02760,C0276,729.8,2026-08-10 13:39:00,Chennai,Big Chill,Restaurant,0
FREQ_C0145,C0145,4321.99,2026-08-10 13:40:00,Pune,Flipkart,E-commerce,1
LOC_C0832,C0832,4566.81,2026-08-10 13:40:00,Delhi,Amazon,E-commerce,1
LOC_C0914,C0914,1448.19,2026-08-10 13:41:00,Hyderabad,Spar,Grocery,1
T08980,C0898,3915.77,2026-08-10 13:41:00,Kolkata,Big Chill,Restaurant,0
LOC_C0676,C0676,5244.55,2026-08-10 13:41:00,Chennai,Myntra,E-commerce,1
AMT_C0195,C0195,22944.62,2026-08-10 13:42:00,Hyderabad,Flipkart,E-commerce,1
MERCH_C0906,C0906,7906.47,2026-08-10 13:42:00,Hyderabad,H&M,Apparel,1
T09820,C0982,4228.26,2026-08-10 13:42:00,Pune,Amazon,E-commerce,0
MERCH_C0195,C0195,4744.72,2026-08-10 13:42:00,Hyderabad,Spar,Grocery,1
MERCH_C0637,C0637,2892.51,2026-08-10 13:43:00,Pune,H&M,Apparel,1
AMT_C0637,C0637,20342.01,2026-08-10 13:43:00,Pune,Big Chill,Restaurant,1
LOC_C0700,C0700,2316.86,2026-08-10 13:43:00,Delhi,Burger King,Restaurant,1
T00140,C0014,1912.83,2026-08-10 13:44:00,Mumbai,Flipkart,E-commerce,0
T08680,C0868,2475.55,2026-08-10 13:44:00,Mumbai,Zara,Apparel,0
T02120,C0212,4917.85,2026-08-10 13:44:00,,Amazon,E-commerce,0
FREQ_C0961,C0961,3944.91,2026-08-10 13:44:00,Delhi,Amazon,E-commerce,1
FREQ_C0804,C0804,3763.93,2026-08-10 13:45:00,Kolkata,Burger King,Restaurant,1
MERCH_C0145,C0145,13366.95,2026-08-10 13:45:00,Chennai,Spar,Grocery,1
T00640,C0064,2051.47,2026-08-10 13:45:00,Delhi,Reliance,Retail,0
FREQ_C0180,C0180,5882.04,2026-08-10 13:46:00,Pune,Burger King,Restaurant,1
MERCH_C0216,C0216,14862.38,2026-08-10 13:47:00,Pune,Flipkart,E-commerce,1
T01040,C0104,1671.34,2026-08-10 13:47:00,Kolkata,Flipkart,E-commerce,0
MERCH_C0248,C0248,3582.8,2026-08-10 13:47:00,Pune,Zara,Apparel,1
T06390,C0639,2326.06,2026-08-10 13:47:00,Delhi,Myntra,E-commerce,0
AMT_C0463,C0463,7333.33,2026-08-10 13:47:00,Hyderabad,Flipkart,E-commerce,1
FREQ_C0041,C0041,4385.78,2026-08-10 13:47:00,Goa,Burger King,Restaurant,1
T05700,C0570,3620.3,2026-08-10 13:48:00,Delhi,Burger King,Restaurant,0
AMT_C0461,C0461,24100.1,2026-08-10 13:48:00,Pune,Flipkart,E-commerce,1
T02290,C0229,2629.24,2026-08-10 13:48:00,Pune,Reliance,Retail,0
T07660,C0766,3429.32,2026-08-10 13:48:00,Hyderabad,Reliance,Retail,0
AMT_C0070,C0070,15856.5,2026-08-10 13:48:00,Chennai,Max,Apparel,1
LOC_C0215,C0215,5197.47,2026-08-10 13:48:00,Delhi,Myntra,E-commerce,1
T05180,C0518,2071.11,2026-08-10 13:48:00,Bengaluru,Flipkart,E-commerce,0
MERCH_C0182,C0182,2616.85,2026-08-10 13:49:00,Bengaluru,Amazon,E-commerce,1
AMT_C0540,C0540,16199.68,2026-08-10 13:49:00,Pune,Burger King,Restaurant,1
LOC_C0173,C0173,3385.43,2026-08-10 13:50:00,Pune,Spar,Grocery,1
T03790,C0379,2553.14,2026-08-10 13:50:00,Goa,Reliance,Retail,0
T04500,C0450,2616.98,2026-08-10 13:50:00,Delhi,Max,Apparel,0
LOC_C0698,C0698,2419.05,2026-08-10 13:51:00,Delhi,Big Chill,Restaurant,1
T03140,C0314,5963.18,2026-08-10 13:51:00,Goa,Burger King,Restaurant,0
T00950,C0095,3428.49,2026-08-10 13:51:00,Mumbai,Zara,Apparel,0
AMT_C0755,C0755,9644.98,2026-08-10 13:51:00,Hyderabad,Burger King,Restaurant,1
T07020,C0702,2273.65,2026-08-10 13:51:00,Mumbai,Big Chill,Restaurant,0
T05540,C0554,3065.18,2026-08-10 13:51:00,Chennai,Myntra,E-commerce,0
T03010,C0301,2938.85,2026-08-10 13:51:00,Delhi,Spar,Grocery,0
LOC_C0595,C0595,1246.62,2026-08-10 13:51:00,Bengaluru,Zara,Apparel,1
LOC_C0978,C0978,2528.73,2026-08-10 13:52:00,Bengaluru,Amazon,E-commerce,1
T07500,C0750,3361.58,2026-08-10 13:52:00,Pune,Burger King,Restaurant,0
AMT_C0267,C0267,13961.0,2026-08-10 13:52:00,Chennai,Spar,Grocery,1
MERCH_C0602,C0602,4408.8,2026-08-10 13:53:00,Bengaluru,Burger King,Restaurant,1
LOC_C0899,C0899,5421.02,2026-08-10 13:53:00,Kolkata,Flipkart,E-commerce,1
LOC_C0485,C0485,5361.21,2026-08-10 13:53:00,Hyderabad,Max,Apparel,1
T03340,C0334,757.15,2026-08-10 13:53:00,Pune,Spar,Grocery,0
LOC_C0147,C0147,1503.27,2026-08-10 13:54:00,Delhi,Flipkart,E-commerce,1
FREQ_C0868,C0868,1665.23,2026-08-10 13:54:00,Mumbai,Myntra,E-commerce,1
T00930,C0093,2103.62,2026-08-10 13:55:00,Kolkata,Reliance,Retail,0
AMT_C0116,C0116,6049.36,2026-08-10 13:56:00,Chennai,Amazon,E-commerce,1
AMT_C0150,C0150,14898.34,2026-08-10 13:56:00,Bengaluru,Max,Apparel,1
AMT_C0884,C0884,6677.94,2026-08-10 13:56:00,Hyderabad,Burger King,Restaurant,1
LOC_C0497,C0497,2517.31,2026-08-10 13:56:00,Hyderabad,Reliance,Retail,1
T08590,C0859,4484.54,2026-08-10 13:56:00,Delhi,Big Chill,Restaurant,0
MERCH_C0898,C0898,11935.72,2026-08-10 13:56:00,Hyderabad,Burger King,Restaurant,1
T01310,C0131,861.72,2026-08-10 13:57:00,Chennai,Zara,Apparel,0
T03930,C0393,2548.72,2026-08-10 13:57:00,Hyderabad,Flipkart,E-commerce,0
FREQ_C0639,C0639,4975.85,2026-08-10 13:57:00,Delhi,Big Chill,Restaurant,1
FREQ_C0570,C0570,2962.57,2026-08-10 13:58:00,Delhi,Burger King,Restaurant,1
LOC_C0481,C0481,824.59,2026-08-10 13:58:00,Chennai,Myntra,E-commerce,1
FREQ_C0518,C0518,3023.69,2026-08-10 13:58:00,Bengaluru,H&M,Apparel,1
FREQ_C0766,C0766,2936.38,2026-08-10 13:58:00,Hyderabad,H&M,Apparel,1
FREQ_C0229,C0229,2206.94,2026-08-10 13:58:00,Pune,Reliance,Retail,1
T07340,C0734,2726.92,2026-08-10 13:59:00,Hyderabad,Zara,Apparel,0
T00030,C0003,762.59,2026-08-10 13:59:00,Chennai,Amazon,E-commerce,0
LOC_C0356,C0356,6569.78,2026-08-10 13:59:00,Delhi,Myntra,E-commerce,1
LOC_C0777,C0777,3264.91,2026-08-10 14:00:00,Goa,Zara,Apparel,1
T05640,C0564,1465.01,2026-08-10 14:00:00,Kolkata,Amazon,E-commerce,0
FREQ_C0379,C0379,3743.24,2026-08-10 14:00:00,Goa,Reliance,Retail,1
FREQ_C0554,C0554,3321.25,2026-08-10 14:01:00,Chennai,Reliance,Retail,1
FREQ_C0301,C0301,1885.45,2026-08-10 14:01:00,Delhi,Spar,Grocery,1
T07810,C0781,1139.21,2026-08-10 14:01:00,Bengaluru,H&M,Apparel,0
FREQ_C0095,C0095,3648.94,2026-08-10 14:01:00,Mumbai,H&M,Apparel,1
MERCH_C0104,C0104,9280.52,2026-08-10 14:02:00,Delhi,Burger King,Restaurant,1
FREQ_C0750,C0750,2793.46,2026-08-10 14:02:00,Pune,Burger King,Restaurant,1
LOC_C0210,C0210,4223.84,2026-08-10 14:02:00,Goa,Myntra,E-commerce,1
T07640,C0764,2058.71,2026-08-10 14:02:00,Chennai,Big Chill,Restaurant,0
FREQ_C0334,C0334,633.8,2026-08-10 14:03:00,Pune,Spar,Grocery,1
LOC_C0520,C0520,2171.3,2026-08-10 14:03:00,Kolkata,Max,Apparel,1
AMT_C0687,C0687,14159.32,2026-08-10 14:03:00,Mumbai,Amazon,E-commerce,1
AMT_C0963,C0963,10103.86,2026-08-10 14:03:00,Kolkata,Zara,Apparel,1
T05710,C0571,3687.6,2026-08-10 14:04:00,Mumbai,Burger King,Restaurant,0
AMT_C0708,C0708,22518.98,2026-08-10 14:04:00,Pune,Big Chill,Restaurant,1
LOC_C0318,C0318,588.13,2026-08-10 14:04:00,Hyderabad,Burger King,Restaurant,1
AMT_C0967,C0967,23815.41,2026-08-10 14:04:00,Mumbai,Amazon,E-commerce,1
AMT_C0082,C0082,8902.95,2026-08-10 14:05:00,Delhi,Zara,Apparel,1
T01650,C0165,3736.72,2026-08-10 14:05:00,Bengaluru,Burger King,Restaurant,0
MERCH_C0082,C0082,1006.11,2026-08-10 14:05:00,Delhi,Myntra,E-commerce,1
MERCH_C0763,C0763,4629.15,2026-08-10 14:06:00,Kolkata,Zara,Apparel,1
AMT_C0879,C0879,12648.8,2026-08-10 14:06:00,Hyderabad,Reliance,Retail,1
MERCH_C0702,C0702,8476.4,2026-08-10 14:06:00,Delhi,Flipkart,E-commerce,1
AMT_C0192,C0192,3602.01,2026-08-10 14:06:00,Kolkata,Max,Apparel,1
FREQ_C0859,C0859,3155.5,2026-08-10 14:06:00,Delhi,Big Chill,Restaurant,1
MERCH_C0301,C0301,6996.47,2026-08-10 14:06:00,Kolkata,Reliance,Retail,1
FREQ_C0393,C0393,4801.89,2026-08-10 14:07:00,Hyderabad,Flipkart,E-commerce,1
LOC_C0355,C0355,1406.43,2026-08-10 14:07:00,Bengaluru,Burger King,Restaurant,1
T07920,C0792,1786.27,2026-08-10 14:07:00,Mumbai,Max,Apparel,0
FREQ_C0131,C0131,1445.37,2026-08-10 14:07:00,Chennai,Flipkart,E-commerce,1
T04440,C0444,2891.77,2026-08-10 14:07:00,Pune,Reliance,Retail,0
AMT_C0189,C0189,29604.83,2026-08-10 14:08:00,Kolkata,Max,Apparel,1
T04080,C0408,3379.43,2026-08-10 14:09:00,,Burger King,Restaurant,0
T09980,C0998,3561.3,2026-08-10 14:09:00,Bengaluru,Max,Apparel,0
FREQ_C0734,C0734,1722.76,2026-08-10 14:09:00,Hyderabad,Reliance,Retail,1
LOC_C0546,C0546,4108.96,2026-08-10 14:10:00,Delhi,H&M,Apparel,1
T02430,C0243,2833.71,2026-08-10 14:10:00,Chennai,H&M,Apparel,0
MERCH_C0402,C0402,5435.8,2026-08-10 14:11:00,Goa,Flipkart,E-commerce,1
LOC_C0343,C0343,4621.05,2026-08-10 14:11:00,Chennai,Burger King,Restaurant,1
LOC_C0247,C0247,2368.21,2026-08-10 14:11:00,Mumbai,Myntra,E-commerce,1
MERCH_C0859,C0859,9004.34,2026-08-10 14:11:00,Chennai,Zara,Apparel,1
FREQ_C0781,C0781,907.27,2026-08-10 14:11:00,Bengaluru,H&M,Apparel,1
AMT_C0449,C0449,15521.62,2026-08-10 14:11:00,Mumbai,Burger King,Restaurant,1
T05160,C0516,1083.63,2026-08-10 14:11:00,Chennai,Reliance,Retail,0
MERCH_C0393,C0393,13158.53,2026-08-10 14:12:00,Chennai,Big Chill,Restaurant,1
MERCH_C0131,C0131,4450.24,2026-08-10 14:12:00,Mumbai,Burger King,Restaurant,1
LOC_C0809,C0809,2522.3,2026-08-10 14:12:00,Goa,Flipkart,E-commerce,1
T04090,C0409,7184.46,2026-08-10 14:12:00,Pune,Zara,Apparel,0
T02400,C0240,3331.95,2026-08-10 14:12:00,Mumbai,Burger King,Restaurant,0
T01300,C0130,5942.61,2026-08-10 14:12:00,,Max,Apparel,0
T02740,C0274,2467.9,2026-08-10 14:12:00,Delhi,Big Chill,Restaurant,0
T03480,C0348,556.48,2026-08-10 14:12:00,Goa,Amazon,E-commerce,0
AMT_C0936,C0936,10686.15,2026-08-10 14:13:00,Mumbai,Amazon,E-commerce,1
T07840,C0784,2167.45,2026-08-10 14:13:00,Pune,H&M,Apparel,0
T09190,C0919,4255.82,2026-08-10 14:13:00,Delhi,Flipkart,E-commerce,0
T03260,C0326,1279.53,2026-08-10 14:14:00,Chennai,Flipkart,E-commerce,0
MERCH_C0003,C0003,1986.01,2026-08-10 14:14:00,Bengaluru,Spar,Grocery,1
MERCH_C0564,C0564,3488.58,2026-08-10 14:15:00,Hyderabad,Zara,Apparel,1
AMT_C0531,C0531,34848.55,2026-08-10 14:15:00,,H&M,Apparel,1
MERCH_C0446,C0446,2080.07,2026-08-10 14:15:00,,H&M,Apparel,1
AMT_C0845,C0845,5361.41,2026-08-10 14:15:00,Bengaluru,Zara,Apparel,1
MERCH_C0877,C0877,4436.14,2026-08-10 14:15:00,Kolkata,Flipkart,E-commerce,1
T03650,C0365,989.57,2026-08-10 14:16:00,Hyderabad,Myntra,E-commerce,0
LOC_C0866,C0866,3776.47,2026-08-10 14:16:00,Delhi,Amazon,E-commerce,1
MERCH_C0849,C0849,3599.7,2026-08-10 14:16:00,Hyderabad,Max,Apparel,1
LOC_C0323,C0323,1274.07,2026-08-10 14:16:00,Delhi,Myntra,E-commerce,1
FREQ_C0792,C0792,1937.57,2026-08-10 14:17:00,,Max,Apparel,1
FREQ_C0444,C0444,2994.79,2026-08-10 14:17:00,Pune,Flipkart,E-commerce,1
T03350,C0335,3069.76,2026-08-10 14:17:00,Bengaluru,Burger King,Restaurant,0
LOC_C0401,C0401,2782.28,2026-08-10 14:18:00,Mumbai,Big Chill,Restaurant,1
MERCH_C0105,C0105,2989.93,2026-08-10 14:18:00,Kolkata,Zara,Apparel,1
LOC_C0921,C0921,6806.86,2026-08-10 14:18:00,Hyderabad,Spar,Grocery,1
AMT_C0105,C0105,20074.73,2026-08-10 14:18:00,Kolkata,Burger King,Restaurant,1
AMT_C0283,C0283,14856.42,2026-08-10 14:19:00,Kolkata,Myntra,E-commerce,1
FREQ_C0408,C0408,2837.41,2026-08-10 14:19:00,Hyderabad,Zara,Apparel,1
LOC_C0751,C0751,3823.58,2026-08-10 14:19:00,Goa,Flipkart,E-commerce,1
LOC_C0699,C0699,1349.64,2026-08-10 14:20:00,Hyderabad,Amazon,E-commerce,1
T03940,C0394,3441.67,2026-08-10 14:20:00,Chennai,Myntra,E-commerce,0
T09940,C0994,1664.41,2026-08-10 14:20:00,Mumbai,Myntra,E-commerce,0
AMT_C0947,C0947,40140.67,2026-08-10 14:20:00,Kolkata,Zara,Apparel,1
T00480,C0048,638.69,2026-08-10 14:20:00,Mumbai,Reliance,Retail,0
T07120,C0712,5469.76,2026-08-10 14:21:00,Pune,Amazon,E-commerce,0
FREQ_C0240,C0240,2839.63,2026-08-10 14:22:00,Mumbai,Burger King,Restaurant,1
AMT_C0475,C0475,36339.37,2026-08-10 14:22:00,Pune,Reliance,Retail,1
T05230,C0523,1205.14,2026-08-10 14:22:00,Kolkata,Amazon,E-commerce,0
FREQ_C0274,C0274,2086.9,2026-08-10 14:22:00,Delhi,Big Chill,Restaurant,1
T07730,C0773,2127.08,2026-08-10 14:22:00,Pune,H&M,Apparel,0
FREQ_C0348,C0348,967.41,2026-08-10 14:22:00,Goa,Myntra,E-commerce,1
LOC_C0795,C0795,4869.96,2026-08-10 14:23:00,Delhi,Max,Apparel,1
AMT_C0042,C0042,23202.22,2026-08-10 14:23:00,Pune,Reliance,Retail,1
T01110,C0111,2484.99,2026-08-10 14:24:00,Delhi,Myntra,E-commerce,0
LOC_C0900,C0900,2327.18,2026-08-10 14:24:00,Pune,Reliance,Retail,1
LOC_C0959,C0959,2111.26,2026-08-10 14:24:00,Hyderabad,Spar,Grocery,1
LOC_C0101,C0101,3564.18,2026-08-10 14:24:00,Hyderabad,Flipkart,E-commerce,1
MERCH_C0408,C0408,9748.09,2026-08-10 14:24:00,Mumbai,H&M,Apparel,1
T07150,C0715,3663.17,2026-08-10 14:25:00,Chennai,Burger King,Restaurant,0
MERCH_C0243,C0243,7391.98,2026-08-10 14:25:00,,Big Chill,Restaurant,1
AMT_C0587,C0587,27112.54,2026-08-10 14:26:00,Delhi,Max,Apparel,1
MERCH_C0516,C0516,3757.03,2026-08-10 14:26:00,Bengaluru,Myntra,E-commerce,1
T02370,C0237,3735.74,2026-08-10 14:26:00,Bengaluru,Max,Apparel,0
AMT_C0788,C0788,5469.62,2026-08-10 14:26:00,Kolkata,Amazon,E-commerce,1
T07530,C0753,2766.0,2026-08-10 14:26:00,Goa,H&M,Apparel,0
FREQ_C0365,C0365,1021.87,2026-08-10 14:26:00,,Max,Apparel,1
T07210,C0721,458.49,2026-08-10 14:26:00,Chennai,Amazon,E-commerce,0
T08610,C0861,788.44,2026-08-10 14:27:00,Goa,Spar,Grocery,0
T06650,C0665,3304.24,2026-08-10 14:27:00,Hyderabad,Flipkart,E-commerce,0
AMT_C0249,C0249,16626.83,2026-08-10 14:27:00,Kolkata,Reliance,Retail,1
LOC_C0088,C0088,2947.34,2026-08-10 14:28:00,Delhi,Zara,Apparel,1
LOC_C0085,C0085,1450.35,2026-08-10 14:28:00,Hyderabad,Big Chill,Restaurant,1
T00450,C0045,4426.96,2026-08-10 14:28:00,Chennai,H&M,Apparel,0
T00370,C0037,3065.26,2026-08-10 14:28:00,Delhi,Myntra,E-commerce,0
T04340,C0434,1972.36,2026-08-10 14:29:00,Pune,Zara,Apparel,0
MERCH_C0326,C0326,4757.25,2026-08-10 14:29:00,Goa,Amazon,E-commerce,1
AMT_C0985,C0985,19830.14,2026-08-10 14:30:00,Kolkata,Max,Apparel,1
MERCH_C0943,C0943,1775.0,2026-08-10 14:31:00,Chennai,Max,Apparel,1
LOC_C0775,C0775,5076.72,2026-08-10 14:31:00,Pune,Myntra,E-commerce,1
FREQ_C0712,C0712,4114.37,2026-08-10 14:31:00,Pune,Big Chill,Restaurant,1
LOC_C0915,C0915,1463.89,2026-08-10 14:32:00,Pune,Reliance,Retail,1
T07270,C0727,2979.67,2026-08-10 14:32:00,Hyderabad,Reliance,Retail,0
AMT_C0606,C0606,33986.05,2026-08-10 14:32:00,Delhi,Max,Apparel,1
T00760,C0076,3096.14,2026-08-10 14:32:00,Goa,Spar,Grocery,0
LOC_C0771,C0771,5004.82,2026-08-10 14:32:00,Kolkata,Spar,Grocery,1
LOC_C0114,C0114,5156.77,2026-08-10 14:32:00,Chennai,Amazon,E-commerce,1
MERCH_C0335,C0335,9431.57,2026-08-10 14:32:00,Goa,Myntra,E-commerce,1
FREQ_C0523,C0523,769.57,2026-08-10 14:32:00,Kolkata,Big Chill,Restaurant,1
T08240,C0824,5178.12,2026-08-10 14:33:00,Goa,Big Chill,Restaurant,0
LOC_C0579,C0579,2770.25,2026-08-10 14:33:00,Goa,Reliance,Retail,1
AMT_C0989,C0989,27825.34,2026-08-10 14:33:00,Kolkata,Flipkart,E-commerce,1
AMT_C0754,C0754,8542.89,2026-08-10 14:33:00,Hyderabad,Spar,Grocery,1
T00160,C0016,3559.65,2026-08-10 14:33:00,Hyderabad,H&M,Apparel,0
LOC_C0133,C0133,5861.27,2026-08-10 14:33:00,Bengaluru,Zara,Apparel,1
MERCH_C0465,C0465,3967.4,2026-08-10 14:34:00,Chennai,Max,Apparel,1
AMT_C0465,C0465,23402.23,2026-08-10 14:34:00,Chennai,Big Chill,Restaurant,1
T02710,C0271,2499.42,2026-08-10 14:34:00,Bengaluru,Burger King,Restaurant,0
T04870,C0487,2350.41,2026-08-10 14:34:00,Delhi,H&M,Apparel,0
LOC_C0056,C0056,4299.2,2026-08-10 14:35:00,Delhi,H&M,Apparel,1
MERCH_C0927,C0927,5487.94,2026-08-10 14:36:00,Bengaluru,Max,Apparel,1
AMT_C0927,C0927,34121.41,2026-08-10 14:36:00,Bengaluru,Myntra,E-commerce,1
T04760,C0476,4552.24,2026-08-10 14:37:00,Pune,H&M,Apparel,0
FREQ_C0665,C0665,2925.04,2026-08-10 14:37:00,Hyderabad,Flipkart,E-commerce,1
AMT_C0561,C0561,22884.98,2026-08-10 14:37:00,Kolkata,Burger King,Restaurant,1
FREQ_C0861,C0861,628.67,2026-08-10 14:37:00,Goa,Spar,Grocery,1
FREQ_C0037,C0037,2781.13,2026-08-10 14:38:00,Delhi,H&M,Apparel,1
T00460,C0046,4288.57,2026-08-10 14:38:00,Pune,Big Chill,Restaurant,0
AMT_C0509,C0509,3183.71,2026-08-10 14:39:00,Hyderabad,Myntra,E-commerce,1
MERCH_C0852,C0852,1977.69,2026-08-10 14:39:00,Hyderabad,H&M,Apparel,1
FREQ_C0434,C0434,2511.38,2026-08-10 14:39:00,Pune,Zara,Apparel,1
LOC_C0622,C0622,4003.94,2026-08-10 14:39:00,,Burger King,Restaurant,1
AMT_C0852,C0852,14026.04,2026-08-10 14:39:00,Hyderabad,Burger King,Restaurant,1
MERCH_C0111,C0111,15509.33,2026-08-10 14:39:00,Pune,H&M,Apparel,1
LOC_C0737,C0737,3261.0,2026-08-10 14:39:00,Goa,Burger King,Restaurant,1
MERCH_C0509,C0509,510.21,2026-08-10 14:39:00,Hyderabad,,E-commerce,1
LOC_C0576,C0576,4784.92,2026-08-10 14:40:00,Pune,Max,Apparel,1
LOC_C0188,C0188,1777.51,2026-08-10 14:40:00,Kolkata,Spar,Grocery,1
AMT_C0922,C0922,15060.79,2026-08-10 14:40:00,Mumbai,H&M,Apparel,1
AMT_C0320,C0320,24027.1,2026-08-10 14:41:00,Pune,Myntra,E-commerce,1
MERCH_C0721,C0721,2101.68,2026-08-10 14:41:00,Bengaluru,Big Chill,Restaurant,1
T04570,C0457,1908.91,2026-08-10 14:42:00,,Reliance,Retail,0
LOC_C0974,C0974,4527.26,2026-08-10 14:42:00,Mumbai,Big Chill,Restaurant,1
MERCH_C0744,C0744,5987.3,2026-08-10 14:43:00,Hyderabad,Max,Apparel,1
FREQ_C0824,C0824,2658.35,2026-08-10 14:43:00,Goa,Big Chill,Restaurant,1
T03870,C0387,3703.87,2026-08-10 14:43:00,Bengaluru,Big Chill,Restaurant,0
T05070,C0507,372.45,2026-08-10 14:43:00,Hyderabad,H&M,Apparel,0
T05260,C0526,2857.62,2026-08-10 14:43:00,Bengaluru,Max,Apparel,0
FREQ_C0487,C0487,3424.93,2026-08-10 14:44:00,Delhi,Amazon,E-commerce,1
AMT_C0129,C0129,3722.8,2026-08-10 14:45:00,,Burger King,Restaurant,1
T03040,C0304,3619.38,2026-08-10 14:45:00,Delhi,Big Chill,Restaurant,0
AMT_C0844,C0844,14591.91,2026-08-10 14:45:00,Mumbai,Zara,Apparel,1
T07180,C0718,3437.83,2026-08-10 14:45:00,Mumbai,Myntra,E-commerce,0
AMT_C0157,C0157,26053.11,2026-08-10 14:46:00,Pune,Max,Apparel,1
T06950,C0695,3500.87,2026-08-10 14:46:00,Chennai,Big Chill,Restaurant,0
AMT_C0062,C0062,24676.91,2026-08-10 14:46:00,Goa,Spar,Grocery,1
T06470,C0647,1100.65,2026-08-10 14:46:00,Kolkata,Myntra,E-commerce,0
MERCH_C0727,C0727,14834.56,2026-08-10 14:47:00,Mumbai,Spar,Grocery,1
T07250,C0725,4041.79,2026-08-10 14:47:00,Bengaluru,H&M,Apparel,0
MERCH_C0824,C0824,10004.61,2026-08-10 14:48:00,Chennai,Flipkart,E-commerce,1
T02220,C0222,6286.79,2026-08-10 14:48:00,Hyderabad,Reliance,Retail,0
T00060,C0006,2731.57,2026-08-10 14:48:00,Chennai,Spar,Grocery,0
AMT_C0177,C0177,23449.46,2026-08-10 14:48:00,Goa,Reliance,Retail,1
MERCH_C0271,C0271,7731.7,2026-08-10 14:49:00,Mumbai,Zara,Apparel,1
LOC_C0949,C0949,2408.46,2026-08-10 14:49:00,Delhi,Flipkart,E-commerce,1
MERCH_C0730,C0730,3118.25,2026-08-10 14:49:00,Delhi,Burger King,Restaurant,1
T05890,C0589,938.81,2026-08-10 14:50:00,Bengaluru,Max,Apparel,0
LOC_C0398,C0398,4814.24,2026-08-10 14:50:00,Bengaluru,Burger King,Restaurant,1
T06360,C0636,3989.05,2026-08-10 14:50:00,Delhi,Zara,Apparel,0
T07160,C0716,2474.18,2026-08-10 14:51:00,Kolkata,Flipkart,E-commerce,0
LOC_C0091,C0091,2116.97,2026-08-10 14:52:00,Kolkata,Myntra,E-commerce,1
FREQ_C0457,C0457,1478.81,2026-08-10 14:52:00,Goa,Reliance,Retail,1
AMT_C0071,C0071,23225.4,2026-08-10 14:53:00,Delhi,Flipkart,E-commerce,1
LOC_C0113,C0113,2347.92,2026-08-10 14:53:00,Mumbai,Big Chill,Restaurant,1
FREQ_C0507,C0507,593.57,2026-08-10 14:53:00,Hyderabad,H&M,Apparel,1
MERCH_C0046,C0046,7508.26,2026-08-10 14:53:00,Chennai,Spar,Grocery,1
AMT_C0594,C0594,14118.84,2026-08-10 14:53:00,Goa,Big Chill,Restaurant,1
AMT_C0294,C0294,20551.75,2026-08-10 14:53:00,Hyderabad,,Retail,1
AMT_C0693,C0693,32724.18,2026-08-10 14:53:00,Goa,Reliance,Retail,1
MERCH_C0205,C0205,5592.58,2026-08-10 14:53:00,,Myntra,E-commerce,1
MERCH_C0979,C0979,4897.69,2026-08-10 14:54:00,Pune,Zara,Apparel,1
T00290,C0029,3125.4,2026-08-10 14:54:00,Delhi,Amazon,E-commerce,0
AMT_C0979,C0979,25374.16,2026-08-10 14:54:00,Pune,Burger King,Restaurant,1
FREQ_C0718,C0718,3796.46,2026-08-10 14:55:00,Mumbai,Flipkart,E-commerce,1
FREQ_C0647,C0647,1998.06,2026-08-10 14:56:00,Kolkata,Myntra,E-commerce,1
FREQ_C0695,C0695,4398.5,2026-08-10 14:56:00,Chennai,Myntra,E-commerce,1
FREQ_C0725,C0725,3000.25,2026-08-10 14:57:00,Bengaluru,H&M,Apparel,1
T02650,C0265,1148.72,2026-08-10 14:57:00,Delhi,,Retail,0
T01710,C0171,2433.44,2026-08-10 14:57:00,Hyderabad,Spar,Grocery,0
MERCH_C0387,C0387,10734.97,2026-08-10 14:58:00,Mumbai,Amazon,E-commerce,1
MERCH_C0298,C0298,5441.41,2026-08-10 14:58:00,Bengaluru,Myntra,E-commerce,1
AMT_C0298,C0298,26792.44,2026-08-10 14:58:00,Bengaluru,Big Chill,Restaurant,1
MERCH_C0507,C0507,2533.32,2026-08-10 14:58:00,Mumbai,Amazon,E-commerce,1
LOC_C0522,C0522,2129.07,2026-08-10 14:58:00,Chennai,Burger King,Restaurant,1
FREQ_C0222,C0222,3309.57,2026-08-10 14:58:00,Hyderabad,Burger King,Restaurant,1
MERCH_C0640,C0640,7125.41,2026-08-10 14:58:00,Kolkata,Zara,Apparel,1
T06550,C0655,3008.24,2026-08-10 14:59:00,Chennai,Reliance,Retail,0
LOC_C0128,C0128,2531.87,2026-08-10 14:59:00,Pune,Spar,Grocery,1
T07610,C0761,2877.43,2026-08-10 15:00:00,Hyderabad,Spar,Grocery,0
T09660,C0966,1167.69,2026-08-10 15:00:00,Hyderabad,Max,Apparel,0
T04420,C0442,719.33,2026-08-10 15:00:00,Mumbai,Flipkart,E-commerce,0
FREQ_C0636,C0636,3169.9,2026-08-10 15:00:00,Delhi,Reliance,Retail,1
FREQ_C0716,C0716,3828.6,2026-08-10 15:01:00,Kolkata,Flipkart,E-commerce,1
LOC_C0993,C0993,865.44,2026-08-10 15:02:00,Kolkata,Flipkart,E-commerce,1
T05650,C0565,523.99,2026-08-10 15:02:00,Bengaluru,Zara,Apparel,0
MERCH_C0006,C0006,5427.42,2026-08-10 15:03:00,Bengaluru,Zara,Apparel,1
T09370,C0937,5416.15,2026-08-10 15:03:00,Chennai,,E-commerce,0
LOC_C0667,C0667,822.09,2026-08-10 15:03:00,Chennai,Amazon,E-commerce,1
AMT_C0469,C0469,17452.44,2026-08-10 15:04:00,Delhi,Flipkart,E-commerce,1
LOC_C0324,C0324,4716.81,2026-08-10 15:04:00,Mumbai,Max,Apparel,1
LOC_C0502,C0502,994.45,2026-08-10 15:04:00,Goa,Zara,Apparel,1
T08900,C0890,3927.01,2026-08-10 15:05:00,Kolkata,Big Chill,Restaurant,0
MERCH_C0636,C0636,11067.9,2026-08-10 15:05:00,Pune,Flipkart,E-commerce,1
MERCH_C0074,C0074,6525.05,2026-08-10 15:05:00,Chennai,Myntra,E-commerce,1
T08960,C0896,557.05,2026-08-10 15:05:00,Pune,Amazon,E-commerce,0
T01960,C0196,2146.47,2026-08-10 15:05:00,Mumbai,H&M,Apparel,0
T00150,C0015,2460.81,2026-08-10 15:05:00,Goa,Flipkart,E-commerce,0
T08510,C0851,956.4,2026-08-10 15:06:00,Hyderabad,Myntra,E-commerce,0
LOC_C0381,C0381,1201.32,2026-08-10 15:06:00,Delhi,Big Chill,Restaurant,1
T01410,C0141,3648.72,2026-08-10 15:08:00,,Spar,Grocery,0
FREQ_C0655,C0655,1862.1,2026-08-10 15:09:00,Chennai,Zara,Apparel,1
T06420,C0642,3518.54,2026-08-10 15:10:00,,Zara,Apparel,0
T03190,C0319,3891.07,2026-08-10 15:10:00,Kolkata,Amazon,E-commerce,0
FREQ_C0761,C0761,2636.99,2026-08-10 15:10:00,Hyderabad,Amazon,E-commerce,1
T00730,C0073,1545.22,2026-08-10 15:10:00,Hyderabad,Reliance,Retail,0
LOC_C0991,C0991,4468.76,2026-08-10 15:11:00,,Reliance,Retail,1
T08120,C0812,4617.2,2026-08-10 15:11:00,Delhi,Spar,Grocery,0
T00970,C0097,1519.55,2026-08-10 15:11:00,Mumbai,Reliance,Retail,0
LOC_C0388,C0388,4950.66,2026-08-10 15:11:00,Chennai,Spar,Grocery,1
T04350,C0435,2262.77,2026-08-10 15:12:00,Delhi,Amazon,E-commerce,0
T03580,C0358,3989.87,2026-08-10 15:12:00,Goa,Reliance,Retail,0
LOC_C0340,C0340,3791.28,2026-08-10 15:12:00,Hyderabad,Reliance,Retail,1
AMT_C0783,C0783,16657.09,2026-08-10 15:12:00,Chennai,Burger King,Restaurant,1
MERCH_C0525,C0525,3458.09,2026-08-10 15:13:00,Hyderabad,H&M,Apparel,1
FREQ_C0937,C0937,3653.9,2026-08-10 15:13:00,Chennai,Flipkart,E-commerce,1
T01690,C0169,4041.01,2026-08-10 15:13:00,Kolkata,Big Chill,Restaurant,0
MERCH_C0655,C0655,8153.5,2026-08-10 15:14:00,Hyderabad,Burger King,Restaurant,1
FREQ_C0896,C0896,634.14,2026-08-10 15:15:00,Pune,,E-commerce,1
FREQ_C0890,C0890,4078.68,2026-08-10 15:15:00,Kolkata,Spar,Grocery,1
T00020,C0002,3374.73,2026-08-10 15:15:00,Goa,Flipkart,E-commerce,0
LOC_C0612,C0612,1238.85,2026-08-10 15:15:00,Delhi,Flipkart,E-commerce,1
FREQ_C0196,C0196,1446.85,2026-08-10 15:15:00,Mumbai,Zara,Apparel,1
T06790,C0679,2369.9,2026-08-10 15:16:00,Hyderabad,Max,Apparel,0
T01560,C0156,1709.68,2026-08-10 15:16:00,Bengaluru,Reliance,Retail,0
LOC_C0270,C0270,1894.25,2026-08-10 15:16:00,Bengaluru,Max,Apparel,1
MERCH_C0843,C0843,6787.63,2026-08-10 15:16:00,Goa,H&M,Apparel,1
T05390,C0539,1420.67,2026-08-10 15:17:00,Chennai,H&M,Apparel,0
AMT_C0537,C0537,27190.33,2026-08-10 15:17:00,Mumbai,Max,Apparel,1
FREQ_C0319,C0319,3370.48,2026-08-10 15:20:00,Kolkata,Amazon,E-commerce,1
LOC_C0511,C0511,1292.05,2026-08-10 15:20:00,Goa,Zara,Apparel,1
FREQ_C0642,C0642,3419.26,2026-08-10 15:20:00,Chennai,H&M,Apparel,1
MERCH_C0196,C0196,4622.43,2026-08-10 15:20:00,Bengaluru,Amazon,E-commerce,1
MERCH_C0015,C0015,8511.43,2026-08-10 15:20:00,Hyderabad,Burger King,Restaurant,1
FREQ_C0073,C0073,1811.2,2026-08-10 15:20:00,Hyderabad,Spar,Grocery,1
T08940,C0894,1861.46,2026-08-10 15:20:00,Goa,Spar,Grocery,0
FREQ_C0097,C0097,2522.73,2026-08-10 15:21:00,Mumbai,Myntra,E-commerce,1
LOC_C0680,C0680,3612.88,2026-08-10 15:22:00,Mumbai,Spar,Grocery,1
T07220,C0722,3009.33,2026-08-10 15:22:00,,Spar,Grocery,0
FREQ_C0435,C0435,1826.08,2026-08-10 15:22:00,Delhi,H&M,Apparel,1
T08580,C0858,3096.94,2026-08-10 15:22:00,Mumbai,Myntra,E-commerce,0
AMT_C0124,C0124,32281.68,2026-08-10 15:22:00,,Myntra,E-commerce,1
LOC_C0902,C0902,4775.95,2026-08-10 15:23:00,Bengaluru,Burger King,Restaurant,1
FREQ_C0169,C0169,5706.04,2026-08-10 15:23:00,Kolkata,Myntra,E-commerce,1
LOC_C0399,C0399,2449.33,2026-08-10 15:24:00,Pune,Big Chill,Restaurant,1
T07320,C0732,1091.3,2026-08-10 15:24:00,Delhi,Myntra,E-commerce,0
T02170,C0217,5025.11,2026-08-10 15:25:00,Hyderabad,Reliance,Retail,0
T06510,C0651,1170.8,2026-08-10 15:25:00,Bengaluru,Big Chill,Restaurant,0
AMT_C0322,C0322,4239.48,2026-08-10 15:25:00,Mumbai,Myntra,E-commerce,1
T00510,C0051,2489.18,2026-08-10 15:26:00,Chennai,Zara,Apparel,0
FREQ_C0156,C0156,3025.65,2026-08-10 15:26:00,Bengaluru,Reliance,Retail,1
MERCH_C0812,C0812,13111.8,2026-08-10 15:26:00,,Burger King,Restaurant,1
FREQ_C0679,C0679,2019.44,2026-08-10 15:26:00,Hyderabad,Big Chill,Restaurant,1
MERCH_C0358,C0358,11077.14,2026-08-10 15:27:00,Kolkata,Amazon,E-commerce,1
T09440,C0944,2904.99,2026-08-10 15:27:00,Delhi,Reliance,Retail,0
T08650,C0865,1486.38,2026-08-10 15:27:00,Delhi,Flipkart,E-commerce,0
FREQ_C0539,C0539,741.0,2026-08-10 15:27:00,Chennai,Zara,Apparel,1
LOC_C0839,C0839,6699.36,2026-08-10 15:28:00,Goa,Flipkart,E-commerce,1
AMT_C0745,C0745,20100.36,2026-08-10 15:29:00,Bengaluru,Zara,Apparel,1
T06500,C0650,6160.76,2026-08-10 15:29:00,Pune,Flipkart,E-commerce,0
LOC_C0806,C0806,3709.89,2026-08-10 15:30:00,Delhi,H&M,Apparel,1
T04190,C0419,1120.26,2026-08-10 15:30:00,Delhi,Spar,Grocery,0
LOC_C0834,C0834,1495.88,2026-08-10 15:30:00,Mumbai,Zara,Apparel,1
MERCH_C0002,C0002,13047.24,2026-08-10 15:30:00,Delhi,Big Chill,Restaurant,1
T02250,C0225,3093.95,2026-08-10 15:30:00,Pune,Big Chill,Restaurant,0
AMT_C0145,C0145,24824.69,2026-08-10 15:30:00,Pune,Myntra,E-commerce,1
FREQ_C0894,C0894,2758.21,2026-08-10 15:30:00,Goa,Max,Apparel,1
MERCH_C0679,C0679,4654.17,2026-08-10 15:31:00,Chennai,Reliance,Retail,1
LOC_C0910,C0910,1102.36,2026-08-10 15:32:00,Chennai,Big Chill,Restaurant,1
T02300,C0230,2425.22,2026-08-10 15:32:00,Hyderabad,Amazon,E-commerce,0
AMT_C0216,C0216,19550.72,2026-08-10 15:32:00,Bengaluru,Burger King,Restaurant,1
FREQ_C0722,C0722,5435.41,2026-08-10 15:32:00,Kolkata,Amazon,E-commerce,1
T08350,C0835,2897.82,2026-08-10 15:32:00,Goa,,Apparel,0
AMT_C0160,C0160,11001.44,2026-08-10 15:33:00,Delhi,Burger King,Restaurant,1
T06410,C0641,2841.48,2026-08-10 15:33:00,Goa,Amazon,E-commerce,0
T09170,C0917,927.14,2026-08-10 15:34:00,Mumbai,Amazon,E-commerce,0
AMT_C0961,C0961,23628.07,2026-08-10 15:34:00,Delhi,Burger King,Restaurant,1
T02690,C0269,445.42,2026-08-10 15:34:00,Bengaluru,Amazon,E-commerce,0
AMT_C0863,C0863,22725.97,2026-08-10 15:34:00,Mumbai,Big Chill,Restaurant,1
T06180,C0618,4524.99,2026-08-10 15:35:00,Kolkata,Reliance,Retail,0
AMT_C0804,C0804,26154.7,2026-08-10 15:35:00,Kolkata,Burger King,Restaurant,1
FREQ_C0217,C0217,4924.93,2026-08-10 15:35:00,Hyderabad,Reliance,Retail,1
LOC_C0366,C0366,2115.18,2026-08-10 15:35:00,Bengaluru,Flipkart,E-commerce,1
LOC_C0987,C0987,990.68,2026-08-10 15:35:00,Bengaluru,Myntra,E-commerce,1
MERCH_C0214,C0214,2322.24,2026-08-10 15:35:00,Bengaluru,Spar,Grocery,1
LOC_C0924,C0924,628.06,2026-08-10 15:35:00,Goa,Amazon,E-commerce,1
FREQ_C0051,C0051,1198.61,2026-08-10 15:36:00,Chennai,Zara,Apparel,1
MERCH_C0180,C0180,6033.71,2026-08-10 15:36:00,Pune,Spar,Grocery,1
AMT_C0180,C0180,34830.32,2026-08-10 15:36:00,Pune,Reliance,Retail,1
LOC_C0468,C0468,1593.26,2026-08-10 15:36:00,Kolkata,Max,Apparel,1
AMT_C0041,C0041,28556.6,2026-08-10 15:37:00,Goa,Myntra,E-commerce,1
MERCH_C0041,C0041,5273.39,2026-08-10 15:37:00,Goa,Reliance,Retail,1
MERCH_C0858,C0858,15447.08,2026-08-10 15:37:00,Bengaluru,Zara,Apparel,1
AMT_C0299,C0299,11999.49,2026-08-10 15:38:00,Mumbai,Spar,Grocery,1
MERCH_C0299,C0299,2342.91,2026-08-10 15:38:00,Mumbai,,Apparel,1
MERCH_C0276,C0276,547.07,2026-08-10 15:39:00,Chennai,,E-commerce,1
FREQ_C0650,C0650,5024.78,2026-08-10 15:39:00,Pune,Flipkart,E-commerce,1
T02510,C0251,478.12,2026-08-10 15:39:00,Kolkata,Reliance,Retail,0
T08250,C0825,3856.0,2026-08-10 15:39:00,Hyderabad,Big Chill,Restaurant,0
MERCH_C0217,C0217,14501.22,2026-08-10 15:40:00,Delhi,H&M,Apparel,1
LOC_C0521,C0521,1744.58,2026-08-10 15:40:00,Delhi,Burger King,Restaurant,1
FREQ_C0225,C0225,5411.53,2026-08-10 15:40:00,Pune,Burger King,Restaurant,1
T05630,C0563,2976.3,2026-08-10 15:40:00,Kolkata,Burger King,Restaurant,0
LOC_C0710,C0710,3006.86,2026-08-10 15:41:00,Hyderabad,Amazon,E-commerce,1
AMT_C0898,C0898,32383.19,2026-08-10 15:41:00,Kolkata,Spar,Grocery,1
AMT_C0982,C0982,19878.01,2026-08-10 15:42:00,Pune,Flipkart,E-commerce,1
T01870,C0187,3242.41,2026-08-10 15:42:00,Chennai,Myntra,E-commerce,0
T01860,C0186,2079.4,2026-08-10 15:42:00,Goa,Myntra,E-commerce,0
FREQ_C0641,C0641,3397.72,2026-08-10 15:43:00,Goa,Reliance,Retail,1
MERCH_C0868,C0868,1981.74,2026-08-10 15:44:00,Mumbai,Amazon,E-commerce,1
AMT_C0868,C0868,8473.97,2026-08-10 15:44:00,,Myntra,E-commerce,1
MERCH_C0014,C0014,2863.96,2026-08-10 15:44:00,Mumbai,Amazon,E-commerce,1
T05620,C0562,1394.6,2026-08-10 15:44:00,Goa,Flipkart,E-commerce,0
AMT_C0212,C0212,38913.59,2026-08-10 15:44:00,Mumbai,Amazon,E-commerce,1
MERCH_C0212,C0212,3728.86,2026-08-10 15:44:00,Mumbai,Burger King,Restaurant,1
T00990,C0099,2561.27,2026-08-10 15:44:00,Mumbai,Flipkart,E-commerce,0
MERCH_C0419,C0419,2521.89,2026-08-10 15:45:00,Hyderabad,Big Chill,Restaurant,1
AMT_C0064,C0064,19186.1,2026-08-10 15:45:00,,Reliance,Retail,1
T09180,C0918,902.67,2026-08-10 15:45:00,Mumbai,Flipkart,E-commerce,0
T00790,C0079,1921.09,2026-08-10 15:45:00,Hyderabad,,Restaurant,0
T04120,C0412,1107.12,2026-08-10 15:45:00,Bengaluru,Flipkart,E-commerce,0
T02680,C0268,1244.62,2026-08-10 15:46:00,Chennai,Burger King,Restaurant,0
T00670,C0067,3298.74,2026-08-10 15:46:00,Bengaluru,Max,Apparel,0
LOC_C0463,C0463,2328.5,2026-08-10 15:47:00,Goa,Flipkart,E-commerce,1
MERCH_C0639,C0639,3840.37,2026-08-10 15:47:00,Delhi,H&M,Apparel,1
AMT_C0229,C0229,16286.25,2026-08-10 15:48:00,Pune,Spar,Grocery,1
AMT_C0766,C0766,24876.62,2026-08-10 15:48:00,Hyderabad,Amazon,E-commerce,1
MERCH_C0766,C0766,4262.15,2026-08-10 15:48:00,Hyderabad,Zara,Apparel,1
AMT_C0518,C0518,17227.63,2026-08-10 15:48:00,Bengaluru,H&M,Apparel,1
LOC_C0951,C0951,5136.79,2026-08-10 15:48:00,Goa,Amazon,E-commerce,1
T01070,C0107,899.8,2026-08-10 15:48:00,Mumbai,Big Chill,Restaurant,0
FREQ_C0251,C0251,940.53,2026-08-10 15:49:00,Kolkata,Reliance,Retail,1
LOC_C0182,C0182,2721.87,2026-08-10 15:49:00,Kolkata,Burger King,Restaurant,1
AMT_C0379,C0379,36098.98,2026-08-10 15:50:00,Goa,,Retail,1
AMT_C0450,C0450,15380.29,2026-08-10 15:50:00,Delhi,Max,Apparel,1
MERCH_C0450,C0450,2351.49,2026-08-10 15:50:00,,Zara,Apparel,1
FREQ_C0563,C0563,2158.49,2026-08-10 15:50:00,Kolkata,Burger King,Restaurant,1
T08280,C0828,3381.49,2026-08-10 15:51:00,Hyderabad,Spar,Grocery,0
MERCH_C0554,C0554,4004.71,2026-08-10 15:51:00,Chennai,Flipkart,E-commerce,1
T07350,C0735,3036.52,2026-08-10 15:51:00,Delhi,Myntra,E-commerce,0
AMT_C0314,C0314,31890.56,2026-08-10 15:51:00,Goa,H&M,Apparel,1
AMT_C0702,C0702,19034.28,2026-08-10 15:51:00,Mumbai,Big Chill,Restaurant,1
MERCH_C0314,C0314,4133.14,2026-08-10 15:51:00,Goa,Max,Apparel,1
MERCH_C0095,C0095,4697.28,2026-08-10 15:51:00,Mumbai,,Retail,1
AMT_C0750,C0750,21128.02,2026-08-10 15:52:00,Pune,Spar,Grocery,1
FREQ_C0187,C0187,2758.48,2026-08-10 15:52:00,Chennai,Myntra,E-commerce,1
LOC_C0602,C0602,4373.96,2026-08-10 15:53:00,Kolkata,Zara,Apparel,1
T08000,C0800,5411.4,2026-08-10 15:53:00,Pune,Flipkart,E-commerce,0
T01640,C0164,1304.31,2026-08-10 15:53:00,Kolkata,Big Chill,Restaurant,0
T07910,C0791,1762.75,2026-08-10 15:54:00,Goa,Flipkart,E-commerce,0
T00350,C0035,3294.57,2026-08-10 15:54:00,Chennai,Spar,Grocery,0
FREQ_C0099,C0099,4979.24,2026-08-10 15:54:00,Mumbai,Flipkart,E-commerce,1
FREQ_C0412,C0412,1209.38,2026-08-10 15:55:00,Bengaluru,Flipkart,E-commerce,1
FREQ_C0918,C0918,803.78,2026-08-10 15:55:00,Mumbai,,E-commerce,1
LOC_C0884,C0884,969.52,2026-08-10 15:56:00,Kolkata,Burger King,Restaurant,1
FREQ_C0067,C0067,2245.81,2026-08-10 15:56:00,Bengaluru,Reliance,Retail,1
AMT_C0859,C0859,18897.8,2026-08-10 15:56:00,Delhi,H&M,Apparel,1
FREQ_C0268,C0268,835.16,2026-08-10 15:56:00,Chennai,Myntra,E-commerce,1
LOC_C0116,C0116,1468.97,2026-08-10 15:56:00,Mumbai,Max,Apparel,1
AMT_C0131,C0131,6255.97,2026-08-10 15:57:00,Chennai,Zara,Apparel,1
LOC_C0965,C0965,2414.78,2026-08-10 15:57:00,Delhi,,E-commerce,1
MERCH_C0187,C0187,8405.95,2026-08-10 15:57:00,Goa,Zara,Apparel,1
T08930,C0893,5164.96,2026-08-10 15:58:00,Delhi,Flipkart,E-commerce,0
FREQ_C0107,C0107,1312.75,2026-08-10 15:58:00,Mumbai,Big Chill,Restaurant,1
T05910,C0591,3667.09,2026-08-10 15:58:00,Mumbai,Burger King,Restaurant,0
MERCH_C0562,C0562,3665.12,2026-08-10 15:59:00,Mumbai,Zara,Apparel,1
LOC_C0560,C0560,2680.45,2026-08-10 15:59:00,Pune,Spar,Grocery,1
LOC_C0869,C0869,3489.38,2026-08-10 16:00:00,Kolkata,,Apparel,1
T02890,C0289,1778.17,2026-08-10 16:00:00,Delhi,H&M,Apparel,0
T02920,C0292,2305.69,2026-08-10 16:01:00,Delhi,Reliance,Retail,0
AMT_C0781,C0781,7434.25,2026-08-10 16:01:00,Bengaluru,Burger King,Restaurant,1
MERCH_C0764,C0764,2484.95,2026-08-10 16:02:00,Chennai,Spar,Grocery,1
LOC_C0687,C0687,2829.98,2026-08-10 16:03:00,Kolkata,Amazon,E-commerce,1
T00550,C0055,1820.98,2026-08-10 16:03:00,Mumbai,H&M,Apparel,0
T05670,C0567,3104.18,2026-08-10 16:04:00,Mumbai,Flipkart,E-commerce,0
T08600,C0860,775.39,2026-08-10 16:04:00,Mumbai,H&M,Apparel,0
LOC_C0967,C0967,5109.59,2026-08-10 16:04:00,Delhi,Amazon,E-commerce,1
FREQ_C0791,C0791,2269.04,2026-08-10 16:04:00,Goa,Zara,Apparel,1
LOC_C0708,C0708,4303.59,2026-08-10 16:04:00,Hyderabad,Big Chill,Restaurant,1
FREQ_C0035,C0035,3887.82,2026-08-10 16:04:00,Chennai,Burger King,Restaurant,1
MERCH_C0571,C0571,4158.37,2026-08-10 16:04:00,Mumbai,Burger King,Restaurant,1
AMT_C0165,C0165,23495.7,2026-08-10 16:05:00,Bengaluru,Reliance,Retail,1
LOC_C0082,C0082,1338.77,2026-08-10 16:05:00,Hyderabad,Max,Apparel,1
MERCH_C0165,C0165,3688.23,2026-08-10 16:05:00,Bengaluru,Flipkart,E-commerce,1
LOC_C0846,C0846,3729.3,2026-08-10 16:05:00,Chennai,Max,Apparel,1
T00720,C0072,1355.26,2026-08-10 16:05:00,Chennai,Spar,Grocery,0
LOC_C0427,C0427,4873.98,2026-08-10 16:05:00,Pune,Burger King,Restaurant,1
T01680,C0168,2088.57,2026-08-10 16:06:00,Bengaluru,Burger King,Restaurant,0
LOC_C0192,C0192,846.91,2026-08-10 16:06:00,Mumbai,Big Chill,Restaurant,1
LOC_C0763,C0763,5686.9,2026-08-10 16:06:00,Mumbai,Max,Apparel,1
MERCH_C0735,C0735,6740.26,2026-08-10 16:06:00,Kolkata,Spar,Grocery,1
T05050,C0505,731.41,2026-08-10 16:06:00,Bengaluru,Big Chill,Restaurant,0
T05000,C0500,1585.39,2026-08-10 16:07:00,Hyderabad,Amazon,E-commerce,0
MERCH_C0444,C0444,4594.02,2026-08-10 16:07:00,Pune,Amazon,E-commerce,1
LOC_C0848,C0848,5157.68,2026-08-10 16:08:00,,Spar,Grocery,1
LOC_C0050,C0050,4850.43,2026-08-10 16:08:00,Kolkata,Big Chill,Restaurant,1
FREQ_C0591,C0591,4001.35,2026-08-10 16:08:00,Mumbai,H&M,Apparel,1
LOC_C0189,C0189,3541.97,2026-08-10 16:08:00,Chennai,Max,Apparel,1
T04710,C0471,5346.27,2026-08-10 16:08:00,Mumbai,Flipkart,E-commerce,0
T01100,C0110,2614.19,2026-08-10 16:08:00,,Big Chill,Restaurant,0
FREQ_C0893,C0893,3902.41,2026-08-10 16:08:00,Delhi,Max,Apparel,1
T04800,C0480,1401.19,2026-08-10 16:09:00,,H&M,Apparel,0
MERCH_C0791,C0791,7352.22,2026-08-10 16:09:00,Bengaluru,Flipkart,E-commerce,1
T02810,C0281,1150.95,2026-08-10 16:09:00,Goa,Zara,Apparel,0
LOC_C0527,C0527,1366.12,2026-08-10 16:09:00,Kolkata,Zara,Apparel,1
T03460,C0346,3402.21,2026-08-10 16:09:00,Hyderabad,Flipkart,E-commerce,0
T03970,C0397,6591.57,2026-08-10 16:10:00,Chennai,Spar,Grocery,0
FREQ_C0289,C0289,2817.43,2026-08-10 16:10:00,Delhi,H&M,Apparel,1
T07850,C0785,829.83,2026-08-10 16:10:00,Delhi,Amazon,E-commerce,0
LOC_C0818,C0818,4736.09,2026-08-10 16:11:00,Goa,Big Chill,Restaurant,1
T00490,C0049,1462.58,2026-08-10 16:11:00,Pune,Flipkart,E-commerce,0
MERCH_C0130,C0130,4261.6,2026-08-10 16:12:00,Chennai,Zara,Apparel,1
MERCH_C0274,C0274,3074.12,2026-08-10 16:12:00,Delhi,Myntra,E-commerce,1
AMT_C0130,C0130,40942.38,2026-08-10 16:12:00,Chennai,Burger King,Restaurant,1
AMT_C0348,C0348,5246.34,2026-08-10 16:12:00,Goa,,Grocery,1
FREQ_C0055,C0055,3249.78,2026-08-10 16:13:00,Mumbai,Big Chill,Restaurant,1
AMT_C0919,C0919,34173.24,2026-08-10 16:13:00,Delhi,Flipkart,E-commerce,1
MERCH_C0919,C0919,5919.32,2026-08-10 16:13:00,Delhi,Spar,Grocery,1
T06260,C0626,4812.98,2026-08-10 16:13:00,Goa,Flipkart,E-commerce,0
AMT_C0784,C0784,20554.51,2026-08-10 16:13:00,Pune,Spar,Grocery,1
T07170,C0717,1215.15,2026-08-10 16:13:00,Chennai,Reliance,Retail,0
T01430,C0143,1237.53,2026-08-10 16:13:00,Bengaluru,H&M,Apparel,0
T06530,C0653,870.02,2026-08-10 16:14:00,Kolkata,Burger King,Restaurant,0
AMT_C0326,C0326,6103.03,2026-08-10 16:14:00,Chennai,Reliance,Retail,1
T02420,C0242,1960.25,2026-08-10 16:14:00,Bengaluru,Burger King,Restaurant,0
T07290,C0729,1754.59,2026-08-10 16:15:00,Delhi,Amazon,E-commerce,0
T07230,C0723,1705.49,2026-08-10 16:15:00,Bengaluru,H&M,Apparel,0
LOC_C0446,C0446,2102.66,2026-08-10 16:15:00,Hyderabad,Flipkart,E-commerce,1
FREQ_C0072,C0072,872.4,2026-08-10 16:15:00,Chennai,Spar,Grocery,1
LOC_C0849,C0849,2966.44,2026-08-10 16:16:00,Kolkata,Reliance,Retail,1
MERCH_C0365,C0365,1432.87,2026-08-10 16:16:00,Hyderabad,Spar,Grocery,1
AMT_C0365,C0365,7393.18,2026-08-10 16:16:00,Hyderabad,Myntra,E-commerce,1
AMT_C0335,C0335,17218.5,2026-08-10 16:17:00,Bengaluru,Burger King,Restaurant,1
T00630,C0063,1536.64,2026-08-10 16:17:00,Bengaluru,Flipkart,E-commerce,0
T08640,C0864,2631.05,2026-08-10 16:18:00,Chennai,H&M,Apparel,0
LOC_C0105,C0105,3026.33,2026-08-10 16:18:00,Mumbai,Reliance,Retail,1
FREQ_C0346,C0346,2861.64,2026-08-10 16:19:00,Hyderabad,Amazon,E-commerce,1
T03380,C0338,2973.88,2026-08-10 16:19:00,Hyderabad,Big Chill,Restaurant,0
FREQ_C0281,C0281,1148.86,2026-08-10 16:19:00,Goa,H&M,Apparel,1
LOC_C0283,C0283,3643.41,2026-08-10 16:19:00,,Burger King,Restaurant,1
AMT_C0394,C0394,17370.07,2026-08-10 16:20:00,Chennai,Amazon,E-commerce,1
LOC_C0947,C0947,6270.68,2026-08-10 16:20:00,,Zara,Apparel,1
AMT_C0994,C0994,8390.71,2026-08-10 16:20:00,Mumbai,Reliance,Retail,1
FREQ_C0785,C0785,446.23,2026-08-10 16:20:00,Delhi,Reliance,Retail,1
T01750,C0175,2565.22,2026-08-10 16:20:00,Kolkata,Spar,Grocery,0
MERCH_C0394,C0394,4102.7,2026-08-10 16:20:00,Chennai,Zara,Apparel,1
FREQ_C0049,C0049,1351.88,2026-08-10 16:21:00,Pune,H&M,Apparel,1
T05840,C0584,2870.08,2026-08-10 16:21:00,Bengaluru,Myntra,E-commerce,0
MERCH_C0773,C0773,1814.34,2026-08-10 16:22:00,Pune,Myntra,E-commerce,1
LOC_C0475,C0475,4875.77,2026-08-10 16:22:00,Mumbai,Burger King,Restaurant,1
T06290,C0629,1751.75,2026-08-10 16:22:00,Goa,Big Chill,Restaurant,0
FREQ_C0717,C0717,1262.09,2026-08-10 16:23:00,Chennai,Reliance,Retail,1
LOC_C0042,C0042,3279.03,2026-08-10 16:23:00,Chennai,Reliance,Retail,1
T05550,C0555,4879.7,2026-08-10 16:23:00,Hyderabad,Zara,Apparel,0
FREQ_C0626,C0626,5717.24,2026-08-10 16:23:00,Goa,Flipkart,E-commerce,1
LOC_C0720,C0720,558.32,2026-08-10 16:23:00,Chennai,Max,Apparel,1
FREQ_C0242,C0242,3056.35,2026-08-10 16:24:00,,Burger King,Restaurant,1
LOC_C0368,C0368,6445.86,2026-08-10 16:24:00,Chennai,Reliance,Retail,1
MERCH_C0346,C0346,8632.24,2026-08-10 16:24:00,Delhi,Zara,Apparel,1
MERCH_C0480,C0480,7468.0,2026-08-10 16:24:00,Hyderabad,Flipkart,E-commerce,1
MERCH_C0785,C0785,2127.86,2026-08-10 16:25:00,Goa,Amazon,E-commerce,1
LOC_C0823,C0823,4257.79,2026-08-10 16:25:00,Kolkata,Max,Apparel,1
AMT_C0721,C0721,4604.43,2026-08-10 16:26:00,Chennai,Amazon,E-commerce,1
MERCH_C0753,C0753,5299.85,2026-08-10 16:26:00,Goa,Myntra,E-commerce,1
AMT_C0753,C0753,27945.66,2026-08-10 16:26:00,Goa,Reliance,Retail,1
T02620,C0262,717.28,2026-08-10 16:26:00,Mumbai,Amazon,E-commerce,0
MERCH_C0237,C0237,4593.32,2026-08-10 16:26:00,Bengaluru,Big Chill,Restaurant,1
AMT_C0237,C0237,30468.37,2026-08-10 16:26:00,Bengaluru,Max,Apparel,1
LOC_C0249,C0249,3386.52,2026-08-10 16:27:00,Bengaluru,Spar,Grocery,1
T08330,C0833,699.01,2026-08-10 16:27:00,Mumbai,Myntra,E-commerce,0
T00540,C0054,388.65,2026-08-10 16:27:00,Goa,Max,Apparel,0
AMT_C0665,C0665,21695.11,2026-08-10 16:27:00,Hyderabad,Spar,Grocery,1
FREQ_C0864,C0864,1794.73,2026-08-10 16:28:00,Chennai,Big Chill,Restaurant,1
MERCH_C0626,C0626,13397.26,2026-08-10 16:28:00,Chennai,Amazon,E-commerce,1
MERCH_C0037,C0037,2548.07,2026-08-10 16:28:00,Delhi,Zara,Apparel,1
FREQ_C0338,C0338,2350.21,2026-08-10 16:29:00,Hyderabad,Burger King,Restaurant,1
T08670,C0867,4433.39,2026-08-10 16:29:00,Hyderabad,H&M,Apparel,0
MERCH_C0723,C0723,5065.76,2026-08-10 16:30:00,Kolkata,Big Chill,Restaurant,1
T08380,C0838,5088.47,2026-08-10 16:30:00,Bengaluru,Myntra,E-commerce,0
T04880,C0488,1088.24,2026-08-10 16:30:00,Chennai,Reliance,Retail,0
FREQ_C0584,C0584,2122.95,2026-08-10 16:31:00,Bengaluru,Max,Apparel,1
T09330,C0933,5939.34,2026-08-10 16:32:00,Chennai,Amazon,E-commerce,0
LOC_C0656,C0656,612.39,2026-08-10 16:32:00,Delhi,H&M,Apparel,1
FREQ_C0629,C0629,1201.33,2026-08-10 16:32:00,Goa,Amazon,E-commerce,1
MERCH_C0016,C0016,6283.44,2026-08-10 16:33:00,Hyderabad,Reliance,Retail,1
LOC_C0989,C0989,5898.05,2026-08-10 16:33:00,Mumbai,Myntra,E-commerce,1
LOC_C0754,C0754,1391.39,2026-08-10 16:33:00,Bengaluru,Big Chill,Restaurant,1
AMT_C0016,C0016,23016.68,2026-08-10 16:33:00,Hyderabad,H&M,Apparel,1
FREQ_C0555,C0555,5399.45,2026-08-10 16:33:00,Hyderabad,Zara,Apparel,1
T05980,C0598,3624.67,2026-08-10 16:33:00,Pune,Burger King,Restaurant,0
AMT_C0824,C0824,22692.4,2026-08-10 16:33:00,Goa,Reliance,Retail,1
T00800,C0080,3078.72,2026-08-10 16:34:00,Pune,Zara,Apparel,0
AMT_C0271,C0271,16412.3,2026-08-10 16:34:00,Bengaluru,Big Chill,Restaurant,1
T03960,C0396,2905.98,2026-08-10 16:34:00,Goa,Max,Apparel,0
MERCH_C0338,C0338,6212.4,2026-08-10 16:34:00,Kolkata,Spar,Grocery,1
T07680,C0768,974.79,2026-08-10 16:34:00,Bengaluru,Flipkart,E-commerce,0
MERCH_C0487,C0487,4958.55,2026-08-10 16:34:00,Delhi,H&M,Apparel,1
T06130,C0613,2705.03,2026-08-10 16:35:00,Goa,Flipkart,E-commerce,0
LOC_C0550,C0550,3588.15,2026-08-10 16:35:00,Hyderabad,Amazon,E-commerce,1
T00170,C0017,1862.11,2026-08-10 16:35:00,Hyderabad,H&M,Apparel,0
T02280,C0228,4511.95,2026-08-10 16:37:00,Chennai,Flipkart,E-commerce,0
T06270,C0627,1454.48,2026-08-10 16:37:00,Pune,Spar,Grocery,0
MERCH_C0629,C0629,4432.85,2026-08-10 16:37:00,Delhi,,Retail,1
LOC_C0561,C0561,2890.0,2026-08-10 16:37:00,Bengaluru,Amazon,E-commerce,1
T07470,C0747,2053.34,2026-08-10 16:38:00,Hyderabad,Burger King,Restaurant,0
LOC_C0852,C0852,1706.04,2026-08-10 16:39:00,Kolkata,Burger King,Restaurant,1
LOC_C0509,C0509,861.36,2026-08-10 16:39:00,Bengaluru,Myntra,E-commerce,1
FREQ_C0867,C0867,5416.88,2026-08-10 16:39:00,Hyderabad,Myntra,E-commerce,1
FREQ_C0488,C0488,1280.32,2026-08-10 16:40:00,Chennai,H&M,Apparel,1
T03520,C0352,6456.61,2026-08-10 16:40:00,Pune,Burger King,Restaurant,0
T02200,C0220,2798.12,2026-08-10 16:40:00,Mumbai,Max,Apparel,0
LOC_C0320,C0320,3552.78,2026-08-10 16:41:00,Kolkata,Flipkart,E-commerce,1
T00300,C0030,2507.71,2026-08-10 16:41:00,Hyderabad,Amazon,E-commerce,0
AMT_C0457,C0457,9603.24,2026-08-10 16:42:00,Goa,Amazon,E-commerce,1
AMT_C0526,C0526,11704.33,2026-08-10 16:43:00,Bengaluru,H&M,Apparel,1
T08530,C0853,1348.66,2026-08-10 16:43:00,Delhi,H&M,Apparel,0
AMT_C0507,C0507,3373.13,2026-08-10 16:43:00,Hyderabad,H&M,Apparel,1
LOC_C0704,C0704,1617.93,2026-08-10 16:43:00,Bengaluru,Spar,Grocery,1
MERCH_C0526,C0526,2549.21,2026-08-10 16:43:00,Bengaluru,Flipkart,E-commerce,1
T01020,C0102,4678.03,2026-08-10 16:43:00,Hyderabad,Flipkart,E-commerce,0
FREQ_C0768,C0768,790.73,2026-08-10 16:44:00,Bengaluru,Zara,Apparel,1
FREQ_C0080,C0080,2790.08,2026-08-10 16:44:00,Pune,Zara,Apparel,1
T08700,C0870,3521.42,2026-08-10 16:44:00,Chennai,Max,Apparel,0
MERCH_C0718,C0718,3270.05,2026-08-10 16:45:00,,,Restaurant,1
T00100,C0010,6262.96,2026-08-10 16:45:00,Bengaluru,,Apparel,0
AMT_C0718,C0718,19473.42,2026-08-10 16:45:00,Mumbai,Flipkart,E-commerce,1
MERCH_C0838,C0838,9142.94,2026-08-10 16:45:00,Hyderabad,Amazon,E-commerce,1
T00530,C0053,2543.07,2026-08-10 16:45:00,Delhi,Max,Apparel,0
T02350,C0235,2307.59,2026-08-10 16:46:00,Pune,Myntra,E-commerce,0
AMT_C0695,C0695,37527.16,2026-08-10 16:46:00,Chennai,Myntra,E-commerce,1
T04590,C0459,637.78,2026-08-10 16:46:00,Mumbai,Amazon,E-commerce,0
T06110,C0611,1271.28,2026-08-10 16:46:00,Chennai,,E-commerce,0
FREQ_C0627,C0627,2297.72,2026-08-10 16:47:00,Pune,Spar,Grocery,1
T02520,C0252,4971.57,2026-08-10 16:47:00,Mumbai,Max,Apparel,0
T09420,C0942,3221.46,2026-08-10 16:47:00,Pune,Reliance,Retail,0
AMT_C0222,C0222,30748.26,2026-08-10 16:48:00,Hyderabad,Reliance,Retail,1
MERCH_C0598,C0598,9817.22,2026-08-10 16:48:00,Mumbai,Reliance,Retail,1
T02320,C0232,4333.03,2026-08-10 16:48:00,Pune,Amazon,E-commerce,0
LOC_C0177,C0177,4184.46,2026-08-10 16:48:00,Kolkata,Burger King,Restaurant,1
LOC_C0730,C0730,2049.0,2026-08-10 16:49:00,Bengaluru,H&M,Apparel,1
MERCH_C0080,C0080,6679.98,2026-08-10 16:49:00,Delhi,H&M,Apparel,1
MERCH_C0589,C0589,1302.83,2026-08-10 16:50:00,Bengaluru,H&M,Apparel,1
FREQ_C0220,C0220,1789.08,2026-08-10 16:50:00,Mumbai,Zara,Apparel,1
MERCH_C0613,C0613,7988.3,2026-08-10 16:50:00,Hyderabad,Spar,Grocery,1
AMT_C0716,C0716,29096.33,2026-08-10 16:51:00,Kolkata,Myntra,E-commerce,1
FREQ_C0102,C0102,4902.61,2026-08-10 16:53:00,,Myntra,E-commerce,1
LOC_C0071,C0071,4932.45,2026-08-10 16:53:00,,Max,Apparel,1
LOC_C0594,C0594,2616.48,2026-08-10 16:53:00,Kolkata,Big Chill,Restaurant,1
LOC_C0693,C0693,4904.81,2026-08-10 16:53:00,Mumbai,Flipkart,E-commerce,1
FREQ_C0870,C0870,3115.63,2026-08-10 16:54:00,Chennai,Max,Apparel,1
LOC_C0979,C0979,5431.0,2026-08-10 16:54:00,Mumbai,Burger King,Restaurant,1
AMT_C0029,C0029,22396.19,2026-08-10 16:54:00,Delhi,Amazon,E-commerce,1
T00340,C0034,5217.71,2026-08-10 16:54:00,Chennai,Zara,Apparel,0
FREQ_C0053,C0053,2789.44,2026-08-10 16:55:00,Delhi,Amazon,E-commerce,1
MERCH_C0352,C0352,16938.98,2026-08-10 16:55:00,Hyderabad,Myntra,E-commerce,1
T06010,C0601,1179.84,2026-08-10 16:56:00,Pune,Flipkart,E-commerce,0
FREQ_C0235,C0235,1623.29,2026-08-10 16:56:00,Pune,Myntra,E-commerce,1
FREQ_C0611,C0611,745.86,2026-08-10 16:56:00,Chennai,Flipkart,E-commerce,1
T09810,C0981,2814.21,2026-08-10 16:56:00,Bengaluru,Reliance,Retail,0
T00690,C0069,4210.64,2026-08-10 16:57:00,Goa,Max,Apparel,0
FREQ_C0252,C0252,2758.87,2026-08-10 16:57:00,Mumbai,Max,Apparel,1
T09300,C0930,5964.47,2026-08-10 16:57:00,Bengaluru,Big Chill,Restaurant,0
LOC_C0065,C0065,2313.61,2026-08-10 16:57:00,Kolkata,Flipkart,E-commerce,1
AMT_C0265,C0265,7263.5,2026-08-10 16:57:00,Delhi,Reliance,Retail,1
T03490,C0349,6601.81,2026-08-10 16:58:00,Chennai,Big Chill,Restaurant,0
T05480,C0548,857.18,2026-08-10 16:58:00,Kolkata,Myntra,E-commerce,0
LOC_C0298,C0298,6043.67,2026-08-10 16:58:00,Hyderabad,Big Chill,Restaurant,1
MERCH_C0102,C0102,14848.4,2026-08-10 16:58:00,Pune,Zara,Apparel,1
AMT_C0655,C0655,16535.48,2026-08-10 16:59:00,,,Apparel,1
LOC_C0689,C0689,5235.82,2026-08-10 17:00:00,Pune,Flipkart,E-commerce,1
AMT_C0442,C0442,5369.02,2026-08-10 17:00:00,Mumbai,Flipkart,E-commerce,1
T05880,C0588,1689.15,2026-08-10 17:01:00,Bengaluru,Reliance,Retail,0
T05530,C0553,2635.79,2026-08-10 17:01:00,Bengaluru,Flipkart,E-commerce,0
LOC_C0179,C0179,2609.32,2026-08-10 17:01:00,Mumbai,Big Chill,Restaurant,1
T02070,C0207,800.45,2026-08-10 17:01:00,Mumbai,Spar,Grocery,0
AMT_C0565,C0565,3691.4,2026-08-10 17:02:00,Bengaluru,Zara,Apparel,1
MERCH_C0565,C0565,554.97,2026-08-10 17:02:00,Bengaluru,Amazon,E-commerce,1
MERCH_C0942,C0942,8765.17,2026-08-10 17:02:00,Delhi,Amazon,E-commerce,1
AMT_C0937,C0937,23851.21,2026-08-10 17:03:00,Chennai,Myntra,E-commerce,1
T03390,C0339,4302.93,2026-08-10 17:03:00,,Burger King,Restaurant,0
T04230,C0423,4731.96,2026-08-10 17:03:00,Delhi,Big Chill,Restaurant,0
FREQ_C0034,C0034,3500.69,2026-08-10 17:04:00,Chennai,H&M,Apparel,1
T02080,C0208,820.36,2026-08-10 17:04:00,Bengaluru,Zara,Apparel,0
LOC_C0469,C0469,2558.06,2026-08-10 17:04:00,Goa,Flipkart,E-commerce,1
MERCH_C0890,C0890,4333.23,2026-08-10 17:05:00,Kolkata,Zara,Apparel,1
T00320,C0032,5965.41,2026-08-10 17:05:00,Mumbai,Myntra,E-commerce,0
T01810,C0181,3385.67,2026-08-10 17:05:00,Goa,Reliance,Retail,0
FREQ_C0981,C0981,1698.97,2026-08-10 17:06:00,Bengaluru,Spar,Grocery,1
FREQ_C0601,C0601,2084.98,2026-08-10 17:06:00,Pune,H&M,Apparel,1
T08860,C0886,1261.1,2026-08-10 17:06:00,Mumbai,Zara,Apparel,0
T02610,C0261,1741.56,2026-08-10 17:07:00,Delhi,Big Chill,Restaurant,0
FREQ_C0069,C0069,3611.44,2026-08-10 17:07:00,Goa,Burger King,Restaurant,1
FREQ_C0930,C0930,3932.4,2026-08-10 17:07:00,Bengaluru,Big Chill,Restaurant,1
AMT_C0141,C0141,17767.73,2026-08-10 17:08:00,,,Restaurant,1
FREQ_C0349,C0349,4494.71,2026-08-10 17:08:00,Chennai,Max,Apparel,1
MERCH_C0141,C0141,2810.56,2026-08-10 17:08:00,Hyderabad,Amazon,E-commerce,1
FREQ_C0548,C0548,1757.18,2026-08-10 17:08:00,Kolkata,Myntra,E-commerce,1
T07970,C0797,4805.37,2026-08-10 17:08:00,Goa,Myntra,E-commerce,0
T03090,C0309,1296.22,2026-08-10 17:09:00,Kolkata,Flipkart,E-commerce,0
LOC_C0151,C0151,2340.69,2026-08-10 17:10:00,Mumbai,Myntra,E-commerce,1
MERCH_C0319,C0319,4844.57,2026-08-10 17:10:00,Kolkata,Myntra,E-commerce,1
AMT_C0073,C0073,11053.4,2026-08-10 17:10:00,Hyderabad,Reliance,Retail,1
AMT_C0642,C0642,21174.87,2026-08-10 17:10:00,Chennai,Zara,Apparel,1
T08750,C0875,1990.06,2026-08-10 17:10:00,Goa,Reliance,Retail,0
FREQ_C0553,C0553,2475.51,2026-08-10 17:11:00,Bengaluru,Spar,Grocery,1
FREQ_C0207,C0207,1673.33,2026-08-10 17:11:00,Mumbai,Zara,Apparel,1
AMT_C0812,C0812,26045.13,2026-08-10 17:11:00,Delhi,Spar,Grocery,1
MERCH_C0601,C0601,5068.25,2026-08-10 17:11:00,Hyderabad,Max,Apparel,1
T09900,C0990,3485.69,2026-08-10 17:12:00,Kolkata,Reliance,Retail,0
AMT_C0435,C0435,13260.04,2026-08-10 17:12:00,Delhi,Amazon,E-commerce,1
MERCH_C0069,C0069,9675.09,2026-08-10 17:12:00,Kolkata,Spar,Grocery,1
MERCH_C0435,C0435,1794.53,2026-08-10 17:12:00,Delhi,Zara,Apparel,1
T08950,C0895,5900.76,2026-08-10 17:12:00,Kolkata,Burger King,Restaurant,0
MERCH_C0169,C0169,5099.59,2026-08-10 17:13:00,Kolkata,Zara,Apparel,1
FREQ_C0339,C0339,4429.24,2026-08-10 17:13:00,Hyderabad,Burger King,Restaurant,1
T06570,C0657,1367.67,2026-08-10 17:13:00,Goa,Reliance,Retail,0
LOC_C0525,C0525,2011.87,2026-08-10 17:13:00,Chennai,Max,Apparel,1
MERCH_C0349,C0349,17938.23,2026-08-10 17:13:00,Bengaluru,Big Chill,Restaurant,1
FREQ_C0208,C0208,534.22,2026-08-10 17:14:00,Bengaluru,Big Chill,Restaurant,1
T01000,C0100,638.09,2026-08-10 17:15:00,Kolkata,Reliance,Retail,0
FREQ_C0032,C0032,4127.25,2026-08-10 17:15:00,Mumbai,Myntra,E-commerce,1
T07890,C0789,5150.72,2026-08-10 17:15:00,Hyderabad,Big Chill,Restaurant,0
MERCH_C0553,C0553,12828.62,2026-08-10 17:16:00,Delhi,Max,Apparel,1
FREQ_C0886,C0886,1117.06,2026-08-10 17:16:00,Mumbai,Zara,Apparel,1
LOC_C0843,C0843,5608.21,2026-08-10 17:16:00,Bengaluru,Myntra,E-commerce,1
T03110,C0311,620.63,2026-08-10 17:16:00,Bengaluru,,E-commerce,0
T02970,C0297,717.09,2026-08-10 17:16:00,Hyderabad,Amazon,E-commerce,0
AMT_C0539,C0539,6295.45,2026-08-10 17:17:00,Chennai,Zara,Apparel,1
LOC_C0537,C0537,5780.56,2026-08-10 17:17:00,,Max,Apparel,1
MERCH_C0339,C0339,14889.52,2026-08-10 17:18:00,Kolkata,Flipkart,E-commerce,1
T05660,C0566,3584.64,2026-08-10 17:18:00,Goa,Flipkart,E-commerce,0
T04060,C0406,3352.4,2026-08-10 17:18:00,Hyderabad,Flipkart,E-commerce,0
MERCH_C0208,C0208,1886.15,2026-08-10 17:19:00,Chennai,Myntra,E-commerce,1
FREQ_C0309,C0309,2563.88,2026-08-10 17:19:00,Kolkata,Big Chill,Restaurant,1
T08500,C0850,2311.93,2026-08-10 17:20:00,Goa,Reliance,Retail,0
AMT_C0894,C0894,12767.68,2026-08-10 17:20:00,Goa,Myntra,E-commerce,1
MERCH_C0894,C0894,2532.68,2026-08-10 17:20:00,Goa,Big Chill,Restaurant,1
T07390,C0739,2567.47,2026-08-10 17:21:00,Bengaluru,Big Chill,Restaurant,0
AMT_C0858,C0858,43237.63,2026-08-10 17:22:00,Mumbai,Flipkart,E-commerce,1
LOC_C0124,C0124,6839.28,2026-08-10 17:22:00,Hyderabad,Amazon,E-commerce,1
FREQ_C0990,C0990,2726.19,2026-08-10 17:22:00,Kolkata,Amazon,E-commerce,1
MERCH_C0261,C0261,3616.95,2026-08-10 17:22:00,Goa,Burger King,Restaurant,1
MERCH_C0797,C0797,10054.6,2026-08-10 17:23:00,Mumbai,Flipkart,E-commerce,1
T03100,C0310,2867.56,2026-08-10 17:23:00,Chennai,Myntra,E-commerce,0
T01460,C0146,3458.47,2026-08-10 17:23:00,Bengaluru,Big Chill,Restaurant,0
LOC_C0586,C0586,633.73,2026-08-10 17:23:00,Pune,Myntra,E-commerce,1
T02010,C0201,634.46,2026-08-10 17:23:00,Goa,Myntra,E-commerce,0
FREQ_C0657,C0657,1109.32,2026-08-10 17:23:00,Goa,Reliance,Retail,1
T04990,C0499,3212.67,2026-08-10 17:24:00,Delhi,Big Chill,Restaurant,0
T08850,C0885,2738.78,2026-08-10 17:24:00,Kolkata,Flipkart,E-commerce,0
AMT_C0217,C0217,33377.17,2026-08-10 17:25:00,,Max,Apparel,1
FREQ_C0100,C0100,554.62,2026-08-10 17:25:00,Kolkata,Burger King,Restaurant,1
MERCH_C0651,C0651,2141.56,2026-08-10 17:25:00,Bengaluru,Max,Apparel,1
T07360,C0736,2147.75,2026-08-10 17:25:00,Pune,H&M,Apparel,0
T01030,C0103,5246.21,2026-08-10 17:25:00,Chennai,Max,Apparel,0
AMT_C0651,C0651,9461.09,2026-08-10 17:25:00,Bengaluru,Amazon,E-commerce,1
T08190,C0819,2414.16,2026-08-10 17:25:00,Pune,Max,Apparel,0
LOC_C0033,C0033,4496.17,2026-08-10 17:26:00,Bengaluru,Zara,Apparel,1
AMT_C0051,C0051,12612.72,2026-08-10 17:26:00,Chennai,Zara,Apparel,1
AMT_C0944,C0944,23202.54,2026-08-10 17:27:00,Delhi,Flipkart,E-commerce,1
T04520,C0452,666.39,2026-08-10 17:27:00,Chennai,Flipkart,E-commerce,0
MERCH_C0990,C0990,8363.49,2026-08-10 17:27:00,Delhi,Flipkart,E-commerce,1
AMT_C0865,C0865,17095.17,2026-08-10 17:27:00,Delhi,Flipkart,E-commerce,1
T01440,C0144,4710.65,2026-08-10 17:27:00,Mumbai,Amazon,E-commerce,0
T02550,C0255,3259.34,2026-08-10 17:28:00,Bengaluru,Reliance,Retail,0
FREQ_C0406,C0406,5963.48,2026-08-10 17:28:00,Hyderabad,Flipkart,E-commerce,1
T03070,C0307,2561.9,2026-08-10 17:29:00,Bengaluru,H&M,Apparel,0
T05830,C0583,5374.03,2026-08-10 17:29:00,Chennai,Zara,Apparel,0
LOC_C0745,C0745,3071.6,2026-08-10 17:29:00,Hyderabad,H&M,Apparel,1
FREQ_C0850,C0850,2936.19,2026-08-10 17:30:00,Goa,Reliance,Retail,1
T09530,C0953,5252.98,2026-08-10 17:30:00,Pune,Burger King,Restaurant,0
LOC_C0145,C0145,5051.62,2026-08-10 17:30:00,Bengaluru,Flipkart,E-commerce,1
AMT_C0225,C0225,27748.57,2026-08-10 17:30:00,Pune,Big Chill,Restaurant,1
MERCH_C0225,C0225,4471.2,2026-08-10 17:30:00,Pune,H&M,Apparel,1
MERCH_C0311,C0311,2153.29,2026-08-10 17:31:00,Mumbai,Myntra,E-commerce,1
AMT_C0835,C0835,31955.8,2026-08-10 17:32:00,Goa,H&M,Apparel,1
FREQ_C0201,C0201,1062.5,2026-08-10 17:33:00,Goa,H&M,Apparel,1
MERCH_C0406,C0406,15623.37,2026-08-10 17:33:00,Goa,H&M,Apparel,1
T03330,C0333,3372.25,2026-08-10 17:33:00,Mumbai,Amazon,E-commerce,0
FREQ_C0146,C0146,4642.1,2026-08-10 17:33:00,Bengaluru,Zara,Apparel,1
AMT_C0641,C0641,17523.1,2026-08-10 17:33:00,Goa,Amazon,E-commerce,1
MERCH_C0917,C0917,1164.38,2026-08-10 17:34:00,Mumbai,,Grocery,1
T02560,C0256,1316.34,2026-08-10 17:34:00,,Reliance,Retail,0
AMT_C0269,C0269,4613.65,2026-08-10 17:34:00,Bengaluru,Myntra,E-commerce,1
MERCH_C0269,C0269,681.79,2026-08-10 17:34:00,Bengaluru,Flipkart,E-commerce,1
FREQ_C0499,C0499,3834.01,2026-08-10 17:34:00,Delhi,,Restaurant,1
T06940,C0694,2606.47,2026-08-10 17:34:00,Mumbai,Burger King,Restaurant,0
T03120,C0312,3508.11,2026-08-10 17:35:00,Mumbai,Zara,Apparel,0
T08070,C0807,2772.74,2026-08-10 17:35:00,Mumbai,Reliance,Retail,0
LOC_C0804,C0804,4494.1,2026-08-10 17:35:00,Chennai,Spar,Grocery,1
MERCH_C0850,C0850,9329.19,2026-08-10 17:35:00,Chennai,Spar,Grocery,1
LOC_C0214,C0214,2533.01,2026-08-10 17:35:00,Goa,H&M,Apparel,1
LOC_C0180,C0180,6536.48,2026-08-10 17:36:00,Mumbai,Reliance,Retail,1
T06780,C0678,4275.78,2026-08-10 17:37:00,Hyderabad,Big Chill,Restaurant,0
FREQ_C0452,C0452,1073.5,2026-08-10 17:37:00,Chennai,Flipkart,E-commerce,1
T04840,C0484,4673.74,2026-08-10 17:37:00,Kolkata,Myntra,E-commerce,0
FREQ_C0144,C0144,3717.56,2026-08-10 17:37:00,Mumbai,Max,Apparel,1
T09750,C0975,830.85,2026-08-10 17:38:00,Pune,Burger King,Restaurant,0
T00180,C0018,4630.59,2026-08-10 17:38:00,Pune,Burger King,Restaurant,0
MERCH_C0201,C0201,3347.26,2026-08-10 17:38:00,Kolkata,Burger King,Restaurant,1
FREQ_C0255,C0255,3232.05,2026-08-10 17:38:00,Bengaluru,Flipkart,E-commerce,1
MERCH_C0310,C0310,15832.86,2026-08-10 17:38:00,Kolkata,Flipkart,E-commerce,1
T00120,C0012,5553.73,2026-08-10 17:39:00,Pune,Zara,Apparel,0
MERCH_C0825,C0825,3717.78,2026-08-10 17:39:00,Hyderabad,Reliance,Retail,1
AMT_C0251,C0251,4008.15,2026-08-10 17:39:00,Kolkata,Big Chill,Restaurant,1
FREQ_C0307,C0307,4686.54,2026-08-10 17:39:00,Bengaluru,Flipkart,E-commerce,1
AMT_C0825,C0825,13541.29,2026-08-10 17:39:00,Hyderabad,H&M,Apparel,1
T08710,C0871,2131.74,2026-08-10 17:39:00,Bengaluru,Amazon,E-commerce,0
T08150,C0815,5818.77,2026-08-10 17:39:00,Hyderabad,Myntra,E-commerce,0
LOC_C0276,C0276,852.08,2026-08-10 17:39:00,Goa,Max,Apparel,1
T01620,C0162,696.97,2026-08-10 17:40:00,Chennai,Max,Apparel,0
T09260,C0926,2850.3,2026-08-10 17:40:00,Chennai,Zara,Apparel,0
FREQ_C0953,C0953,5095.91,2026-08-10 17:40:00,Pune,Spar,Grocery,1
T08210,C0821,3479.01,2026-08-10 17:40:00,Kolkata,Big Chill,Restaurant,0
MERCH_C0563,C0563,2957.89,2026-08-10 17:40:00,Kolkata,Zara,Apparel,1
T08100,C0810,4029.61,2026-08-10 17:41:00,Delhi,H&M,Apparel,0
T02780,C0278,3255.54,2026-08-10 17:41:00,Chennai,Reliance,Retail,0
T07590,C0759,2829.38,2026-08-10 17:42:00,Hyderabad,Max,Apparel,0
T02930,C0293,2760.55,2026-08-10 17:42:00,Goa,Big Chill,Restaurant,0
MERCH_C0452,C0452,2883.39,2026-08-10 17:42:00,Pune,Reliance,Retail,1
LOC_C0982,C0982,4202.68,2026-08-10 17:42:00,Goa,Flipkart,E-commerce,1
AMT_C0187,C0187,16528.88,2026-08-10 17:42:00,Chennai,Myntra,E-commerce,1
T07060,C0706,6214.3,2026-08-10 17:42:00,Pune,Max,Apparel,0
T03440,C0344,3416.88,2026-08-10 17:43:00,Hyderabad,Big Chill,Restaurant,0
T03280,C0328,1640.21,2026-08-10 17:44:00,Delhi,Amazon,E-commerce,0
MERCH_C0583,C0583,13119.31,2026-08-10 17:44:00,Mumbai,H&M,Apparel,1
T04260,C0426,1466.46,2026-08-10 17:44:00,Hyderabad,Flipkart,E-commerce,0
T01080,C0108,845.76,2026-08-10 17:44:00,Pune,Flipkart,E-commerce,0
T02720,C0272,1404.0,2026-08-10 17:44:00,Goa,Flipkart,E-commerce,0
MERCH_C0307,C0307,9891.65,2026-08-10 17:44:00,Kolkata,Big Chill,Restaurant,1
AMT_C0099,C0099,29296.75,2026-08-10 17:44:00,Mumbai,Max,Apparel,1
MERCH_C0412,C0412,1543.97,2026-08-10 17:45:00,Bengaluru,Burger King,Restaurant,1
FREQ_C0312,C0312,4655.26,2026-08-10 17:45:00,Mumbai,Reliance,Retail,1
FREQ_C0807,C0807,3042.2,2026-08-10 17:45:00,Mumbai,Reliance,Retail,1
T07930,C0793,2561.21,2026-08-10 17:45:00,Chennai,Big Chill,Restaurant,0
T02330,C0233,2053.15,2026-08-10 17:45:00,Hyderabad,Big Chill,Restaurant,0
AMT_C0918,C0918,8556.41,2026-08-10 17:45:00,Mumbai,Max,Apparel,1
AMT_C0412,C0412,6150.56,2026-08-10 17:45:00,Bengaluru,Flipkart,E-commerce,1
MERCH_C0918,C0918,1212.99,2026-08-10 17:45:00,Mumbai,Myntra,E-commerce,1
LOC_C0064,C0064,3434.97,2026-08-10 17:45:00,Chennai,Zara,Apparel,1
AMT_C0067,C0067,16981.6,2026-08-10 17:46:00,Bengaluru,Amazon,E-commerce,1
T00660,C0066,1677.27,2026-08-10 17:47:00,Bengaluru,H&M,Apparel,0
FREQ_C0678,C0678,5815.41,2026-08-10 17:47:00,Hyderabad,Reliance,Retail,1
T00250,C0025,4730.84,2026-08-10 17:47:00,Bengaluru,Zara,Apparel,0
MERCH_C0107,C0107,1270.8,2026-08-10 17:48:00,Mumbai,Burger King,Restaurant,1
T02900,C0290,3639.63,2026-08-10 17:48:00,Kolkata,Reliance,Retail,0
LOC_C0570,C0570,3309.65,2026-08-10 17:48:00,Kolkata,Burger King,Restaurant,1
LOC_C0766,C0766,5696.04,2026-08-10 17:48:00,Delhi,Amazon,E-commerce,1
MERCH_C0333,C0333,11779.62,2026-08-10 17:48:00,Bengaluru,Burger King,Restaurant,1
LOC_C0229,C0229,2120.16,2026-08-10 17:48:00,Hyderabad,Reliance,Retail,1
AMT_C0107,C0107,4994.89,2026-08-10 17:48:00,Mumbai,Big Chill,Restaurant,1
T06910,C0691,959.64,2026-08-10 17:48:00,Kolkata,Amazon,E-commerce,0
FREQ_C0871,C0871,4536.38,2026-08-10 17:49:00,Bengaluru,Amazon,E-commerce,1
FREQ_C0012,C0012,4366.22,2026-08-10 17:49:00,Pune,Burger King,Restaurant,1
T06330,C0633,1715.44,2026-08-10 17:49:00,Kolkata,H&M,Apparel,0
T03730,C0373,3485.5,2026-08-10 17:49:00,Bengaluru,Big Chill,Restaurant,0
FREQ_C0926,C0926,1791.32,2026-08-10 17:50:00,Chennai,Zara,Apparel,1
FREQ_C0821,C0821,2677.09,2026-08-10 17:50:00,Kolkata,Max,Apparel,1
LOC_C0379,C0379,3661.61,2026-08-10 17:50:00,Chennai,Reliance,Retail,1
LOC_C0450,C0450,2360.79,2026-08-10 17:50:00,Mumbai,Big Chill,Restaurant,1
T07140,C0714,1207.28,2026-08-10 17:50:00,Bengaluru,Myntra,E-commerce,0
T02640,C0264,2409.6,2026-08-10 17:51:00,Hyderabad,Reliance,Retail,0
LOC_C0702,C0702,2247.95,2026-08-10 17:51:00,Bengaluru,Zara,Apparel,1
LOC_C0301,C0301,1797.47,2026-08-10 17:51:00,Hyderabad,Spar,Grocery,1
AMT_C0735,C0735,11677.35,2026-08-10 17:51:00,Delhi,Myntra,E-commerce,1
T09350,C0935,3238.73,2026-08-10 17:51:00,,Big Chill,Restaurant,0
LOC_C0554,C0554,3779.46,2026-08-10 17:51:00,Hyderabad,Spar,Grocery,1
MERCH_C0828,C0828,3113.85,2026-08-10 17:51:00,Hyderabad,Burger King,Restaurant,1
LOC_C0095,C0095,4466.74,2026-08-10 17:51:00,Hyderabad,Zara,Apparel,1
T09380,C0938,1942.95,2026-08-10 17:52:00,Bengaluru,Amazon,E-commerce,0
FREQ_C0293,C0293,2414.23,2026-08-10 17:52:00,Goa,Big Chill,Restaurant,1
T01830,C0183,3788.41,2026-08-10 17:52:00,Kolkata,H&M,Apparel,0
MERCH_C0678,C0678,15248.59,2026-08-10 17:52:00,Pune,Amazon,E-commerce,1
T08260,C0826,2086.77,2026-08-10 17:53:00,Bengaluru,Burger King,Restaurant,0
LOC_C0334,C0334,866.6,2026-08-10 17:53:00,Goa,Amazon,E-commerce,1
FREQ_C0344,C0344,3015.02,2026-08-10 17:53:00,Hyderabad,Spar,Grocery,1
T02950,C0295,855.8,2026-08-10 17:53:00,Hyderabad,Zara,Apparel,0
MERCH_C0164,C0164,1131.73,2026-08-10 17:53:00,,Amazon,E-commerce,1
MERCH_C0975,C0975,3043.99,2026-08-10 17:53:00,Kolkata,Big Chill,Restaurant,1
AMT_C0035,C0035,28195.41,2026-08-10 17:54:00,Chennai,Burger King,Restaurant,1
FREQ_C0426,C0426,1615.47,2026-08-10 17:54:00,,Flipkart,E-commerce,1
FREQ_C0793,C0793,2950.2,2026-08-10 17:55:00,Chennai,Big Chill,Restaurant,1
FREQ_C0233,C0233,1284.67,2026-08-10 17:55:00,Hyderabad,H&M,Apparel,1
T01910,C0191,5995.61,2026-08-10 17:55:00,Mumbai,Flipkart,E-commerce,0
T02130,C0213,965.64,2026-08-10 17:56:00,Kolkata,Max,Apparel,0
T08910,C0891,4486.72,2026-08-10 17:56:00,Pune,Zara,Apparel,0
FREQ_C0025,C0025,4327.42,2026-08-10 17:57:00,Bengaluru,Zara,Apparel,1
LOC_C0393,C0393,3308.61,2026-08-10 17:57:00,,,E-commerce,1
MERCH_C0293,C0293,6233.99,2026-08-10 17:57:00,Pune,Burger King,Restaurant,1
T02730,C0273,1118.65,2026-08-10 17:58:00,Hyderabad,Big Chill,Restaurant,0
T06230,C0623,895.68,2026-08-10 17:58:00,,Myntra,E-commerce,0
T05510,C0551,2339.51,2026-08-10 17:58:00,Pune,Reliance,Retail,0
FREQ_C0290,C0290,2503.49,2026-08-10 17:58:00,Kolkata,Reliance,Retail,1
T02870,C0287,974.79,2026-08-10 17:58:00,Kolkata,Reliance,Retail,0
AMT_C0591,C0591,27290.39,2026-08-10 17:58:00,Mumbai,Burger King,Restaurant,1
MERCH_C0893,C0893,5037.6,2026-08-10 17:58:00,Delhi,Myntra,E-commerce,1
LOC_C0003,C0003,736.32,2026-08-10 17:59:00,Kolkata,Myntra,E-commerce,1
LOC_C0734,C0734,2148.5,2026-08-10 17:59:00,Goa,Reliance,Retail,1
LOC_C0564,C0564,1118.21,2026-08-10 18:00:00,Mumbai,,E-commerce,1
AMT_C0289,C0289,17069.91,2026-08-10 18:00:00,Delhi,H&M,Apparel,1
T07860,C0786,4611.97,2026-08-10 18:00:00,Goa,Reliance,Retail,0
T04890,C0489,631.49,2026-08-10 18:00:00,Goa,Burger King,Restaurant,0
MERCH_C0292,C0292,1876.47,2026-08-10 18:01:00,Delhi,Amazon,E-commerce,1
FREQ_C0935,C0935,2921.61,2026-08-10 18:01:00,Goa,Reliance,Retail,1
AMT_C0292,C0292,10402.65,2026-08-10 18:01:00,Delhi,Burger King,Restaurant,1
FREQ_C0183,C0183,2357.4,2026-08-10 18:02:00,,Flipkart,E-commerce,1
LOC_C0764,C0764,3158.21,2026-08-10 18:02:00,,Big Chill,Restaurant,1
T06920,C0692,2035.65,2026-08-10 18:02:00,Hyderabad,Max,Apparel,0
FREQ_C0295,C0295,1094.86,2026-08-10 18:03:00,Hyderabad,Big Chill,Restaurant,1
AMT_C0055,C0055,24128.98,2026-08-10 18:03:00,Mumbai,Big Chill,Restaurant,1
T05930,C0593,489.24,2026-08-10 18:03:00,Delhi,Reliance,Retail,0
FREQ_C0826,C0826,2679.03,2026-08-10 18:03:00,Bengaluru,Zara,Apparel,1
MERCH_C0373,C0373,11131.68,2026-08-10 18:04:00,Pune,Myntra,E-commerce,1
T09080,C0908,890.81,2026-08-10 18:04:00,Delhi,Max,Apparel,0
AMT_C0860,C0860,9396.95,2026-08-10 18:04:00,Mumbai,Reliance,Retail,1
T10000,C1000,3037.81,2026-08-10 18:04:00,Bengaluru,Flipkart,E-commerce,0
T07900,C0790,6018.28,2026-08-10 18:04:00,Mumbai,Max,Apparel,0
MERCH_C0633,C0633,7969.51,2026-08-10 18:04:00,Bengaluru,Burger King,Restaurant,1
T04530,C0453,1039.67,2026-08-10 18:05:00,Hyderabad,Reliance,Retail,0
MERCH_C0072,C0072,1357.16,2026-08-10 18:05:00,Chennai,H&M,Apparel,1
FREQ_C0191,C0191,4684.56,2026-08-10 18:05:00,Mumbai,Reliance,Retail,1
MERCH_C0264,C0264,6745.84,2026-08-10 18:06:00,Bengaluru,Max,Apparel,1
MERCH_C0505,C0505,1319.31,2026-08-10 18:06:00,,Zara,Apparel,1
T01900,C0190,4462.48,2026-08-10 18:06:00,Kolkata,Zara,Apparel,0
FREQ_C0213,C0213,640.7,2026-08-10 18:06:00,Kolkata,Reliance,Retail,1
MERCH_C0935,C0935,8419.09,2026-08-10 18:06:00,Delhi,H&M,Apparel,1
LOC_C0444,C0444,3200.88,2026-08-10 18:07:00,Bengaluru,Reliance,Retail,1
AMT_C0500,C0500,18070.82,2026-08-10 18:07:00,Hyderabad,Amazon,E-commerce,1
MERCH_C0500,C0500,3430.34,2026-08-10 18:07:00,Hyderabad,H&M,Apparel,1
FREQ_C0273,C0273,656.52,2026-08-10 18:08:00,Hyderabad,Amazon,E-commerce,1
AMT_C0471,C0471,36397.21,2026-08-10 18:08:00,Mumbai,Flipkart,E-commerce,1
FREQ_C0287,C0287,668.47,2026-08-10 18:08:00,Kolkata,Reliance,Retail,1
AMT_C0110,C0110,19214.43,2026-08-10 18:08:00,Delhi,Big Chill,Restaurant,1
LOC_C0408,C0408,4360.85,2026-08-10 18:09:00,Chennai,Burger King,Restaurant,1
AMT_C0346,C0346,18427.38,2026-08-10 18:09:00,Hyderabad,Amazon,E-commerce,1
T08800,C0880,4804.35,2026-08-10 18:09:00,Bengaluru,H&M,Apparel,0
LOC_C0998,C0998,3051.25,2026-08-10 18:09:00,Kolkata,Max,Apparel,1
T06660,C0666,2030.53,2026-08-10 18:09:00,Hyderabad,Spar,Grocery,0
MERCH_C0397,C0397,6905.35,2026-08-10 18:10:00,Chennai,Big Chill,Restaurant,1
FREQ_C0489,C0489,423.78,2026-08-10 18:10:00,Goa,Burger King,Restaurant,1
FREQ_C0786,C0786,3558.46,2026-08-10 18:10:00,Goa,,E-commerce,1
T00780,C0078,5714.17,2026-08-10 18:10:00,Delhi,Myntra,E-commerce,0
MERCH_C0049,C0049,1562.54,2026-08-10 18:11:00,Pune,Zara,Apparel,1
AMT_C0049,C0049,7654.57,2026-08-10 18:11:00,Pune,Burger King,Restaurant,1
MERCH_C0213,C0213,1868.36,2026-08-10 18:11:00,Mumbai,Myntra,E-commerce,1
T03760,C0376,1191.43,2026-08-10 18:11:00,Kolkata,Burger King,Restaurant,0
LOC_C0516,C0516,1012.06,2026-08-10 18:11:00,Bengaluru,Spar,Grocery,1
LOC_C0348,C0348,1097.52,2026-08-10 18:12:00,,Spar,Grocery,1
T07260,C0726,1177.55,2026-08-10 18:12:00,Kolkata,Burger King,Restaurant,0
T00390,C0039,2538.94,2026-08-10 18:12:00,Mumbai,Reliance,Retail,0
LOC_C0240,C0240,5080.74,2026-08-10 18:12:00,Goa,Spar,Grocery,1
MERCH_C0143,C0143,1970.66,2026-08-10 18:13:00,Bengaluru,,Restaurant,1
T03570,C0357,3762.43,2026-08-10 18:13:00,Mumbai,Zara,Apparel,0
FREQ_C0593,C0593,508.2,2026-08-10 18:13:00,Delhi,Reliance,Retail,1
AMT_C0717,C0717,5979.35,2026-08-10 18:13:00,Chennai,Max,Apparel,1
T07240,C0724,2414.15,2026-08-10 18:13:00,Goa,Spar,Grocery,0
T07990,C0799,398.64,2026-08-10 18:13:00,Kolkata,Zara,Apparel,0
FREQ_C0790,C0790,4676.38,2026-08-10 18:14:00,Mumbai,Max,Apparel,1
AMT_C0653,C0653,4688.36,2026-08-10 18:14:00,Kolkata,Reliance,Retail,1
AMT_C0242,C0242,17733.9,2026-08-10 18:14:00,Bengaluru,Burger King,Restaurant,1
FREQ_C0908,C0908,1801.05,2026-08-10 18:14:00,Delhi,Max,Apparel,1
LOC_C0326,C0326,1173.67,2026-08-10 18:14:00,Bengaluru,Flipkart,E-commerce,1
T01660,C0166,6369.03,2026-08-10 18:14:00,Delhi,Spar,Grocery,0
T00110,C0011,969.42,2026-08-10 18:14:00,Mumbai,Zara,Apparel,0
MERCH_C0242,C0242,3329.54,2026-08-10 18:14:00,Bengaluru,Max,Apparel,1
MERCH_C0786,C0786,12859.5,2026-08-10 18:15:00,Delhi,,Apparel,1
AMT_C0729,C0729,10814.91,2026-08-10 18:15:00,Delhi,H&M,Apparel,1
FREQ_C0453,C0453,1306.99,2026-08-10 18:15:00,Hyderabad,Big Chill,Restaurant,1
T03830,C0383,2024.98,2026-08-10 18:16:00,Pune,Burger King,Restaurant,0
T07190,C0719,4771.54,2026-08-10 18:17:00,Hyderabad,Big Chill,Restaurant,0
T06150,C0615,1222.97,2026-08-10 18:17:00,Pune,Burger King,Restaurant,0
AMT_C0063,C0063,8496.6,2026-08-10 18:17:00,Bengaluru,Zara,Apparel,1
T03630,C0363,2338.51,2026-08-10 18:18:00,Chennai,Reliance,Retail,0
MERCH_C0593,C0593,1534.19,2026-08-10 18:18:00,Chennai,Myntra,E-commerce,1
FREQ_C0880,C0880,3674.9,2026-08-10 18:19:00,Bengaluru,Burger King,Restaurant,1
LOC_C0994,C0994,1898.66,2026-08-10 18:20:00,Chennai,Big Chill,Restaurant,1
LOC_C0048,C0048,691.94,2026-08-10 18:20:00,Delhi,Amazon,E-commerce,1
AMT_C0175,C0175,16675.05,2026-08-10 18:20:00,Kolkata,Spar,Grocery,1
T05520,C0552,3031.05,2026-08-10 18:21:00,Goa,Burger King,Restaurant,0
MERCH_C0584,C0584,2959.63,2026-08-10 18:21:00,Bengaluru,Reliance,Retail,1
AMT_C0584,C0584,12159.3,2026-08-10 18:21:00,Bengaluru,Max,Apparel,1
FREQ_C0376,C0376,674.07,2026-08-10 18:21:00,Kolkata,Max,Apparel,1
FREQ_C0726,C0726,1169.58,2026-08-10 18:22:00,Kolkata,Flipkart,E-commerce,1
LOC_C0773,C0773,1385.13,2026-08-10 18:22:00,Hyderabad,H&M,Apparel,1
LOC_C0523,C0523,1078.91,2026-08-10 18:22:00,Hyderabad,Big Chill,Restaurant,1
T04220,C0422,3737.38,2026-08-10 18:23:00,Bengaluru,H&M,Apparel,0
FREQ_C0724,C0724,2260.22,2026-08-10 18:23:00,Goa,Spar,Grocery,1
T05920,C0592,695.08,2026-08-10 18:23:00,Mumbai,Burger King,Restaurant,0
T06210,C0621,2236.97,2026-08-10 18:23:00,Mumbai,Burger King,Restaurant,0
T08200,C0820,972.19,2026-08-10 18:23:00,Chennai,Reliance,Retail,0
MERCH_C0078,C0078,13767.95,2026-08-10 18:25:00,Bengaluru,,E-commerce,1
LOC_C0753,C0753,4862.58,2026-08-10 18:26:00,Hyderabad,H&M,Apparel,1
LOC_C0237,C0237,3990.47,2026-08-10 18:26:00,Kolkata,Max,Apparel,1
FREQ_C0383,C0383,3992.28,2026-08-10 18:26:00,,Burger King,Restaurant,1
AMT_C0262,C0262,6828.15,2026-08-10 18:26:00,Mumbai,Amazon,E-commerce,1
LOC_C0721,C0721,605.31,2026-08-10 18:26:00,Delhi,H&M,Apparel,1
MERCH_C0262,C0262,1566.55,2026-08-10 18:26:00,Mumbai,,E-commerce,1
AMT_C0054,C0054,4617.62,2026-08-10 18:27:00,Goa,Max,Apparel,1
MERCH_C0833,C0833,694.98,2026-08-10 18:27:00,Mumbai,Burger King,Restaurant,1
FREQ_C0615,C0615,855.61,2026-08-10 18:27:00,Pune,Burger King,Restaurant,1
LOC_C0665,C0665,3886.39,2026-08-10 18:27:00,Kolkata,Flipkart,E-commerce,1
LOC_C0861,C0861,562.25,2026-08-10 18:27:00,Pune,Spar,Grocery,1
MERCH_C0724,C0724,6736.22,2026-08-10 18:28:00,Kolkata,Flipkart,E-commerce,1
FREQ_C0363,C0363,4956.41,2026-08-10 18:28:00,Chennai,Max,Apparel,1
LOC_C0037,C0037,3982.01,2026-08-10 18:28:00,Pune,Myntra,E-commerce,1
T08810,C0881,2505.99,2026-08-10 18:29:00,Kolkata,Zara,Apparel,0
T06190,C0619,1909.03,2026-08-10 18:29:00,Goa,Burger King,Restaurant,0
T02360,C0236,2679.81,2026-08-10 18:29:00,Bengaluru,Spar,Grocery,0
MERCH_C0867,C0867,6950.3,2026-08-10 18:29:00,Hyderabad,Max,Apparel,1
T06580,C0658,949.37,2026-08-10 18:29:00,Kolkata,Big Chill,Restaurant,0
LOC_C0434,C0434,3617.74,2026-08-10 18:29:00,Delhi,Spar,Grocery,1
AMT_C0867,C0867,24967.82,2026-08-10 18:29:00,,,E-commerce,1
T01720,C0172,2413.6,2026-08-10 18:30:00,Chennai,Flipkart,E-commerce,0
AMT_C0488,C0488,7766.02,2026-08-10 18:30:00,Chennai,H&M,Apparel,1
T07430,C0743,2719.16,2026-08-10 18:30:00,Bengaluru,Burger King,Restaurant,0
AMT_C0838,C0838,25419.65,2026-08-10 18:30:00,Bengaluru,Myntra,E-commerce,1
FREQ_C0552,C0552,2099.33,2026-08-10 18:31:00,Goa,Reliance,Retail,1
T06250,C0625,443.86,2026-08-10 18:31:00,Pune,Amazon,E-commerce,0
MERCH_C0383,C0383,15582.05,2026-08-10 18:31:00,Hyderabad,Max,Apparel,1
T05290,C0529,3747.06,2026-08-10 18:32:00,Bengaluru,Reliance,Retail,0
T07960,C0796,3434.68,2026-08-10 18:32:00,,Burger King,Restaurant,0
T06680,C0668,2322.2,2026-08-10 18:32:00,Hyderabad,Reliance,Retail,0
FREQ_C0422,C0422,3670.8,2026-08-10 18:33:00,Bengaluru,Myntra,E-commerce,1
AMT_C0598,C0598,28511.62,2026-08-10 18:33:00,Pune,Big Chill,Restaurant,1
FREQ_C0621,C0621,1798.31,2026-08-10 18:33:00,,Burger King,Restaurant,1
FREQ_C0820,C0820,496.92,2026-08-10 18:33:00,Chennai,Reliance,Retail,1
MERCH_C0363,C0363,15175.7,2026-08-10 18:33:00,Kolkata,H&M,Apparel,1
T01320,C0132,1588.23,2026-08-10 18:33:00,Kolkata,Myntra,E-commerce,0
AMT_C0768,C0768,5964.31,2026-08-10 18:34:00,Bengaluru,Flipkart,E-commerce,1
AMT_C0080,C0080,14507.72,2026-08-10 18:34:00,Pune,Zara,Apparel,1
T05410,C0541,2587.53,2026-08-10 18:35:00,Goa,Burger King,Restaurant,0
T04240,C0424,3809.49,2026-08-10 18:35:00,Delhi,Burger King,Restaurant,0
AMT_C0017,C0017,13666.22,2026-08-10 18:35:00,Hyderabad,H&M,Apparel,1
T00310,C0031,3668.7,2026-08-10 18:36:00,,,Restaurant,0
T05430,C0543,1268.54,2026-08-10 18:36:00,Hyderabad,Flipkart,E-commerce,0
LOC_C0476,C0476,3032.55,2026-08-10 18:37:00,Delhi,Big Chill,Restaurant,1
T01200,C0120,5671.0,2026-08-10 18:37:00,Delhi,H&M,Apparel,0
T04430,C0443,1333.62,2026-08-10 18:37:00,Goa,Burger King,Restaurant,0
MERCH_C0627,C0627,2348.93,2026-08-10 18:37:00,Pune,Flipkart,E-commerce,1
T08920,C0892,2712.42,2026-08-10 18:37:00,Kolkata,Spar,Grocery,0
MERCH_C0747,C0747,3120.55,2026-08-10 18:38:00,Hyderabad,Big Chill,Restaurant,1
LOC_C0046,C0046,2904.93,2026-08-10 18:38:00,Delhi,Big Chill,Restaurant,1
T03050,C0305,1239.86,2026-08-10 18:38:00,Goa,Max,Apparel,0
FREQ_C0658,C0658,593.42,2026-08-10 18:39:00,Kolkata,Myntra,E-commerce,1
T06840,C0684,2907.2,2026-08-10 18:39:00,Mumbai,Reliance,Retail,0
T09540,C0954,3964.12,2026-08-10 18:40:00,Delhi,Zara,Apparel,0
FREQ_C0743,C0743,2333.99,2026-08-10 18:40:00,Bengaluru,Reliance,Retail,1
AMT_C0352,C0352,28686.49,2026-08-10 18:40:00,Pune,Max,Apparel,1
FREQ_C0668,C0668,3677.87,2026-08-10 18:42:00,Hyderabad,Max,Apparel,1
FREQ_C0796,C0796,5012.04,2026-08-10 18:42:00,Chennai,Burger King,Restaurant,1
T05680,C0568,2870.87,2026-08-10 18:42:00,Delhi,H&M,Apparel,0
T02580,C0258,4222.27,2026-08-10 18:42:00,Pune,Flipkart,E-commerce,0
AMT_C0853,C0853,6896.35,2026-08-10 18:43:00,Delhi,Burger King,Restaurant,1
LOC_C0387,C0387,3865.43,2026-08-10 18:43:00,Goa,,Restaurant,1
T00270,C0027,2840.13,2026-08-10 18:44:00,,Spar,Grocery,0
MERCH_C0236,C0236,13875.35,2026-08-10 18:44:00,Delhi,Spar,Grocery,1
AMT_C0870,C0870,17282.52,2026-08-10 18:44:00,Chennai,Max,Apparel,1
FREQ_C0424,C0424,4186.56,2026-08-10 18:45:00,Delhi,Max,Apparel,1
MERCH_C0053,C0053,5493.55,2026-08-10 18:45:00,Delhi,Reliance,Retail,1
AMT_C0053,C0053,27857.66,2026-08-10 18:45:00,Delhi,Burger King,Restaurant,1
T03370,C0337,3045.24,2026-08-10 18:45:00,Delhi,Reliance,Retail,0
MERCH_C0172,C0172,10430.72,2026-08-10 18:45:00,Kolkata,Reliance,Retail,1
FREQ_C0031,C0031,3754.43,2026-08-10 18:46:00,Pune,Burger King,Restaurant,1
LOC_C0647,C0647,2543.8,2026-08-10 18:46:00,Pune,Myntra,E-commerce,1
AMT_C0459,C0459,7383.76,2026-08-10 18:46:00,Mumbai,Burger King,Restaurant,1
MERCH_C0625,C0625,2825.2,2026-08-10 18:46:00,Mumbai,Reliance,Retail,1
T00870,C0087,3299.09,2026-08-10 18:47:00,Mumbai,Flipkart,E-commerce,0
FREQ_C0892,C0892,2526.96,2026-08-10 18:47:00,Kolkata,,Restaurant,1
AMT_C0942,C0942,22031.66,2026-08-10 18:47:00,Pune,Zara,Apparel,1
LOC_C0006,C0006,2953.63,2026-08-10 18:48:00,Kolkata,Spar,Grocery,1
T06460,C0646,2492.18,2026-08-10 18:48:00,Hyderabad,H&M,Apparel,0
LOC_C0589,C0589,960.46,2026-08-10 18:50:00,Pune,Max,Apparel,1
T05730,C0573,4247.05,2026-08-10 18:51:00,,Flipkart,E-commerce,0
T03530,C0353,4530.1,2026-08-10 18:52:00,Chennai,Zara,Apparel,0
FREQ_C0258,C0258,4758.49,2026-08-10 18:52:00,Pune,,E-commerce,1
T00220,C0022,4284.33,2026-08-10 18:52:00,Mumbai,Myntra,E-commerce,0
T06430,C0643,3116.39,2026-08-10 18:52:00,Bengaluru,Myntra,E-commerce,0
FREQ_C0568,C0568,3157.83,2026-08-10 18:52:00,Delhi,H&M,Apparel,1
T03210,C0321,697.28,2026-08-10 18:52:00,Chennai,H&M,Apparel,0
T09010,C0901,2105.05,2026-08-10 18:53:00,Bengaluru,Big Chill,Restaurant,0
T06740,C0674,446.04,2026-08-10 18:53:00,Mumbai,Spar,Grocery,0
T04050,C0405,2053.71,2026-08-10 18:54:00,Delhi,H&M,Apparel,0
AMT_C0034,C0034,31117.98,2026-08-10 18:54:00,Chennai,Zara,Apparel,1
MERCH_C0034,C0034,3922.29,2026-08-10 18:54:00,Chennai,Amazon,E-commerce,1
T09580,C0958,782.92,2026-08-10 18:54:00,Pune,Zara,Apparel,0
LOC_C0029,C0029,3202.54,2026-08-10 18:54:00,Goa,Reliance,Retail,1
FREQ_C0027,C0027,2040.53,2026-08-10 18:54:00,Goa,Zara,Apparel,1
T09110,C0911,3995.38,2026-08-10 18:54:00,Delhi,Reliance,Retail,0
T03620,C0362,4035.4,2026-08-10 18:55:00,Chennai,Burger King,Restaurant,0
AMT_C0601,C0601,8976.69,2026-08-10 18:56:00,Pune,H&M,Apparel,1
MERCH_C0981,C0981,1727.62,2026-08-10 18:56:00,Bengaluru,Zara,Apparel,1
MERCH_C0568,C0568,15441.3,2026-08-10 18:57:00,Pune,Spar,Grocery,1
AMT_C0930,C0930,32718.29,2026-08-10 18:57:00,Bengaluru,Big Chill,Restaurant,1
LOC_C0171,C0171,1596.18,2026-08-10 18:57:00,Goa,Max,Apparel,1
T01370,C0137,1602.82,2026-08-10 18:57:00,Bengaluru,Reliance,Retail,0
AMT_C0349,C0349,36225.59,2026-08-10 18:58:00,Chennai,Max,Apparel,1
FREQ_C0646,C0646,2096.95,2026-08-10 18:58:00,Hyderabad,H&M,Apparel,1
T07480,C0748,2052.86,2026-08-10 18:58:00,Bengaluru,Big Chill,Restaurant,0
AMT_C0548,C0548,9969.89,2026-08-10 18:58:00,Kolkata,Myntra,E-commerce,1
MERCH_C0027,C0027,8215.02,2026-08-10 18:59:00,Chennai,Max,Apparel,1
LOC_C0655,C0655,3143.46,2026-08-10 18:59:00,Mumbai,Reliance,Retail,1
T03920,C0392,2558.29,2026-08-10 19:00:00,Goa,Myntra,E-commerce,0
MERCH_C0588,C0588,1353.85,2026-08-10 19:01:00,Bengaluru,H&M,Apparel,1
FREQ_C0573,C0573,2808.98,2026-08-10 19:01:00,Delhi,Zara,Apparel,1
FREQ_C0022,C0022,3645.63,2026-08-10 19:02:00,Mumbai,Myntra,E-commerce,1
T03770,C0377,2175.61,2026-08-10 19:02:00,Chennai,Zara,Apparel,0
FREQ_C0353,C0353,5371.38,2026-08-10 19:02:00,Chennai,Myntra,E-commerce,1
T00080,C0008,4032.31,2026-08-10 19:03:00,Bengaluru,Flipkart,E-commerce,0
MERCH_C0423,C0423,3755.17,2026-08-10 19:03:00,Delhi,H&M,Apparel,1
FREQ_C0674,C0674,741.84,2026-08-10 19:03:00,Mumbai,Amazon,E-commerce,1
AMT_C0339,C0339,24087.41,2026-08-10 19:03:00,Hyderabad,Spar,Grocery,1
FREQ_C0405,C0405,4491.15,2026-08-10 19:04:00,Delhi,,E-commerce,1
FREQ_C0911,C0911,5097.24,2026-08-10 19:04:00,Delhi,Reliance,Retail,1
LOC_C0896,C0896,987.29,2026-08-10 19:05:00,Bengaluru,H&M,Apparel,1
MERCH_C0181,C0181,3186.78,2026-08-10 19:05:00,Goa,H&M,Apparel,1
LOC_C0890,C0890,3228.45,2026-08-10 19:05:00,Mumbai,Big Chill,Restaurant,1
MERCH_C0573,C0573,10577.75,2026-08-10 19:06:00,Hyderabad,H&M,Apparel,1
FREQ_C0137,C0137,2496.58,2026-08-10 19:07:00,Bengaluru,Reliance,Retail,1
T08410,C0841,4556.02,2026-08-10 19:07:00,Pune,Zara,Apparel,0
LOC_C0141,C0141,2970.29,2026-08-10 19:08:00,Bengaluru,Spar,Grocery,1
FREQ_C0748,C0748,1423.45,2026-08-10 19:08:00,Bengaluru,Myntra,E-commerce,1
T09250,C0925,2193.63,2026-08-10 19:09:00,Mumbai,Spar,Grocery,0
T06030,C0603,1533.11,2026-08-10 19:09:00,Pune,Big Chill,Restaurant,0
AMT_C0309,C0309,17200.26,2026-08-10 19:09:00,Kolkata,Flipkart,E-commerce,1
MERCH_C0309,C0309,2681.15,2026-08-10 19:09:00,Kolkata,Max,Apparel,1
T07110,C0711,1216.44,2026-08-10 19:10:00,Goa,Max,Apparel,0
T01700,C0170,3454.23,2026-08-10 19:10:00,Kolkata,Big Chill,Restaurant,0
AMT_C0875,C0875,9633.58,2026-08-10 19:10:00,Goa,Reliance,Retail,1
MERCH_C0362,C0362,13539.79,2026-08-10 19:10:00,,Reliance,Retail,1
LOC_C0319,C0319,3100.07,2026-08-10 19:10:00,Chennai,Amazon,E-commerce,1
FREQ_C0392,C0392,4241.62,2026-08-10 19:10:00,Goa,Myntra,E-commerce,1
T03410,C0341,1897.3,2026-08-10 19:10:00,Chennai,Max,Apparel,0
LOC_C0097,C0097,2179.65,2026-08-10 19:11:00,Hyderabad,H&M,Apparel,1
LOC_C0358,C0358,5639.6,2026-08-10 19:12:00,Pune,Reliance,Retail,1
LOC_C0435,C0435,2373.71,2026-08-10 19:12:00,Mumbai,H&M,Apparel,1
AMT_C0657,C0657,5855.82,2026-08-10 19:13:00,Goa,Amazon,E-commerce,1
MERCH_C0748,C0748,5444.75,2026-08-10 19:13:00,Delhi,,Restaurant,1
T00770,C0077,1385.18,2026-08-10 19:14:00,Bengaluru,Reliance,Retail,0
T06730,C0673,3747.03,2026-08-10 19:15:00,Kolkata,Amazon,E-commerce,0
T05120,C0512,1084.04,2026-08-10 19:15:00,Mumbai,Big Chill,Restaurant,0
AMT_C0297,C0297,5491.58,2026-08-10 19:16:00,,Max,Apparel,1
MERCH_C0297,C0297,881.06,2026-08-10 19:16:00,Hyderabad,Flipkart,E-commerce,1
MERCH_C0377,C0377,8996.08,2026-08-10 19:17:00,Goa,Flipkart,E-commerce,1
AMT_C0566,C0566,23109.01,2026-08-10 19:18:00,Goa,Burger King,Restaurant,1
T08470,C0847,2085.74,2026-08-10 19:18:00,Hyderabad,Zara,Apparel,0
FREQ_C0925,C0925,2293.02,2026-08-10 19:19:00,Mumbai,H&M,Apparel,1
FREQ_C0603,C0603,2081.51,2026-08-10 19:19:00,Pune,Big Chill,Restaurant,1
T09970,C0997,4664.0,2026-08-10 19:19:00,Hyderabad,Burger King,Restaurant,0
AMT_C0850,C0850,13298.46,2026-08-10 19:20:00,Goa,,Restaurant,1
FREQ_C0170,C0170,5566.97,2026-08-10 19:20:00,Kolkata,Big Chill,Restaurant,1
LOC_C0894,C0894,2255.81,2026-08-10 19:20:00,Mumbai,Max,Apparel,1
T05130,C0513,2578.24,2026-08-10 19:21:00,Chennai,Amazon,E-commerce,0
T06590,C0659,487.72,2026-08-10 19:21:00,Kolkata,Max,Apparel,0
AMT_C0739,C0739,16898.14,2026-08-10 19:21:00,Bengaluru,Zara,Apparel,1
LOC_C0722,C0722,5914.02,2026-08-10 19:22:00,Bengaluru,Amazon,E-commerce,1
LOC_C0858,C0858,4224.02,2026-08-10 19:22:00,Chennai,Myntra,E-commerce,1
AMT_C0310,C0310,25171.52,2026-08-10 19:23:00,Chennai,Max,Apparel,1
MERCH_C0146,C0146,5614.72,2026-08-10 19:23:00,Bengaluru,Amazon,E-commerce,1
AMT_C0201,C0201,6188.94,2026-08-10 19:23:00,Goa,Myntra,E-commerce,1
AMT_C0146,C0146,38365.74,2026-08-10 19:23:00,Bengaluru,Zara,Apparel,1
T02500,C0250,1162.54,2026-08-10 19:23:00,Chennai,,Grocery,0
AMT_C0885,C0885,13870.85,2026-08-10 19:24:00,Kolkata,Burger King,Restaurant,1
AMT_C0499,C0499,23973.95,2026-08-10 19:24:00,Delhi,Big Chill,Restaurant,1
FREQ_C0077,C0077,1063.83,2026-08-10 19:24:00,Bengaluru,Big Chill,Restaurant,1
LOC_C0732,C0732,1279.57,2026-08-10 19:24:00,Chennai,Myntra,E-commerce,1
AMT_C0819,C0819,17217.18,2026-08-10 19:25:00,Pune,Reliance,Retail,1
T08890,C0889,6804.42,2026-08-10 19:25:00,Pune,Flipkart,E-commerce,0
AMT_C0736,C0736,22629.99,2026-08-10 19:25:00,Pune,Zara,Apparel,1
LOC_C0651,C0651,2052.51,2026-08-10 19:25:00,Delhi,Big Chill,Restaurant,1
LOC_C0217,C0217,3954.61,2026-08-10 19:25:00,Pune,Max,Apparel,1
T00960,C0096,1578.06,2026-08-10 19:25:00,Pune,H&M,Apparel,0
MERCH_C0170,C0170,14758.57,2026-08-10 19:25:00,Goa,Flipkart,E-commerce,1
MERCH_C0103,C0103,5031.74,2026-08-10 19:25:00,Chennai,Zara,Apparel,1
T08740,C0874,3028.95,2026-08-10 19:26:00,,Myntra,E-commerce,0
T01060,C0106,2244.18,2026-08-10 19:26:00,Bengaluru,Spar,Grocery,0
AMT_C0144,C0144,29129.31,2026-08-10 19:27:00,Mumbai,H&M,Apparel,1
T07940,C0794,5485.11,2026-08-10 19:27:00,Kolkata,Myntra,E-commerce,0
LOC_C0865,C0865,3131.7,2026-08-10 19:27:00,Hyderabad,Amazon,E-commerce,1
AMT_C0452,C0452,5499.3,2026-08-10 19:27:00,Chennai,Max,Apparel,1
T02240,C0224,1750.53,2026-08-10 19:27:00,Delhi,Reliance,Retail,0
T01740,C0174,4099.18,2026-08-10 19:28:00,Mumbai,Amazon,E-commerce,0
AMT_C0255,C0255,17235.1,2026-08-10 19:28:00,Bengaluru,Flipkart,E-commerce,1
FREQ_C0847,C0847,3564.71,2026-08-10 19:28:00,Hyderabad,Myntra,E-commerce,1
FREQ_C0997,C0997,4154.08,2026-08-10 19:29:00,Hyderabad,Burger King,Restaurant,1
MERCH_C0077,C0077,3510.19,2026-08-10 19:29:00,Kolkata,Flipkart,E-commerce,1
T05750,C0575,6075.86,2026-08-10 19:29:00,Bengaluru,Myntra,E-commerce,0
MERCH_C0953,C0953,3514.76,2026-08-10 19:30:00,Pune,Burger King,Restaurant,1
FREQ_C0513,C0513,2199.72,2026-08-10 19:31:00,,Reliance,Retail,1
T01250,C0125,4000.18,2026-08-10 19:31:00,Bengaluru,H&M,Apparel,0
LOC_C0230,C0230,2938.22,2026-08-10 19:32:00,Chennai,Amazon,E-commerce,1
T06960,C0696,708.42,2026-08-10 19:32:00,Goa,Flipkart,E-commerce,0
T06440,C0644,1942.55,2026-08-10 19:33:00,Kolkata,H&M,Apparel,0
T02230,C0223,3714.68,2026-08-10 19:33:00,,Amazon,E-commerce,0
FREQ_C0250,C0250,1575.62,2026-08-10 19:33:00,Chennai,Max,Apparel,1
T04480,C0448,2189.69,2026-08-10 19:33:00,Pune,Big Chill,Restaurant,0
LOC_C0917,C0917,1391.0,2026-08-10 19:34:00,Goa,Amazon,E-commerce,1
AMT_C0694,C0694,12617.48,2026-08-10 19:34:00,Mumbai,Burger King,Restaurant,1
LOC_C0269,C0269,747.14,2026-08-10 19:34:00,Delhi,Myntra,E-commerce,1
FREQ_C0096,C0096,1329.03,2026-08-10 19:35:00,Pune,Burger King,Restaurant,1
AMT_C0312,C0312,17506.67,2026-08-10 19:35:00,Mumbai,Reliance,Retail,1
LOC_C0618,C0618,5426.71,2026-08-10 19:35:00,Bengaluru,Zara,Apparel,1
T00130,C0013,1369.31,2026-08-10 19:36:00,Hyderabad,H&M,Apparel,0
MERCH_C0513,C0513,6117.22,2026-08-10 19:36:00,Bengaluru,Burger King,Restaurant,1
T05100,C0510,1908.95,2026-08-10 19:36:00,Pune,Big Chill,Restaurant,0
MERCH_C0659,C0659,2114.29,2026-08-10 19:36:00,Chennai,Burger King,Restaurant,1
FREQ_C0224,C0224,1332.8,2026-08-10 19:37:00,Delhi,Myntra,E-commerce,1
T03060,C0306,1005.54,2026-08-10 19:37:00,Kolkata,H&M,Apparel,0
FREQ_C0174,C0174,4055.67,2026-08-10 19:38:00,Mumbai,Flipkart,E-commerce,1
AMT_C0975,C0975,6304.63,2026-08-10 19:38:00,Pune,Max,Apparel,1
LOC_C0825,C0825,3959.34,2026-08-10 19:39:00,Delhi,Big Chill,Restaurant,1
AMT_C0871,C0871,27634.63,2026-08-10 19:39:00,Bengaluru,Spar,Grocery,1
MERCH_C0871,C0871,3256.06,2026-08-10 19:39:00,Bengaluru,Max,Apparel,1
AMT_C0815,C0815,32545.48,2026-08-10 19:39:00,Hyderabad,Flipkart,E-commerce,1
T03720,C0372,3762.87,2026-08-10 19:40:00,Delhi,Reliance,Retail,0
T04510,C0451,7207.86,2026-08-10 19:40:00,Hyderabad,Burger King,Restaurant,0
MERCH_C0162,C0162,954.18,2026-08-10 19:40:00,Chennai,Spar,Grocery,1
T00260,C0026,1406.39,2026-08-10 19:40:00,Chennai,Flipkart,E-commerce,0
AMT_C0810,C0810,33906.06,2026-08-10 19:41:00,Delhi,Zara,Apparel,1
FREQ_C0125,C0125,3056.38,2026-08-10 19:41:00,Bengaluru,Big Chill,Restaurant,1
AMT_C0759,C0759,19687.2,2026-08-10 19:42:00,Hyderabad,Burger King,Restaurant,1
LOC_C0186,C0186,2350.98,2026-08-10 19:42:00,Kolkata,Myntra,E-commerce,1
AMT_C0293,C0293,17255.22,2026-08-10 19:42:00,,Big Chill,Restaurant,1
T08050,C0805,2882.48,2026-08-10 19:43:00,Pune,Amazon,E-commerce,0
T03160,C0316,1562.49,2026-08-10 19:43:00,Hyderabad,Spar,Grocery,0
FREQ_C0448,C0448,2561.69,2026-08-10 19:43:00,Pune,Big Chill,Restaurant,1
T04070,C0407,6164.0,2026-08-10 19:43:00,Hyderabad,Reliance,Retail,0
FREQ_C0223,C0223,3834.69,2026-08-10 19:43:00,Bengaluru,Max,Apparel,1
AMT_C0344,C0344,15335.59,2026-08-10 19:43:00,Hyderabad,Big Chill,Restaurant,1
T02910,C0291,3360.94,2026-08-10 19:44:00,Hyderabad,Myntra,E-commerce,0
MERCH_C0328,C0328,2610.87,2026-08-10 19:44:00,Delhi,Flipkart,E-commerce,1
AMT_C0108,C0108,4623.68,2026-08-10 19:44:00,Pune,Flipkart,E-commerce,1
MERCH_C0575,C0575,12364.7,2026-08-10 19:44:00,Goa,Big Chill,Restaurant,1
LOC_C0099,C0099,5685.47,2026-08-10 19:44:00,Hyderabad,Flipkart,E-commerce,1
T09570,C0957,6101.55,2026-08-10 19:44:00,Goa,,Restaurant,0
MERCH_C0426,C0426,1451.89,2026-08-10 19:44:00,Hyderabad,Amazon,E-commerce,1
AMT_C0426,C0426,8640.78,2026-08-10 19:44:00,Hyderabad,Flipkart,E-commerce,1
LOC_C0562,C0562,1323.73,2026-08-10 19:44:00,Kolkata,Myntra,E-commerce,1
LOC_C0079,C0079,1977.12,2026-08-10 19:45:00,Chennai,H&M,Apparel,1
AMT_C0233,C0233,9855.78,2026-08-10 19:45:00,Hyderabad,H&M,Apparel,1
AMT_C0793,C0793,18123.44,2026-08-10 19:45:00,Chennai,Big Chill,Restaurant,1
T05850,C0585,3124.73,2026-08-10 19:45:00,Hyderabad,Reliance,Retail,0
LOC_C0412,C0412,1450.97,2026-08-10 19:45:00,Hyderabad,Flipkart,E-commerce,1
LOC_C0918,C0918,1062.87,2026-08-10 19:45:00,Hyderabad,Flipkart,E-commerce,1
T06900,C0690,2578.95,2026-08-10 19:45:00,Mumbai,Reliance,Retail,0
MERCH_C0233,C0233,2249.33,2026-08-10 19:45:00,Hyderabad,Zara,Apparel,1
LOC_C0268,C0268,1030.53,2026-08-10 19:46:00,Kolkata,Myntra,E-commerce,1
T05770,C0577,760.88,2026-08-10 19:46:00,Pune,Big Chill,Restaurant,0
FREQ_C0013,C0013,1044.02,2026-08-10 19:46:00,Hyderabad,H&M,Apparel,1
T03420,C0342,1360.65,2026-08-10 19:47:00,Hyderabad,Zara,Apparel,0
AMT_C0025,C0025,23676.77,2026-08-10 19:47:00,,Reliance,Retail,1
AMT_C0066,C0066,12071.81,2026-08-10 19:47:00,Bengaluru,H&M,Apparel,1
T03150,C0315,4717.5,2026-08-10 19:48:00,Hyderabad,Amazon,E-commerce,0
MERCH_C0448,C0448,10982.11,2026-08-10 19:48:00,Goa,Reliance,Retail,1
AMT_C0290,C0290,23685.7,2026-08-10 19:48:00,Kolkata,Burger King,Restaurant,1
MERCH_C0290,C0290,3661.03,2026-08-10 19:48:00,Kolkata,Max,Apparel,1
MERCH_C0223,C0223,10557.47,2026-08-10 19:48:00,Kolkata,,Retail,1
T09620,C0962,2534.19,2026-08-10 19:49:00,Hyderabad,,Apparel,0
T04960,C0496,875.24,2026-08-10 19:49:00,,Burger King,Restaurant,0
AMT_C0633,C0633,15087.49,2026-08-10 19:49:00,Kolkata,H&M,Apparel,1
T03750,C0375,2098.74,2026-08-10 19:49:00,Kolkata,Big Chill,Restaurant,0
AMT_C0373,C0373,22112.45,2026-08-10 19:49:00,Bengaluru,Amazon,E-commerce,1
AMT_C0714,C0714,11075.61,2026-08-10 19:50:00,Bengaluru,Myntra,E-commerce,1
T04950,C0495,3633.0,2026-08-10 19:50:00,Pune,Zara,Apparel,0
FREQ_C0372,C0372,4101.5,2026-08-10 19:50:00,Delhi,Reliance,Retail,1
FREQ_C0451,C0451,5933.51,2026-08-10 19:50:00,Hyderabad,Big Chill,Restaurant,1
T06280,C0628,3570.13,2026-08-10 19:51:00,Mumbai,H&M,Apparel,0
LOC_C0735,C0735,3338.89,2026-08-10 19:51:00,Mumbai,Myntra,E-commerce,1
MERCH_C0306,C0306,2432.67,2026-08-10 19:52:00,Bengaluru,Zara,Apparel,1
AMT_C0938,C0938,24469.91,2026-08-10 19:52:00,,Max,Apparel,1
MERCH_C0938,C0938,3439.3,2026-08-10 19:52:00,Bengaluru,Zara,Apparel,1
AMT_C0183,C0183,21979.52,2026-08-10 19:52:00,Kolkata,Flipkart,E-commerce,1
MERCH_C0183,C0183,3842.46,2026-08-10 19:52:00,Kolkata,Big Chill,Restaurant,1
T01490,C0149,3811.37,2026-08-10 19:53:00,Goa,Amazon,E-commerce,0
T03860,C0386,680.24,2026-08-10 19:53:00,Delhi,Zara,Apparel,0
FREQ_C0407,C0407,5395.94,2026-08-10 19:53:00,Hyderabad,Flipkart,E-commerce,1
FREQ_C0316,C0316,1231.09,2026-08-10 19:53:00,Hyderabad,Spar,Grocery,1
LOC_C0164,C0164,969.41,2026-08-10 19:53:00,Delhi,Big Chill,Restaurant,1
T03740,C0374,6257.12,2026-08-10 19:53:00,Kolkata,Myntra,E-commerce,0
AMT_C0826,C0826,11993.18,2026-08-10 19:53:00,,Zara,Apparel,1
FREQ_C0291,C0291,5387.34,2026-08-10 19:54:00,Hyderabad,Flipkart,E-commerce,1
T02190,C0219,1170.98,2026-08-10 19:54:00,Hyderabad,Zara,Apparel,0
LOC_C0791,C0791,1911.37,2026-08-10 19:54:00,Kolkata,Myntra,E-commerce,1
MERCH_C0191,C0191,6623.69,2026-08-10 19:55:00,Mumbai,H&M,Apparel,1
MERCH_C0451,C0451,13237.38,2026-08-10 19:55:00,Kolkata,Amazon,E-commerce,1
T05960,C0596,3470.84,2026-08-10 19:55:00,Chennai,Reliance,Retail,0
FREQ_C0690,C0690,4209.97,2026-08-10 19:55:00,Mumbai,H&M,Apparel,1
FREQ_C0585,C0585,5521.66,2026-08-10 19:55:00,Hyderabad,Amazon,E-commerce,1
AMT_C0891,C0891,28088.46,2026-08-10 19:56:00,Pune,Max,Apparel,1
FREQ_C0577,C0577,1311.55,2026-08-10 19:56:00,Pune,Big Chill,Restaurant,1
MERCH_C0891,C0891,6347.38,2026-08-10 19:56:00,Pune,Burger King,Restaurant,1
FREQ_C0342,C0342,830.61,2026-08-10 19:57:00,,Myntra,E-commerce,1
T09390,C0939,3175.33,2026-08-10 19:58:00,Kolkata,Flipkart,E-commerce,0
T02530,C0253,1668.4,2026-08-10 19:58:00,Delhi,Spar,Grocery,0
LOC_C0893,C0893,3418.31,2026-08-10 19:58:00,Pune,Flipkart,E-commerce,1
LOC_C0591,C0591,3545.61,2026-08-10 19:58:00,Kolkata,H&M,Apparel,1
MERCH_C0623,C0623,1705.02,2026-08-10 19:58:00,Hyderabad,H&M,Apparel,1
AMT_C0551,C0551,10361.91,2026-08-10 19:58:00,,Myntra,E-commerce,1
MERCH_C0273,C0273,1079.48,2026-08-10 19:58:00,Hyderabad,Zara,Apparel,1
MERCH_C0316,C0316,4189.52,2026-08-10 19:58:00,Pune,Reliance,Retail,1
AMT_C0623,C0623,5905.91,2026-08-10 19:58:00,Hyderabad,Myntra,E-commerce,1
FREQ_C0496,C0496,1044.3,2026-08-10 19:59:00,Chennai,H&M,Apparel,1
FREQ_C0962,C0962,2859.57,2026-08-10 19:59:00,Hyderabad,Zara,Apparel,1
MERCH_C0585,C0585,16739.84,2026-08-10 20:00:00,Delhi,H&M,Apparel,1
LOC_C0289,C0289,3595.63,2026-08-10 20:00:00,Chennai,Spar,Grocery,1
MERCH_C0577,C0577,3383.34,2026-08-10 20:01:00,Chennai,Max,Apparel,1
T09950,C0995,1998.0,2026-08-10 20:01:00,Bengaluru,Zara,Apparel,0
T06620,C0662,3085.57,2026-08-10 20:01:00,Bengaluru,Burger King,Restaurant,0
T07820,C0782,3250.06,2026-08-10 20:02:00,Pune,Spar,Grocery,0
T03690,C0369,953.84,2026-08-10 20:02:00,Bengaluru,Zara,Apparel,0
MERCH_C0692,C0692,2304.26,2026-08-10 20:02:00,Hyderabad,Burger King,Restaurant,1
FREQ_C0386,C0386,721.74,2026-08-10 20:03:00,Delhi,Myntra,E-commerce,1
MERCH_C0315,C0315,18471.0,2026-08-10 20:03:00,Delhi,Reliance,Retail,1
MERCH_C1000,C1000,5019.61,2026-08-10 20:04:00,Bengaluru,Spar,Grocery,1
AMT_C1000,C1000,25766.42,2026-08-10 20:04:00,Bengaluru,Flipkart,E-commerce,1
MERCH_C0790,C0790,4959.13,2026-08-10 20:04:00,Mumbai,Spar,Grocery,1
MERCH_C0962,C0962,12655.19,2026-08-10 20:04:00,Delhi,Burger King,Restaurant,1
T07800,C0780,2770.46,2026-08-10 20:04:00,Goa,Reliance,Retail,0
T00280,C0028,899.55,2026-08-10 20:04:00,Pune,Flipkart,E-commerce,0
LOC_C0860,C0860,2109.86,2026-08-10 20:04:00,Goa,Reliance,Retail,1
AMT_C0453,C0453,6860.63,2026-08-10 20:05:00,Hyderabad,Flipkart,E-commerce,1
LOC_C0505,C0505,1779.31,2026-08-10 20:06:00,Goa,Big Chill,Restaurant,1
AMT_C0190,C0190,25031.71,2026-08-10 20:06:00,Kolkata,Spar,Grocery,1
FREQ_C0939,C0939,2086.94,2026-08-10 20:08:00,Kolkata,Flipkart,E-commerce,1
FREQ_C0253,C0253,3984.76,2026-08-10 20:08:00,Delhi,Spar,Grocery,1
LOC_C0346,C0346,3751.08,2026-08-10 20:09:00,Bengaluru,Amazon,E-commerce,1
AMT_C0880,C0880,17112.91,2026-08-10 20:09:00,Bengaluru,,Restaurant,1
LOC_C0785,C0785,518.13,2026-08-10 20:10:00,Hyderabad,Burger King,Restaurant,1
AMT_C0078,C0078,19687.49,2026-08-10 20:10:00,Delhi,H&M,Apparel,1
FREQ_C0662,C0662,2711.94,2026-08-10 20:11:00,Bengaluru,,Restaurant,1
T08370,C0837,3054.96,2026-08-10 20:11:00,Pune,H&M,Apparel,0
T07620,C0762,3719.28,2026-08-10 20:11:00,Delhi,Myntra,E-commerce,0
LOC_C0049,C0049,1748.17,2026-08-10 20:11:00,Mumbai,H&M,Apparel,1
T09160,C0916,1048.01,2026-08-10 20:11:00,Delhi,Big Chill,Restaurant,0
FREQ_C0995,C0995,1849.16,2026-08-10 20:11:00,Bengaluru,Zara,Apparel,1
AMT_C0376,C0376,6651.39,2026-08-10 20:11:00,Kolkata,Max,Apparel,1
FREQ_C0782,C0782,5001.76,2026-08-10 20:12:00,Pune,H&M,Apparel,1
AMT_C0726,C0726,10868.04,2026-08-10 20:12:00,Kolkata,Burger King,Restaurant,1
FREQ_C0369,C0369,1082.97,2026-08-10 20:12:00,Bengaluru,Zara,Apparel,1
T02310,C0231,1914.06,2026-08-10 20:12:00,Chennai,Big Chill,Restaurant,0
LOC_C0626,C0626,5032.12,2026-08-10 20:13:00,Bengaluru,Big Chill,Restaurant,1
AMT_C0799,C0799,3972.89,2026-08-10 20:13:00,Kolkata,Spar,Grocery,1
LOC_C0717,C0717,1251.43,2026-08-10 20:13:00,Goa,Reliance,Retail,1
AMT_C0357,C0357,21710.51,2026-08-10 20:13:00,Mumbai,Max,Apparel,1
AMT_C0724,C0724,15271.58,2026-08-10 20:13:00,Goa,Spar,Grocery,1
MERCH_C0939,C0939,6673.04,2026-08-10 20:13:00,Mumbai,Reliance,Retail,1
AMT_C0011,C0011,4397.19,2026-08-10 20:14:00,Mumbai,Zara,Apparel,1
LOC_C0653,C0653,1326.3,2026-08-10 20:14:00,Bengaluru,,Retail,1
FREQ_C0780,C0780,2115.19,2026-08-10 20:14:00,Goa,Flipkart,E-commerce,1
AMT_C0166,C0166,23911.83,2026-08-10 20:14:00,Delhi,Zara,Apparel,1
T08830,C0883,1726.98,2026-08-10 20:14:00,Hyderabad,Big Chill,Restaurant,0
T02090,C0209,4108.8,2026-08-10 20:14:00,Delhi,Burger King,Restaurant,0
MERCH_C0166,C0166,5369.95,2026-08-10 20:14:00,Delhi,Myntra,E-commerce,1
T04170,C0417,4855.82,2026-08-10 20:15:00,Mumbai,H&M,Apparel,0
MERCH_C0662,C0662,10279.49,2026-08-10 20:16:00,Delhi,H&M,Apparel,1
AMT_C0383,C0383,30261.66,2026-08-10 20:16:00,Pune,Flipkart,E-commerce,1
T04780,C0478,1311.66,2026-08-10 20:17:00,Hyderabad,Burger King,Restaurant,0
MERCH_C0615,C0615,1159.97,2026-08-10 20:17:00,Pune,Max,Apparel,1
MERCH_C0719,C0719,6583.94,2026-08-10 20:17:00,Hyderabad,Amazon,E-commerce,1
LOC_C0864,C0864,2539.22,2026-08-10 20:18:00,Mumbai,Spar,Grocery,1
T04100,C0410,2992.91,2026-08-10 20:18:00,Pune,H&M,Apparel,0
T05810,C0581,4552.28,2026-08-10 20:18:00,Hyderabad,Burger King,Restaurant,0
MERCH_C0780,C0780,6087.69,2026-08-10 20:19:00,Mumbai,H&M,Apparel,1
T01530,C0153,2327.41,2026-08-10 20:20:00,Goa,H&M,Apparel,0
T01260,C0126,3054.88,2026-08-10 20:20:00,Mumbai,Flipkart,E-commerce,0
T05360,C0536,5992.99,2026-08-10 20:20:00,Delhi,Reliance,Retail,0
AMT_C0552,C0552,15981.02,2026-08-10 20:21:00,Goa,Burger King,Restaurant,1
LOC_C0584,C0584,2564.45,2026-08-10 20:21:00,Kolkata,Burger King,Restaurant,1
FREQ_C0837,C0837,3309.8,2026-08-10 20:21:00,Pune,,Apparel,1
T06600,C0660,884.59,2026-08-10 20:21:00,Hyderabad,Myntra,E-commerce,0
FREQ_C0231,C0231,1482.9,2026-08-10 20:22:00,Chennai,Reliance,Retail,1
T01230,C0123,4138.06,2026-08-10 20:22:00,Kolkata,Max,Apparel,0
T06830,C0683,1242.18,2026-08-10 20:22:00,Delhi,Myntra,E-commerce,0
LOC_C0629,C0629,2229.86,2026-08-10 20:22:00,Chennai,Amazon,E-commerce,1
MERCH_C0422,C0422,3302.11,2026-08-10 20:23:00,Bengaluru,Burger King,Restaurant,1
LOC_C0555,C0555,5227.54,2026-08-10 20:23:00,Goa,Max,Apparel,1
AMT_C0422,C0422,21175.38,2026-08-10 20:23:00,Bengaluru,H&M,Apparel,1
MERCH_C0621,C0621,2276.76,2026-08-10 20:23:00,Mumbai,H&M,Apparel,1
FREQ_C0883,C0883,1760.87,2026-08-10 20:24:00,Hyderabad,Big Chill,Restaurant,1
FREQ_C0417,C0417,2712.2,2026-08-10 20:25:00,Mumbai,H&M,Apparel,1
LOC_C0262,C0262,1356.25,2026-08-10 20:26:00,Hyderabad,Amazon,E-commerce,1
MERCH_C0762,C0762,8506.64,2026-08-10 20:26:00,Pune,Zara,Apparel,1
T08970,C0897,3636.96,2026-08-10 20:26:00,Pune,Zara,Apparel,0
MERCH_C0837,C0837,12120.35,2026-08-10 20:26:00,Delhi,Flipkart,E-commerce,1
T09520,C0952,1222.13,2026-08-10 20:27:00,Kolkata,H&M,Apparel,0
LOC_C0054,C0054,981.69,2026-08-10 20:27:00,Pune,Max,Apparel,1
T00430,C0043,4417.34,2026-08-10 20:27:00,Mumbai,Big Chill,Restaurant,0
LOC_C0833,C0833,852.11,2026-08-10 20:27:00,Pune,Amazon,E-commerce,1
T06380,C0638,3069.66,2026-08-10 20:28:00,Delhi,Reliance,Retail,0
T01590,C0159,1609.81,2026-08-10 20:28:00,,Zara,Apparel,0
T04700,C0470,2845.64,2026-08-10 20:28:00,,Burger King,Restaurant,0
FREQ_C0581,C0581,3438.49,2026-08-10 20:28:00,Hyderabad,Reliance,Retail,1
T00750,C0075,2749.84,2026-08-10 20:28:00,Goa,Amazon,E-commerce,0
AMT_C0658,C0658,5654.41,2026-08-10 20:29:00,Kolkata,Myntra,E-commerce,1
AMT_C0881,C0881,13873.41,2026-08-10 20:29:00,Kolkata,Zara,Apparel,1
AMT_C0619,C0619,13279.61,2026-08-10 20:29:00,Goa,Zara,Apparel,1
T03080,C0308,2726.77,2026-08-10 20:29:00,Pune,Spar,Grocery,0
MERCH_C0883,C0883,4192.23,2026-08-10 20:29:00,Kolkata,Burger King,Restaurant,1
LOC_C0867,C0867,4716.4,2026-08-10 20:29:00,Bengaluru,Myntra,E-commerce,1
FREQ_C0126,C0126,2247.74,2026-08-10 20:30:00,Mumbai,H&M,Apparel,1
T00070,C0007,1122.46,2026-08-10 20:30:00,Mumbai,,Grocery,0
AMT_C0172,C0172,28144.36,2026-08-10 20:30:00,Chennai,Big Chill,Restaurant,1
T01670,C0167,912.85,2026-08-10 20:30:00,Delhi,Amazon,E-commerce,0
LOC_C0488,C0488,1580.37,2026-08-10 20:30:00,,Reliance,Retail,1
AMT_C0743,C0743,13642.01,2026-08-10 20:30:00,Bengaluru,Reliance,Retail,1
FREQ_C0153,C0153,3390.01,2026-08-10 20:30:00,Goa,Reliance,Retail,1
T06480,C0648,2807.76,2026-08-10 20:31:00,Goa,H&M,Apparel,0
AMT_C0796,C0796,25742.93,2026-08-10 20:32:00,Chennai,Burger King,Restaurant,1
MERCH_C0668,C0668,3430.61,2026-08-10 20:32:00,Hyderabad,,Restaurant,1
T07700,C0770,3498.26,2026-08-10 20:32:00,Kolkata,Spar,Grocery,0
AMT_C0529,C0529,34791.71,2026-08-10 20:32:00,Bengaluru,Spar,Grocery,1
LOC_C0933,C0933,4361.24,2026-08-10 20:32:00,Mumbai,Amazon,E-commerce,1
MERCH_C0796,C0796,4959.46,2026-08-10 20:32:00,Chennai,H&M,Apparel,1
MERCH_C0581,C0581,8383.44,2026-08-10 20:33:00,Bengaluru,Zara,Apparel,1
AMT_C0132,C0132,22008.32,2026-08-10 20:33:00,Kolkata,Zara,Apparel,1
T06240,C0624,4881.33,2026-08-10 20:33:00,Pune,Amazon,E-commerce,0
MERCH_C0410,C0410,15783.49,2026-08-10 20:33:00,Goa,Spar,Grocery,1
LOC_C0598,C0598,4621.3,2026-08-10 20:33:00,Mumbai,Big Chill,Restaurant,1
AMT_C0424,C0424,29273.29,2026-08-10 20:35:00,Delhi,Max,Apparel,1
LOC_C0017,C0017,3084.26,2026-08-10 20:35:00,Kolkata,Spar,Grocery,1
MERCH_C0126,C0126,9026.74,2026-08-10 20:35:00,Chennai,Amazon,E-commerce,1
LOC_C0613,C0613,2641.78,2026-08-10 20:35:00,Mumbai,Reliance,Retail,1
MERCH_C0541,C0541,1915.42,2026-08-10 20:35:00,Goa,Myntra,E-commerce,1
T02960,C0296,2906.26,2026-08-10 20:36:00,Bengaluru,Myntra,E-commerce,0
MERCH_C0031,C0031,6543.57,2026-08-10 20:36:00,Pune,Zara,Apparel,1
AMT_C0031,C0031,36801.92,2026-08-10 20:36:00,Pune,Burger King,Restaurant,1
T05240,C0524,3256.67,2026-08-10 20:36:00,Hyderabad,Burger King,Restaurant,0
MERCH_C0443,C0443,1469.72,2026-08-10 20:37:00,Goa,Amazon,E-commerce,1
MERCH_C0683,C0683,4442.12,2026-08-10 20:37:00,Pune,Spar,Grocery,1
AMT_C0120,C0120,32922.87,2026-08-10 20:37:00,Delhi,,Apparel,1
T09760,C0976,1419.32,2026-08-10 20:37:00,Delhi,Max,Apparel,0
T00360,C0036,1292.47,2026-08-10 20:37:00,Kolkata,H&M,Apparel,0
FREQ_C0470,C0470,2825.07,2026-08-10 20:38:00,Goa,Spar,Grocery,1
FREQ_C0638,C0638,3521.63,2026-08-10 20:38:00,Delhi,Reliance,Retail,1
T04770,C0477,2084.34,2026-08-10 20:38:00,Pune,Burger King,Restaurant,0
LOC_C0747,C0747,4998.23,2026-08-10 20:38:00,Goa,Burger King,Restaurant,1
FREQ_C0308,C0308,1436.84,2026-08-10 20:39:00,Pune,Spar,Grocery,1
MERCH_C0684,C0684,5217.32,2026-08-10 20:39:00,Mumbai,Flipkart,E-commerce,1
LOC_C0220,C0220,2925.96,2026-08-10 20:40:00,Kolkata,Zara,Apparel,1
MERCH_C0954,C0954,4400.27,2026-08-10 20:40:00,Delhi,Myntra,E-commerce,1
FREQ_C0167,C0167,700.24,2026-08-10 20:40:00,Delhi,Myntra,E-commerce,1
AMT_C0954,C0954,24123.33,2026-08-10 20:40:00,Delhi,H&M,Apparel,1
LOC_C0030,C0030,6451.86,2026-08-10 20:41:00,Goa,H&M,Apparel,1
T07050,C0705,376.92,2026-08-10 20:41:00,Kolkata,Zara,Apparel,0
T00580,C0058,3694.05,2026-08-10 20:41:00,Hyderabad,H&M,Apparel,0
FREQ_C0770,C0770,3854.74,2026-08-10 20:42:00,Kolkata,Flipkart,E-commerce,1
AMT_C0568,C0568,27651.28,2026-08-10 20:42:00,Delhi,,Apparel,1
MERCH_C0258,C0258,5438.02,2026-08-10 20:42:00,Pune,Reliance,Retail,1
MERCH_C0043,C0043,11870.39,2026-08-10 20:42:00,Hyderabad,Max,Apparel,1
LOC_C0102,C0102,6624.64,2026-08-10 20:43:00,Bengaluru,Myntra,E-commerce,1
T01630,C0163,695.61,2026-08-10 20:43:00,Goa,Zara,Apparel,0
AMT_C0027,C0027,12027.71,2026-08-10 20:44:00,Goa,Flipkart,E-commerce,1
T07690,C0769,468.56,2026-08-10 20:45:00,Goa,H&M,Apparel,0
MERCH_C0167,C0167,3613.93,2026-08-10 20:45:00,Kolkata,H&M,Apparel,1
MERCH_C0007,C0007,3043.73,2026-08-10 20:45:00,Kolkata,Flipkart,E-commerce,1
MERCH_C0337,C0337,5281.4,2026-08-10 20:45:00,Delhi,Big Chill,Restaurant,1
T06160,C0616,1435.2,2026-08-10 20:45:00,Delhi,Max,Apparel,0
MERCH_C0648,C0648,13193.82,2026-08-10 20:46:00,Delhi,Flipkart,E-commerce,1
LOC_C0459,C0459,804.72,2026-08-10 20:46:00,Chennai,Burger King,Restaurant,1
T02880,C0288,3322.6,2026-08-10 20:46:00,,Burger King,Restaurant,0
FREQ_C0524,C0524,5243.16,2026-08-10 20:46:00,Hyderabad,Burger King,Restaurant,1
FREQ_C0036,C0036,999.41,2026-08-10 20:47:00,Kolkata,Reliance,Retail,1
T01760,C0176,2468.16,2026-08-10 20:47:00,Kolkata,,Apparel,0
MERCH_C0087,C0087,3094.84,2026-08-10 20:47:00,Mumbai,Reliance,Retail,1
LOC_C0252,C0252,3143.13,2026-08-10 20:47:00,Goa,Flipkart,E-commerce,1
FREQ_C0976,C0976,1449.63,2026-08-10 20:47:00,Delhi,Max,Apparel,1
AMT_C0087,C0087,24720.22,2026-08-10 20:47:00,Mumbai,Flipkart,E-commerce,1
LOC_C0942,C0942,5021.77,2026-08-10 20:47:00,Hyderabad,Zara,Apparel,1
FREQ_C0477,C0477,3428.29,2026-08-10 20:48:00,Pune,Big Chill,Restaurant,1
T05440,C0544,2851.58,2026-08-10 20:48:00,Kolkata,Reliance,Retail,0
T08870,C0887,5026.46,2026-08-10 20:48:00,Goa,Max,Apparel,0
T04360,C0436,3135.0,2026-08-10 20:48:00,Mumbai,Spar,Grocery,0
MERCH_C0646,C0646,3324.58,2026-08-10 20:48:00,Hyderabad,Max,Apparel,1
T02770,C0277,1173.71,2026-08-10 20:49:00,Hyderabad,H&M,Apparel,0
T04330,C0433,3319.73,2026-08-10 20:49:00,Hyderabad,Big Chill,Restaurant,0
T06000,C0600,2834.68,2026-08-10 20:51:00,Chennai,Spar,Grocery,0
T02410,C0241,1532.06,2026-08-10 20:52:00,Mumbai,H&M,Apparel,0
AMT_C0022,C0022,27064.21,2026-08-10 20:52:00,Mumbai,Max,Apparel,1
MERCH_C0643,C0643,6331.67,2026-08-10 20:52:00,Bengaluru,H&M,Apparel,1
MERCH_C0976,C0976,4110.97,2026-08-10 20:52:00,Bengaluru,H&M,Apparel,1
AMT_C0643,C0643,23513.59,2026-08-10 20:52:00,Bengaluru,Myntra,E-commerce,1
AMT_C0674,C0674,5098.36,2026-08-10 20:53:00,,Amazon,E-commerce,1
AMT_C0901,C0901,11394.01,2026-08-10 20:53:00,Bengaluru,Flipkart,E-commerce,1
AMT_C0911,C0911,25452.95,2026-08-10 20:54:00,Delhi,Zara,Apparel,1
MERCH_C0958,C0958,1990.25,2026-08-10 20:54:00,Pune,Myntra,E-commerce,1
LOC_C0034,C0034,3963.37,2026-08-10 20:54:00,Hyderabad,Zara,Apparel,1
FREQ_C0769,C0769,978.88,2026-08-10 20:55:00,Goa,Myntra,E-commerce,1
MERCH_C0705,C0705,1848.71,2026-08-10 20:56:00,Delhi,Amazon,E-commerce,1
FREQ_C0288,C0288,4160.94,2026-08-10 20:56:00,Mumbai,Big Chill,Restaurant,1
T01170,C0117,3261.49,2026-08-10 20:56:00,Bengaluru,Burger King,Restaurant,0
AMT_C0137,C0137,14671.97,2026-08-10 20:57:00,Bengaluru,Reliance,Retail,1
MERCH_C0137,C0137,3240.89,2026-08-10 20:57:00,Bengaluru,Burger King,Restaurant,1
LOC_C0069,C0069,3293.42,2026-08-10 20:57:00,Mumbai,Burger King,Restaurant,1
FREQ_C0176,C0176,3820.48,2026-08-10 20:57:00,Kolkata,Zara,Apparel,1
LOC_C0930,C0930,5135.86,2026-08-10 20:57:00,Kolkata,Big Chill,Restaurant,1
LOC_C0349,C0349,7042.69,2026-08-10 20:58:00,Delhi,Myntra,E-commerce,1
T07090,C0709,1659.72,2026-08-10 20:58:00,Kolkata,Zara,Apparel,0
FREQ_C0887,C0887,4892.37,2026-08-10 20:58:00,Goa,Zara,Apparel,1
FREQ_C0436,C0436,3115.34,2026-08-10 20:58:00,Mumbai,Big Chill,Restaurant,1
T03910,C0391,5231.27,2026-08-10 20:59:00,Bengaluru,,E-commerce,0
FREQ_C0277,C0277,1082.12,2026-08-10 20:59:00,Hyderabad,Big Chill,Restaurant,1
AMT_C0392,C0392,32290.92,2026-08-10 21:00:00,Goa,Spar,Grocery,1
MERCH_C0392,C0392,5341.86,2026-08-10 21:00:00,Goa,Flipkart,E-commerce,1
LOC_C0207,C0207,2131.16,2026-08-10 21:01:00,Chennai,Spar,Grocery,1
FREQ_C0600,C0600,2156.4,2026-08-10 21:01:00,Chennai,Spar,Grocery,1
LOC_C0588,C0588,1721.42,2026-08-10 21:01:00,Hyderabad,Spar,Grocery,1
MERCH_C0176,C0176,9308.2,2026-08-10 21:02:00,Mumbai,Amazon,E-commerce,1
AMT_C0377,C0377,10685.33,2026-08-10 21:02:00,Chennai,Spar,Grocery,1
LOC_C0339,C0339,6106.16,2026-08-10 21:03:00,Pune,Spar,Grocery,1
MERCH_C0008,C0008,4306.45,2026-08-10 21:03:00,Bengaluru,H&M,Apparel,1
LOC_C0423,C0423,4926.35,2026-08-10 21:03:00,Mumbai,Max,Apparel,1
T09800,C0980,1870.04,2026-08-10 21:03:00,Hyderabad,Myntra,E-commerce,0
MERCH_C0433,C0433,18787.46,2026-08-10 21:04:00,Bengaluru,H&M,Apparel,1
T06170,C0617,2925.16,2026-08-10 21:05:00,Delhi,Burger King,Restaurant,0
LOC_C0886,C0886,1036.21,2026-08-10 21:06:00,Pune,Reliance,Retail,1
MERCH_C0600,C0600,5577.04,2026-08-10 21:06:00,Mumbai,Myntra,E-commerce,1
T02450,C0245,624.94,2026-08-10 21:06:00,Mumbai,Myntra,E-commerce,0
T09550,C0955,2340.64,2026-08-10 21:06:00,Mumbai,Reliance,Retail,0
FREQ_C0117,C0117,2682.14,2026-08-10 21:06:00,Bengaluru,Spar,Grocery,1
MERCH_C0241,C0241,9529.73,2026-08-10 21:07:00,Bengaluru,Spar,Grocery,1
T08730,C0873,1396.32,2026-08-10 21:07:00,,Spar,Grocery,0
MERCH_C0841,C0841,5886.06,2026-08-10 21:07:00,Pune,Big Chill,Restaurant,1
T08420,C0842,5769.49,2026-08-10 21:08:00,Pune,Zara,Apparel,0
AMT_C0603,C0603,14916.85,2026-08-10 21:09:00,Pune,H&M,Apparel,1
AMT_C0925,C0925,14539.07,2026-08-10 21:09:00,Mumbai,H&M,Apparel,1
MERCH_C0711,C0711,1490.92,2026-08-10 21:10:00,Goa,Zara,Apparel,1
T02110,C0211,3138.86,2026-08-10 21:10:00,Pune,Zara,Apparel,0
LOC_C0875,C0875,2219.65,2026-08-10 21:10:00,Mumbai,H&M,Apparel,1
MERCH_C0117,C0117,6067.96,2026-08-10 21:11:00,Mumbai,Flipkart,E-commerce,1
T05060,C0506,2246.4,2026-08-10 21:11:00,Hyderabad,Max,Apparel,0
LOC_C0895,C0895,6642.52,2026-08-10 21:12:00,Bengaluru,Burger King,Restaurant,1
LOC_C0990,C0990,2686.65,2026-08-10 21:12:00,Mumbai,Max,Apparel,1
T04860,C0486,879.34,2026-08-10 21:12:00,Kolkata,Amazon,E-commerce,0
T06640,C0664,2029.83,2026-08-10 21:13:00,Pune,Amazon,E-commerce,0
MERCH_C0709,C0709,9432.4,2026-08-10 21:13:00,Pune,Flipkart,E-commerce,1
FREQ_C0980,C0980,1495.61,2026-08-10 21:13:00,Hyderabad,Myntra,E-commerce,1
LOC_C0657,C0657,1048.27,2026-08-10 21:13:00,Mumbai,Amazon,E-commerce,1
T07460,C0746,1816.05,2026-08-10 21:14:00,Goa,Big Chill,Restaurant,0
MERCH_C0391,C0391,13774.72,2026-08-10 21:14:00,Chennai,Spar,Grocery,1
AMT_C0077,C0077,8731.83,2026-08-10 21:14:00,Bengaluru,Big Chill,Restaurant,1
LOC_C0100,C0100,616.88,2026-08-10 21:15:00,Pune,Burger King,Restaurant,1
LOC_C0789,C0789,4076.53,2026-08-10 21:15:00,Kolkata,Big Chill,Restaurant,1
T01840,C0184,2393.15,2026-08-10 21:15:00,Goa,Big Chill,Restaurant,0
FREQ_C0617,C0617,3583.95,2026-08-10 21:15:00,Delhi,Max,Apparel,1
AMT_C0512,C0512,5852.76,2026-08-10 21:15:00,Mumbai,Max,Apparel,1
LOC_C0311,C0311,865.18,2026-08-10 21:16:00,Chennai,Spar,Grocery,1
FREQ_C0245,C0245,1192.03,2026-08-10 21:16:00,Mumbai,Flipkart,E-commerce,1
T04900,C0490,4542.9,2026-08-10 21:16:00,Delhi,Burger King,Restaurant,0
T03500,C0350,6469.16,2026-08-10 21:17:00,Kolkata,Burger King,Restaurant,0
T04300,C0430,4206.5,2026-08-10 21:17:00,Hyderabad,Max,Apparel,0
FREQ_C0873,C0873,1663.06,2026-08-10 21:17:00,Mumbai,H&M,Apparel,1
FREQ_C0842,C0842,3633.76,2026-08-10 21:18:00,Pune,Burger King,Restaurant,1
T01400,C0140,953.15,2026-08-10 21:18:00,Mumbai,Zara,Apparel,0
LOC_C0406,C0406,4439.15,2026-08-10 21:18:00,Kolkata,Big Chill,Restaurant,1
MERCH_C0980,C0980,6146.58,2026-08-10 21:18:00,Chennai,Zara,Apparel,1
T09690,C0969,1351.22,2026-08-10 21:18:00,,Max,Apparel,0
MERCH_C0997,C0997,6227.51,2026-08-10 21:19:00,Hyderabad,Max,Apparel,1
FREQ_C0211,C0211,2549.91,2026-08-10 21:20:00,Pune,Zara,Apparel,1
LOC_C0850,C0850,3056.11,2026-08-10 21:20:00,Mumbai,Big Chill,Restaurant,1
T07570,C0757,4115.87,2026-08-10 21:20:00,Kolkata,Big Chill,Restaurant,0
T09340,C0934,2296.91,2026-08-10 21:21:00,Goa,Amazon,E-commerce,0
FREQ_C0506,C0506,2127.83,2026-08-10 21:21:00,Hyderabad,Reliance,Retail,1
AMT_C0659,C0659,3627.34,2026-08-10 21:21:00,Kolkata,Big Chill,Restaurant,1
T06820,C0682,737.6,2026-08-10 21:21:00,Bengaluru,Zara,Apparel,0
LOC_C0739,C0739,3356.96,2026-08-10 21:21:00,Hyderabad,Zara,Apparel,1
T05740,C0574,1915.16,2026-08-10 21:21:00,Goa,Myntra,E-commerce,0
LOC_C0310,C0310,5598.75,2026-08-10 21:23:00,Bengaluru,Max,Apparel,1
LOC_C0146,C0146,6492.83,2026-08-10 21:23:00,Kolkata,H&M,Apparel,1
MERCH_C0842,C0842,11720.02,2026-08-10 21:23:00,Hyderabad,Big Chill,Restaurant,1
AMT_C0250,C0250,10282.07,2026-08-10 21:23:00,Chennai,Spar,Grocery,1
LOC_C0201,C0201,1214.05,2026-08-10 21:23:00,Pune,Myntra,E-commerce,1
FREQ_C0664,C0664,3584.11,2026-08-10 21:23:00,Pune,Big Chill,Restaurant,1
LOC_C0885,C0885,3480.39,2026-08-10 21:24:00,Mumbai,Flipkart,E-commerce,1
T08010,C0801,3210.79,2026-08-10 21:24:00,Mumbai,Burger King,Restaurant,0
T01380,C0138,4056.37,2026-08-10 21:25:00,Pune,,E-commerce,0
T01350,C0135,348.26,2026-08-10 21:25:00,Hyderabad,Max,Apparel,0
LOC_C0103,C0103,4179.48,2026-08-10 21:25:00,Goa,Burger King,Restaurant,1
T03890,C0389,713.31,2026-08-10 21:25:00,Chennai,H&M,Apparel,0
T09730,C0973,3456.34,2026-08-10 21:25:00,Goa,Zara,Apparel,0
MERCH_C0889,C0889,5802.34,2026-08-10 21:25:00,Pune,Big Chill,Restaurant,1
T05030,C0503,1741.15,2026-08-10 21:26:00,Delhi,Reliance,Retail,0
MERCH_C0874,C0874,3704.93,2026-08-10 21:26:00,Chennai,Reliance,Retail,1
T07560,C0756,954.41,2026-08-10 21:26:00,Kolkata,Myntra,E-commerce,0
FREQ_C0490,C0490,2895.06,2026-08-10 21:26:00,Delhi,Myntra,E-commerce,1
FREQ_C0430,C0430,4401.81,2026-08-10 21:27:00,Hyderabad,H&M,Apparel,1
AMT_C0794,C0794,30676.63,2026-08-10 21:27:00,Kolkata,Max,Apparel,1
AMT_C0224,C0224,9571.28,2026-08-10 21:27:00,Delhi,Reliance,Retail,1
T07520,C0752,723.05,2026-08-10 21:27:00,Bengaluru,Zara,Apparel,0
MERCH_C0794,C0794,4249.5,2026-08-10 21:27:00,Kolkata,Myntra,E-commerce,1
FREQ_C0140,C0140,1499.72,2026-08-10 21:28:00,Mumbai,Zara,Apparel,1
LOC_C0307,C0307,5463.56,2026-08-10 21:29:00,Goa,H&M,Apparel,1
FREQ_C0757,C0757,3680.35,2026-08-10 21:30:00,Kolkata,Big Chill,Restaurant,1
T02630,C0263,2160.82,2026-08-10 21:31:00,Pune,Spar,Grocery,0
T06450,C0645,1165.29,2026-08-10 21:31:00,Mumbai,Myntra,E-commerce,0
FREQ_C0682,C0682,841.2,2026-08-10 21:31:00,Bengaluru,Big Chill,Restaurant,1
T03300,C0330,1911.73,2026-08-10 21:31:00,Hyderabad,Spar,Grocery,0
MERCH_C0696,C0696,1024.06,2026-08-10 21:32:00,Goa,Flipkart,E-commerce,1
AMT_C0696,C0696,5846.3,2026-08-10 21:32:00,Goa,Myntra,E-commerce,1
AMT_C0223,C0223,25291.84,2026-08-10 21:33:00,Bengaluru,Amazon,E-commerce,1
T00190,C0019,1001.5,2026-08-10 21:33:00,Bengaluru,Myntra,E-commerce,0
T05690,C0569,1270.93,2026-08-10 21:33:00,Chennai,Zara,Apparel,0
LOC_C0333,C0333,4233.16,2026-08-10 21:33:00,Chennai,Zara,Apparel,1
T04980,C0498,2304.82,2026-08-10 21:33:00,Chennai,Amazon,E-commerce,0
T09480,C0948,1309.28,2026-08-10 21:34:00,Goa,Reliance,Retail,0
LOC_C0256,C0256,973.58,2026-08-10 21:34:00,Kolkata,Reliance,Retail,1
LOC_C0694,C0694,2956.9,2026-08-10 21:34:00,Goa,Burger King,Restaurant,1
FREQ_C0801,C0801,2572.86,2026-08-10 21:34:00,Mumbai,Burger King,Restaurant,1
T04720,C0472,931.89,2026-08-10 21:34:00,Pune,Myntra,E-commerce,0
T01610,C0161,2925.74,2026-08-10 21:34:00,Mumbai,Myntra,E-commerce,0
T04370,C0437,2407.75,2026-08-10 21:35:00,Bengaluru,Spar,Grocery,0
LOC_C0312,C0312,3872.52,2026-08-10 21:35:00,Bengaluru,Reliance,Retail,1
FREQ_C0973,C0973,2509.85,2026-08-10 21:35:00,Goa,Reliance,Retail,1
FREQ_C0389,C0389,880.7,2026-08-10 21:35:00,Chennai,Spar,Grocery,1
FREQ_C0503,C0503,1297.16,2026-08-10 21:36:00,Delhi,Amazon,E-commerce,1
FREQ_C0756,C0756,737.68,2026-08-10 21:36:00,Kolkata,Reliance,Retail,1
MERCH_C0934,C0934,6711.25,2026-08-10 21:36:00,Mumbai,Big Chill,Restaurant,1
MERCH_C0013,C0013,1252.47,2026-08-10 21:36:00,Hyderabad,Myntra,E-commerce,1
MERCH_C0682,C0682,3538.85,2026-08-10 21:36:00,Hyderabad,Burger King,Restaurant,1
AMT_C0510,C0510,11100.96,2026-08-10 21:36:00,Pune,Max,Apparel,1
FREQ_C0752,C0752,960.5,2026-08-10 21:37:00,Bengaluru,Zara,Apparel,1
T04250,C0425,3894.39,2026-08-10 21:37:00,Bengaluru,Reliance,Retail,0
T04470,C0447,5120.46,2026-08-10 21:37:00,Bengaluru,Zara,Apparel,0
LOC_C0018,C0018,3216.19,2026-08-10 21:38:00,Goa,Burger King,Restaurant,1
T07410,C0741,1632.07,2026-08-10 21:38:00,Kolkata,Myntra,E-commerce,0
LOC_C0871,C0871,5273.97,2026-08-10 21:39:00,Kolkata,Amazon,E-commerce,1
MERCH_C0801,C0801,7984.09,2026-08-10 21:39:00,Delhi,Max,Apparel,1
LOC_C0012,C0012,6003.52,2026-08-10 21:39:00,Goa,Burger King,Restaurant,1
LOC_C0162,C0162,841.65,2026-08-10 21:40:00,,Zara,Apparel,1
MERCH_C0026,C0026,1327.51,2026-08-10 21:40:00,Chennai,Amazon,E-commerce,1
AMT_C0372,C0372,27726.18,2026-08-10 21:40:00,Delhi,Reliance,Retail,1
LOC_C0926,C0926,2893.0,2026-08-10 21:40:00,Bengaluru,Big Chill,Restaurant,1
LOC_C0821,C0821,2851.75,2026-08-10 21:40:00,Delhi,Max,Apparel,1
LOC_C0810,C0810,5588.22,2026-08-10 21:41:00,Goa,Myntra,E-commerce,1
T06200,C0620,2845.19,2026-08-10 21:41:00,Delhi,Zara,Apparel,0
FREQ_C0263,C0263,1626.12,2026-08-10 21:41:00,Pune,Spar,Grocery,1
LOC_C0278,C0278,3918.59,2026-08-10 21:41:00,Kolkata,Spar,Grocery,1
LOC_C0706,C0706,6178.9,2026-08-10 21:42:00,Mumbai,Amazon,E-commerce,1
MERCH_C0752,C0752,2406.16,2026-08-10 21:42:00,Goa,Burger King,Restaurant,1
AMT_C0316,C0316,10553.45,2026-08-10 21:43:00,Hyderabad,H&M,Apparel,1
FREQ_C0019,C0019,1153.73,2026-08-10 21:43:00,Bengaluru,Myntra,E-commerce,1
AMT_C0407,C0407,33218.83,2026-08-10 21:43:00,Hyderabad,Flipkart,E-commerce,1
T08290,C0829,4014.69,2026-08-10 21:43:00,Pune,Max,Apparel,0
FREQ_C0498,C0498,2652.0,2026-08-10 21:43:00,Chennai,Amazon,E-commerce,1
AMT_C0957,C0957,34860.83,2026-08-10 21:44:00,Goa,H&M,Apparel,1
FREQ_C0161,C0161,2965.01,2026-08-10 21:44:00,Mumbai,Myntra,E-commerce,1
LOC_C0272,C0272,1188.4,2026-08-10 21:44:00,Hyderabad,H&M,Apparel,1
T01940,C0194,3560.21,2026-08-10 21:44:00,Mumbai,Flipkart,E-commerce,0
AMT_C0291,C0291,26166.32,2026-08-10 21:44:00,Hyderabad,Flipkart,E-commerce,1
LOC_C0426,C0426,1564.97,2026-08-10 21:44:00,,Flipkart,E-commerce,1
FREQ_C0437,C0437,3590.42,2026-08-10 21:45:00,Bengaluru,Zara,Apparel,1
LOC_C0233,C0233,1709.9,2026-08-10 21:45:00,Goa,Myntra,E-commerce,1
LOC_C0793,C0793,3235.7,2026-08-10 21:45:00,Kolkata,Zara,Apparel,1
T00240,C0024,5249.4,2026-08-10 21:46:00,Bengaluru,Flipkart,E-commerce,0
MERCH_C0645,C0645,3880.86,2026-08-10 21:46:00,Goa,Max,Apparel,1
AMT_C0577,C0577,7982.6,2026-08-10 21:46:00,Pune,Big Chill,Restaurant,1
FREQ_C0447,C0447,4448.7,2026-08-10 21:47:00,Bengaluru,Amazon,E-commerce,1
T08020,C0802,3523.02,2026-08-10 21:47:00,Hyderabad,Amazon,E-commerce,0
MERCH_C0342,C0342,1246.89,2026-08-10 21:47:00,Hyderabad,Reliance,Retail,1
LOC_C0066,C0066,2583.8,2026-08-10 21:47:00,Hyderabad,Spar,Grocery,1
MERCH_C0019,C0019,3907.56,2026-08-10 21:48:00,Chennai,Reliance,Retail,1
AMT_C0315,C0315,33570.46,2026-08-10 21:48:00,Hyderabad,Amazon,E-commerce,1
T08760,C0876,4318.93,2026-08-10 21:48:00,Goa,Amazon,E-commerce,0
FREQ_C0741,C0741,2300.16,2026-08-10 21:48:00,Kolkata,Myntra,E-commerce,1
LOC_C0633,C0633,2238.46,2026-08-10 21:49:00,Pune,,Apparel,1
MERCH_C0472,C0472,2455.2,2026-08-10 21:49:00,Bengaluru,Zara,Apparel,1
AMT_C0375,C0375,9726.01,2026-08-10 21:49:00,Kolkata,Zara,Apparel,1
T09960,C0996,1301.93,2026-08-10 21:49:00,Goa,Myntra,E-commerce,0
AMT_C0496,C0496,4896.17,2026-08-10 21:49:00,Chennai,H&M,Apparel,1
AMT_C0628,C0628,20166.57,2026-08-10 21:51:00,Mumbai,Amazon,E-commerce,1
LOC_C0938,C0938,4233.03,2026-08-10 21:52:00,Goa,Amazon,E-commerce,1
LOC_C0183,C0183,4180.29,2026-08-10 21:52:00,Bengaluru,Flipkart,E-commerce,1
LOC_C0295,C0295,1197.57,2026-08-10 21:53:00,Delhi,Big Chill,Restaurant,1
LOC_C0826,C0826,3149.96,2026-08-10 21:53:00,Goa,Burger King,Restaurant,1
AMT_C0386,C0386,5117.55,2026-08-10 21:53:00,Delhi,Myntra,E-commerce,1
T09290,C0929,1805.37,2026-08-10 21:53:00,Kolkata,Spar,Grocery,0
MERCH_C0219,C0219,1268.76,2026-08-10 21:54:00,Hyderabad,Big Chill,Restaurant,1
AMT_C0219,C0219,5216.76,2026-08-10 21:54:00,Hyderabad,Zara,Apparel,1
T07650,C0765,2096.6,2026-08-10 21:55:00,Delhi,Amazon,E-commerce,0
T09720,C0972,2747.43,2026-08-10 21:55:00,,Zara,Apparel,0
MERCH_C0620,C0620,7887.07,2026-08-10 21:56:00,Kolkata,Reliance,Retail,1
T07780,C0778,2402.6,2026-08-10 21:56:00,Kolkata,H&M,Apparel,0
T06860,C0686,2156.71,2026-08-10 21:56:00,Hyderabad,H&M,Apparel,0
LOC_C0213,C0213,631.66,2026-08-10 21:56:00,Hyderabad,,Apparel,1
T07070,C0707,980.04,2026-08-10 21:57:00,Mumbai,,E-commerce,0
AMT_C0939,C0939,13772.65,2026-08-10 21:58:00,Kolkata,Flipkart,E-commerce,1
LOC_C0287,C0287,639.17,2026-08-10 21:58:00,Pune,Zara,Apparel,1
MERCH_C0253,C0253,4024.64,2026-08-10 21:58:00,Delhi,Big Chill,Restaurant,1
AMT_C0253,C0253,16910.52,2026-08-10 21:58:00,Delhi,Flipkart,E-commerce,1
LOC_C0273,C0273,954.44,2026-08-10 21:58:00,Chennai,Big Chill,Restaurant,1
FREQ_C0876,C0876,4166.7,2026-08-10 21:58:00,Goa,Flipkart,E-commerce,1
FREQ_C0996,C0996,1350.64,2026-08-10 21:59:00,Goa,Amazon,E-commerce,1
MERCH_C0194,C0194,16518.59,2026-08-10 21:59:00,Chennai,Burger King,Restaurant,1
T03250,C0325,2517.87,2026-08-10 22:00:00,Bengaluru,H&M,Apparel,0
LOC_C0786,C0786,5803.77,2026-08-10 22:00:00,Delhi,Reliance,Retail,1
LOC_C0489,C0489,517.09,2026-08-10 22:00:00,Delhi,Spar,Grocery,1
T07380,C0738,4631.29,2026-08-10 22:00:00,Goa,Max,Apparel,0
T00040,C0004,3732.55,2026-08-10 22:01:00,,Big Chill,Restaurant,0
AMT_C0662,C0662,21853.23,2026-08-10 22:01:00,Bengaluru,Amazon,E-commerce,1
T02590,C0259,3257.38,2026-08-10 22:01:00,Delhi,Zara,Apparel,0
T03540,C0354,2072.29,2026-08-10 22:01:00,Kolkata,Burger King,Restaurant,0
T09090,C0909,4237.39,2026-08-10 22:02:00,Goa,Spar,Grocery,0
T09200,C0920,1476.85,2026-08-10 22:02:00,,Big Chill,Restaurant,0
T04390,C0439,3632.84,2026-08-10 22:02:00,Kolkata,Spar,Grocery,0
T06710,C0671,2253.13,2026-08-10 22:03:00,Goa,Amazon,E-commerce,0
FREQ_C0929,C0929,1012.48,2026-08-10 22:03:00,Kolkata,Flipkart,E-commerce,1
T07310,C0731,2581.22,2026-08-10 22:04:00,,Reliance,Retail,0
AMT_C0028,C0028,6934.42,2026-08-10 22:04:00,Pune,Flipkart,E-commerce,1
LOC_C0908,C0908,2074.25,2026-08-10 22:04:00,,Myntra,E-commerce,1
T04940,C0494,4154.53,2026-08-10 22:04:00,Mumbai,H&M,Apparel,0
T07490,C0749,2150.89,2026-08-10 22:05:00,Delhi,H&M,Apparel,0
T06300,C0630,4165.19,2026-08-10 22:05:00,Mumbai,Spar,Grocery,0
FREQ_C0972,C0972,1870.11,2026-08-10 22:05:00,Hyderabad,Burger King,Restaurant,1
LOC_C0453,C0453,914.72,2026-08-10 22:05:00,Pune,Flipkart,E-commerce,1
FREQ_C0778,C0778,4412.22,2026-08-10 22:06:00,Kolkata,Zara,Apparel,1
T03640,C0364,1954.78,2026-08-10 22:06:00,Hyderabad,Flipkart,E-commerce,0
T07600,C0760,5725.96,2026-08-10 22:07:00,Hyderabad,Burger King,Restaurant,0
FREQ_C0707,C0707,1064.42,2026-08-10 22:07:00,Mumbai,Flipkart,E-commerce,1
T08400,C0840,311.53,2026-08-10 22:08:00,Delhi,Burger King,Restaurant,0
LOC_C0666,C0666,2346.57,2026-08-10 22:09:00,Chennai,Amazon,E-commerce,1
MERCH_C0765,C0765,10196.66,2026-08-10 22:10:00,Goa,Max,Apparel,1
FREQ_C0325,C0325,2149.59,2026-08-10 22:10:00,Bengaluru,H&M,Apparel,1
LOC_C0376,C0376,1087.69,2026-08-10 22:11:00,Chennai,Burger King,Restaurant,1
AMT_C0916,C0916,8421.78,2026-08-10 22:11:00,Delhi,Max,Apparel,1
AMT_C0762,C0762,15121.1,2026-08-10 22:11:00,Delhi,Myntra,E-commerce,1
FREQ_C0439,C0439,3579.36,2026-08-10 22:12:00,Kolkata,Spar,Grocery,1
FREQ_C0920,C0920,1593.7,2026-08-10 22:12:00,Chennai,Big Chill,Restaurant,1
T01580,C0158,1447.33,2026-08-10 22:12:00,Pune,Amazon,E-commerce,0
LOC_C0357,C0357,2511.17,2026-08-10 22:13:00,Bengaluru,Zara,Apparel,1
T08270,C0827,1670.36,2026-08-10 22:13:00,Goa,Flipkart,E-commerce,0
T09280,C0928,5464.91,2026-08-10 22:13:00,Bengaluru,Big Chill,Restaurant,0
LOC_C0799,C0799,578.56,2026-08-10 22:13:00,Hyderabad,Amazon,E-commerce,1
T04280,C0428,826.73,2026-08-10 22:13:00,Bengaluru,Myntra,E-commerce,0
LOC_C0724,C0724,2149.17,2026-08-10 22:13:00,Bengaluru,Spar,Grocery,1
FREQ_C0494,C0494,5694.05,2026-08-10 22:14:00,Mumbai,H&M,Apparel,1
MERCH_C0209,C0209,4501.57,2026-08-10 22:14:00,Delhi,Big Chill,Restaurant,1
FREQ_C0731,C0731,4772.16,2026-08-10 22:14:00,Hyderabad,Big Chill,Restaurant,1
MERCH_C0325,C0325,7501.58,2026-08-10 22:15:00,Hyderabad,Amazon,E-commerce,1
AMT_C0417,C0417,18216.79,2026-08-10 22:15:00,Mumbai,H&M,Apparel,1
FREQ_C0630,C0630,3313.24,2026-08-10 22:15:00,Mumbai,Spar,Grocery,1
FREQ_C0749,C0749,3227.6,2026-08-10 22:15:00,Delhi,H&M,Apparel,1
MERCH_C0354,C0354,5013.9,2026-08-10 22:16:00,,Big Chill,Restaurant,1
LOC_C0383,C0383,4900.63,2026-08-10 22:16:00,Goa,Flipkart,E-commerce,1
AMT_C0478,C0478,11840.79,2026-08-10 22:17:00,,Flipkart,E-commerce,1
LOC_C0615,C0615,1048.61,2026-08-10 22:17:00,Kolkata,Reliance,Retail,1
LOC_C0719,C0719,4081.65,2026-08-10 22:17:00,,Burger King,Restaurant,1
T03900,C0390,494.92,2026-08-10 22:17:00,Bengaluru,Flipkart,E-commerce,0
AMT_C0581,C0581,19652.69,2026-08-10 22:18:00,Hyderabad,Burger King,Restaurant,1
AMT_C0410,C0410,25345.3,2026-08-10 22:18:00,Pune,H&M,Apparel,1
LOC_C0363,C0363,3805.59,2026-08-10 22:18:00,Mumbai,Reliance,Retail,1
FREQ_C0840,C0840,483.33,2026-08-10 22:18:00,Delhi,,Apparel,1
MERCH_C0494,C0494,15291.5,2026-08-10 22:19:00,Hyderabad,Reliance,Retail,1
MERCH_C0731,C0731,11443.53,2026-08-10 22:19:00,Kolkata,Zara,Apparel,1
AMT_C0126,C0126,14976.71,2026-08-10 22:20:00,Mumbai,Reliance,Retail,1
MERCH_C0364,C0364,13427.82,2026-08-10 22:21:00,Bengaluru,Zara,Apparel,1
T03590,C0359,3096.97,2026-08-10 22:21:00,Pune,,Restaurant,0
LOC_C0552,C0552,2450.81,2026-08-10 22:21:00,Hyderabad,Reliance,Retail,1
T04730,C0473,777.66,2026-08-10 22:21:00,Mumbai,Flipkart,E-commerce,0
AMT_C0123,C0123,20473.91,2026-08-10 22:22:00,Kolkata,Reliance,Retail,1
FREQ_C0428,C0428,1194.83,2026-08-10 22:23:00,Bengaluru,Spar,Grocery,1
FREQ_C0827,C0827,1109.44,2026-08-10 22:23:00,Goa,Flipkart,E-commerce,1
FREQ_C0928,C0928,6114.02,2026-08-10 22:23:00,Bengaluru,Big Chill,Restaurant,1
T01540,C0154,3918.6,2026-08-10 22:23:00,Mumbai,Myntra,E-commerce,0
T02060,C0206,6403.36,2026-08-10 22:23:00,,Big Chill,Restaurant,0
T03030,C0303,5673.54,2026-08-10 22:23:00,Bengaluru,Myntra,E-commerce,0
LOC_C0621,C0621,1392.63,2026-08-10 22:23:00,Bengaluru,Burger King,Restaurant,1
T03170,C0317,2210.95,2026-08-10 22:26:00,Delhi,Amazon,E-commerce,0
AMT_C0897,C0897,25735.93,2026-08-10 22:26:00,Pune,Big Chill,Restaurant,1
MERCH_C0897,C0897,2721.2,2026-08-10 22:26:00,Pune,Myntra,E-commerce,1
AMT_C0043,C0043,26809.17,2026-08-10 22:27:00,Mumbai,Big Chill,Restaurant,1
AMT_C0638,C0638,28180.51,2026-08-10 22:28:00,Delhi,Reliance,Retail,1
AMT_C0075,C0075,40502.98,2026-08-10 22:28:00,Goa,Amazon,E-commerce,1
MERCH_C0638,C0638,5019.66,2026-08-10 22:28:00,Delhi,Big Chill,Restaurant,1
T04200,C0420,687.1,2026-08-10 22:28:00,Goa,Big Chill,Restaurant,0
AMT_C0159,C0159,17561.52,2026-08-10 22:28:00,Chennai,Zara,Apparel,1
AMT_C0470,C0470,17575.91,2026-08-10 22:28:00,Goa,H&M,Apparel,1
T09880,C0988,2630.85,2026-08-10 22:30:00,Bengaluru,H&M,Apparel,0
AMT_C0167,C0167,4589.86,2026-08-10 22:30:00,Delhi,Amazon,E-commerce,1
T02180,C0218,6032.74,2026-08-10 22:30:00,Pune,Big Chill,Restaurant,0
LOC_C0743,C0743,2621.03,2026-08-10 22:30:00,Chennai,Burger King,Restaurant,1
T05970,C0597,4446.78,2026-08-10 22:30:00,Delhi,Flipkart,E-commerce,0
FREQ_C0359,C0359,3373.86,2026-08-10 22:31:00,Pune,Amazon,E-commerce,1
AMT_C0648,C0648,21432.02,2026-08-10 22:31:00,Goa,,E-commerce,1
T02820,C0282,4044.79,2026-08-10 22:31:00,Goa,Reliance,Retail,0
LOC_C0625,C0625,876.97,2026-08-10 22:31:00,Delhi,Max,Apparel,1
T05820,C0582,2425.68,2026-08-10 22:32:00,Hyderabad,H&M,Apparel,0
LOC_C0796,C0796,6262.92,2026-08-10 22:32:00,Bengaluru,Burger King,Restaurant,1
LOC_C0529,C0529,4469.72,2026-08-10 22:32:00,Delhi,Spar,Grocery,1
LOC_C0668,C0668,4041.82,2026-08-10 22:32:00,Bengaluru,Max,Apparel,1
T00440,C0044,6248.49,2026-08-10 22:32:00,Kolkata,Burger King,Restaurant,0
FREQ_C0303,C0303,3353.26,2026-08-10 22:33:00,Bengaluru,Myntra,E-commerce,1
T03710,C0371,1041.31,2026-08-10 22:34:00,Goa,Myntra,E-commerce,0
T05420,C0542,2473.51,2026-08-10 22:34:00,Bengaluru,,E-commerce,0
LOC_C0424,C0424,4775.21,2026-08-10 22:35:00,Kolkata,Max,Apparel,1
T06050,C0605,1300.34,2026-08-10 22:35:00,Mumbai,Myntra,E-commerce,0
T07720,C0772,2527.86,2026-08-10 22:36:00,Hyderabad,Big Chill,Restaurant,0
MERCH_C0473,C0473,5105.73,2026-08-10 22:36:00,Chennai,Myntra,E-commerce,1
AMT_C0296,C0296,24648.09,2026-08-10 22:36:00,Bengaluru,Max,Apparel,1
T06100,C0610,3963.6,2026-08-10 22:36:00,Bengaluru,Big Chill,Restaurant,0
LOC_C0031,C0031,5519.1,2026-08-10 22:36:00,Chennai,Burger King,Restaurant,1
AMT_C0976,C0976,7082.46,2026-08-10 22:37:00,Delhi,Flipkart,E-commerce,1
LOC_C0892,C0892,2500.44,2026-08-10 22:37:00,Chennai,Big Chill,Restaurant,1
MERCH_C0036,C0036,878.18,2026-08-10 22:37:00,Kolkata,H&M,Apparel,1
LOC_C0305,C0305,1232.81,2026-08-10 22:38:00,Kolkata,Myntra,E-commerce,1
AMT_C0477,C0477,14752.43,2026-08-10 22:38:00,Pune,Big Chill,Restaurant,1
LOC_C0684,C0684,6782.54,2026-08-10 22:39:00,Pune,Spar,Grocery,1
T06320,C0632,3457.69,2026-08-10 22:40:00,Bengaluru,H&M,Apparel,0
FREQ_C0988,C0988,3383.93,2026-08-10 22:40:00,Bengaluru,Big Chill,Restaurant,1
T03320,C0332,6384.27,2026-08-10 22:40:00,Kolkata,Myntra,E-commerce,0
T08720,C0872,586.45,2026-08-10 22:40:00,Goa,Big Chill,Restaurant,0
T08570,C0857,1014.18,2026-08-10 22:41:00,Delhi,H&M,Apparel,0
FREQ_C0282,C0282,2735.9,2026-08-10 22:41:00,,Max,Apparel,1
FREQ_C0582,C0582,3046.54,2026-08-10 22:42:00,Hyderabad,H&M,Apparel,1
T00940,C0094,3287.38,2026-08-10 22:42:00,Bengaluru,Myntra,E-commerce,0
LOC_C0258,C0258,5025.9,2026-08-10 22:42:00,Mumbai,Flipkart,E-commerce,1
FREQ_C0044,C0044,4616.96,2026-08-10 22:42:00,Kolkata,Amazon,E-commerce,1
LOC_C0027,C0027,2503.76,2026-08-10 22:44:00,Mumbai,Flipkart,E-commerce,1
T09990,C0999,3394.03,2026-08-10 22:44:00,Kolkata,Amazon,E-commerce,0
T03780,C0378,6280.31,2026-08-10 22:44:00,Hyderabad,Spar,Grocery,0
T07130,C0713,3652.87,2026-08-10 22:44:00,Mumbai,H&M,Apparel,0
T06610,C0661,3893.33,2026-08-10 22:45:00,Kolkata,Myntra,E-commerce,0
FREQ_C0605,C0605,1348.97,2026-08-10 22:45:00,Mumbai,Reliance,Retail,1
MERCH_C0616,C0616,1641.04,2026-08-10 22:45:00,Delhi,H&M,Apparel,1
AMT_C0769,C0769,4415.24,2026-08-10 22:45:00,Goa,Myntra,E-commerce,1
MERCH_C0218,C0218,16438.06,2026-08-10 22:45:00,Kolkata,H&M,Apparel,1
LOC_C0337,C0337,5757.7,2026-08-10 22:45:00,Chennai,Zara,Apparel,1
T05570,C0557,1187.53,2026-08-10 22:45:00,Bengaluru,Flipkart,E-commerce,0
AMT_C0616,C0616,11861.82,2026-08-10 22:45:00,Delhi,Reliance,Retail,1
FREQ_C0610,C0610,3351.79,2026-08-10 22:46:00,Bengaluru,Big Chill,Restaurant,1
FREQ_C0772,C0772,3100.88,2026-08-10 22:46:00,Hyderabad,Big Chill,Restaurant,1
AMT_C0288,C0288,15416.98,2026-08-10 22:46:00,Mumbai,Big Chill,Restaurant,1
AMT_C0176,C0176,21935.36,2026-08-10 22:47:00,Kolkata,H&M,Apparel,1
MERCH_C0582,C0582,11606.39,2026-08-10 22:47:00,Goa,,Restaurant,1
T03270,C0327,1043.22,2026-08-10 22:47:00,Hyderabad,H&M,Apparel,0
T09050,C0905,1240.47,2026-08-10 22:47:00,Goa,Flipkart,E-commerce,0
T04550,C0455,1957.84,2026-08-10 22:47:00,Bengaluru,Zara,Apparel,0
LOC_C0646,C0646,3434.31,2026-08-10 22:48:00,Bengaluru,H&M,Apparel,1
MERCH_C0542,C0542,6912.71,2026-08-10 22:49:00,Hyderabad,Zara,Apparel,1
AMT_C0277,C0277,5798.25,2026-08-10 22:49:00,Hyderabad,H&M,Apparel,1
FREQ_C0632,C0632,2932.27,2026-08-10 22:50:00,Bengaluru,Myntra,E-commerce,1
T02210,C0221,1201.07,2026-08-10 22:50:00,Hyderabad,Reliance,Retail,0
T02380,C0238,2949.71,2026-08-10 22:50:00,Delhi,Max,Apparel,0
T01970,C0197,3520.59,2026-08-10 22:50:00,Mumbai,Zara,Apparel,0
FREQ_C0857,C0857,1817.61,2026-08-10 22:51:00,Delhi,H&M,Apparel,1
T04640,C0464,2111.63,2026-08-10 22:51:00,Chennai,Max,Apparel,0
MERCH_C0772,C0772,10205.8,2026-08-10 22:51:00,Chennai,Max,Apparel,1
LOC_C0022,C0022,4907.67,2026-08-10 22:52:00,Chennai,Max,Apparel,1
LOC_C0643,C0643,5254.42,2026-08-10 22:52:00,Pune,Myntra,E-commerce,1
T00520,C0052,958.33,2026-08-10 22:52:00,Kolkata,Amazon,E-commerce,0
T00900,C0090,2275.5,2026-08-10 22:52:00,Bengaluru,Zara,Apparel,0
LOC_C0321,C0321,902.85,2026-08-10 22:52:00,Delhi,H&M,Apparel,1
AMT_C0241,C0241,16710.43,2026-08-10 22:52:00,Mumbai,Myntra,E-commerce,1
T06750,C0675,538.77,2026-08-10 22:53:00,Kolkata,H&M,Apparel,0
T02660,C0266,2819.11,2026-08-10 22:53:00,Bengaluru,Myntra,E-commerce,0
LOC_C0674,C0674,675.1,2026-08-10 22:53:00,Bengaluru,H&M,Apparel,1
LOC_C0911,C0911,4777.88,2026-08-10 22:54:00,Chennai,Reliance,Retail,1
LOC_C0958,C0958,1372.22,2026-08-10 22:54:00,Hyderabad,Zara,Apparel,1
FREQ_C0378,C0378,5560.82,2026-08-10 22:54:00,Hyderabad,Spar,Grocery,1
FREQ_C0999,C0999,3864.54,2026-08-10 22:54:00,Kolkata,Big Chill,Restaurant,1
FREQ_C0713,C0713,6048.04,2026-08-10 22:54:00,Mumbai,H&M,Apparel,1
T06770,C0677,4286.75,2026-08-10 22:54:00,Goa,,Retail,0
MERCH_C0332,C0332,13469.7,2026-08-10 22:55:00,Pune,H&M,Apparel,1
T05170,C0517,2910.94,2026-08-10 22:55:00,,Burger King,Restaurant,0
FREQ_C0557,C0557,752.46,2026-08-10 22:55:00,Bengaluru,Max,Apparel,1
LOC_C0362,C0362,7334.89,2026-08-10 22:55:00,Kolkata,Burger King,Restaurant,1
T05990,C0599,807.43,2026-08-10 22:56:00,,Reliance,Retail,0
FREQ_C0327,C0327,649.39,2026-08-10 22:57:00,Hyderabad,Myntra,E-commerce,1
T09120,C0912,2423.76,2026-08-10 22:57:00,Pune,Max,Apparel,0
T03950,C0395,3636.45,2026-08-10 22:57:00,Hyderabad,Burger King,Restaurant,0
FREQ_C0455,C0455,3348.86,2026-08-10 22:57:00,Bengaluru,Big Chill,Restaurant,1
T01210,C0121,4681.01,2026-08-10 22:57:00,,Reliance,Retail,0
LOC_C0137,C0137,2611.42,2026-08-10 22:57:00,Kolkata,H&M,Apparel,1
T05320,C0532,2779.33,2026-08-10 22:58:00,Bengaluru,Burger King,Restaurant,0
T05080,C0508,3573.88,2026-08-10 22:58:00,Hyderabad,Myntra,E-commerce,0
LOC_C0748,C0748,2238.72,2026-08-10 22:58:00,Mumbai,Myntra,E-commerce,1
MERCH_C0713,C0713,14047.68,2026-08-10 22:59:00,Pune,Flipkart,E-commerce,1
T07870,C0787,3929.17,2026-08-10 22:59:00,Bengaluru,Myntra,E-commerce,0
LOC_C0392,C0392,6529.56,2026-08-10 23:00:00,Bengaluru,Myntra,E-commerce,1
MERCH_C0557,C0557,4059.96,2026-08-10 23:00:00,Pune,H&M,Apparel,1
FREQ_C0221,C0221,777.89,2026-08-10 23:00:00,Hyderabad,Burger King,Restaurant,1
FREQ_C0090,C0090,2324.49,2026-08-10 23:02:00,Bengaluru,Zara,Apparel,1
FREQ_C0052,C0052,1313.61,2026-08-10 23:02:00,Kolkata,H&M,Apparel,1
LOC_C0377,C0377,3321.37,2026-08-10 23:02:00,Delhi,Spar,Grocery,1
LOC_C0008,C0008,3320.68,2026-08-10 23:03:00,Chennai,Burger King,Restaurant,1
AMT_C0980,C0980,10240.69,2026-08-10 23:03:00,Hyderabad,Myntra,E-commerce,1
FREQ_C0677,C0677,4029.84,2026-08-10 23:04:00,Goa,Flipkart,E-commerce,1
MERCH_C0197,C0197,9795.68,2026-08-10 23:05:00,Bengaluru,Amazon,E-commerce,1
MERCH_C0221,C0221,3126.06,2026-08-10 23:05:00,Delhi,Myntra,E-commerce,1
AMT_C0617,C0617,20695.7,2026-08-10 23:05:00,Delhi,Max,Apparel,1
MERCH_C0617,C0617,4162.83,2026-08-10 23:05:00,Delhi,Burger King,Restaurant,1
AMT_C0245,C0245,5305.65,2026-08-10 23:06:00,Mumbai,,E-commerce,1
MERCH_C0955,C0955,3424.36,2026-08-10 23:06:00,Mumbai,H&M,Apparel,1
MERCH_C0245,C0245,1173.84,2026-08-10 23:06:00,Mumbai,H&M,Apparel,1
AMT_C0955,C0955,17274.53,2026-08-10 23:06:00,Mumbai,Reliance,Retail,1
MERCH_C0873,C0873,2800.79,2026-08-10 23:07:00,Mumbai,Reliance,Retail,1
AMT_C0873,C0873,9564.68,2026-08-10 23:07:00,Mumbai,Spar,Grocery,1
FREQ_C0395,C0395,3073.31,2026-08-10 23:07:00,Hyderabad,Burger King,Restaurant,1
LOC_C0841,C0841,4890.72,2026-08-10 23:07:00,Bengaluru,Spar,Grocery,1
MERCH_C0266,C0266,8360.39,2026-08-10 23:08:00,Chennai,Flipkart,E-commerce,1
FREQ_C0532,C0532,4349.67,2026-08-10 23:08:00,Bengaluru,Burger King,Restaurant,1
FREQ_C0508,C0508,3434.48,2026-08-10 23:08:00,Hyderabad,Big Chill,Restaurant,1
LOC_C0603,C0603,2968.63,2026-08-10 23:09:00,Kolkata,H&M,Apparel,1
MERCH_C0677,C0677,8992.4,2026-08-10 23:09:00,Chennai,Big Chill,Restaurant,1
LOC_C0170,C0170,6795.96,2026-08-10 23:10:00,Pune,,Restaurant,1
MERCH_C0506,C0506,3240.61,2026-08-10 23:11:00,Hyderabad,Flipkart,E-commerce,1
AMT_C0506,C0506,14829.77,2026-08-10 23:11:00,Hyderabad,Reliance,Retail,1
AMT_C0486,C0486,8968.76,2026-08-10 23:12:00,Kolkata,Flipkart,E-commerce,1
MERCH_C0912,C0912,7662.92,2026-08-10 23:12:00,Bengaluru,Amazon,E-commerce,1
MERCH_C0486,C0486,1103.85,2026-08-10 23:12:00,Kolkata,Zara,Apparel,1
MERCH_C0508,C0508,8885.54,2026-08-10 23:13:00,Kolkata,Flipkart,E-commerce,1
AMT_C0664,C0664,25764.12,2026-08-10 23:13:00,Pune,Amazon,E-commerce,1
LOC_C0077,C0077,1817.46,2026-08-10 23:14:00,Goa,Big Chill,Restaurant,1
AMT_C0746,C0746,20592.12,2026-08-10 23:14:00,Goa,Amazon,E-commerce,1
AMT_C0184,C0184,27275.79,2026-08-10 23:15:00,Goa,Big Chill,Restaurant,1
LOC_C0512,C0512,830.57,2026-08-10 23:15:00,Delhi,Big Chill,Restaurant,1
AMT_C0490,C0490,20128.76,2026-08-10 23:16:00,Delhi,Myntra,E-commerce,1
MERCH_C0350,C0350,6035.17,2026-08-10 23:17:00,Kolkata,Big Chill,Restaurant,1
AMT_C0430,C0430,20337.48,2026-08-10 23:17:00,Hyderabad,Max,Apparel,1
LOC_C0997,C0997,4148.91,2026-08-10 23:19:00,,Myntra,E-commerce,1
AMT_C0757,C0757,29515.03,2026-08-10 23:20:00,Kolkata,Big Chill,Restaurant,1
AMT_C0574,C0574,13980.32,2026-08-10 23:21:00,Goa,Zara,Apparel,1
LOC_C0513,C0513,1593.68,2026-08-10 23:21:00,,Amazon,E-commerce,1
LOC_C0250,C0250,1809.32,2026-08-10 23:23:00,Kolkata,Max,Apparel,1
AMT_C0801,C0801,17129.9,2026-08-10 23:24:00,Mumbai,Burger King,Restaurant,1
MERCH_C0389,C0389,614.32,2026-08-10 23:25:00,Chennai,Reliance,Retail,1
LOC_C0096,C0096,1327.37,2026-08-10 23:25:00,,H&M,Apparel,1
AMT_C0389,C0389,6796.58,2026-08-10 23:25:00,Chennai,Spar,Grocery,1
MERCH_C0973,C0973,4573.43,2026-08-10 23:25:00,Goa,Spar,Grocery,1
AMT_C0503,C0503,6928.56,2026-08-10 23:26:00,Delhi,Amazon,E-commerce,1
MERCH_C0756,C0756,633.65,2026-08-10 23:26:00,Kolkata,H&M,Apparel,1
AMT_C0752,C0752,5842.77,2026-08-10 23:27:00,Bengaluru,Flipkart,E-commerce,1
LOC_C0794,C0794,3464.32,2026-08-10 23:27:00,Chennai,Reliance,Retail,1
LOC_C0174,C0174,7298.11,2026-08-10 23:28:00,Delhi,Flipkart,E-commerce,1
LOC_C0575,C0575,4784.43,2026-08-10 23:29:00,Chennai,Reliance,Retail,1
AMT_C0263,C0263,14213.12,2026-08-10 23:31:00,Pune,Max,Apparel,1
MERCH_C0330,C0330,1937.02,2026-08-10 23:31:00,Hyderabad,Max,Apparel,1
AMT_C0330,C0330,11304.85,2026-08-10 23:31:00,Hyderabad,Spar,Grocery,1
LOC_C0696,C0696,656.03,2026-08-10 23:32:00,Kolkata,H&M,Apparel,1
LOC_C0644,C0644,1442.65,2026-08-10 23:33:00,Mumbai,H&M,Apparel,1
LOC_C0448,C0448,2991.7,2026-08-10 23:33:00,Mumbai,Big Chill,Restaurant,1
AMT_C0161,C0161,24170.87,2026-08-10 23:34:00,Mumbai,Myntra,E-commerce,1
AMT_C0948,C0948,15460.27,2026-08-10 23:34:00,Goa,Reliance,Retail,1
AMT_C0472,C0472,5061.0,2026-08-10 23:34:00,Pune,Amazon,E-commerce,1
LOC_C0510,C0510,2939.78,2026-08-10 23:36:00,Chennai,Big Chill,Restaurant,1
LOC_C0013,C0013,1569.02,2026-08-10 23:36:00,Goa,H&M,Apparel,1
AMT_C0447,C0447,28983.97,2026-08-10 23:37:00,Bengaluru,Zara,Apparel,1
MERCH_C0425,C0425,3587.69,2026-08-10 23:37:00,Bengaluru,Max,Apparel,1
LOC_C0306,C0306,669.91,2026-08-10 23:37:00,Goa,Burger King,Restaurant,1
AMT_C0741,C0741,15510.73,2026-08-10 23:38:00,Kolkata,Big Chill,Restaurant,1
AMT_C0620,C0620,14763.83,2026-08-10 23:41:00,Delhi,Zara,Apparel,1
MERCH_C0829,C0829,4062.93,2026-08-10 23:43:00,Pune,Flipkart,E-commerce,1
LOC_C0407,C0407,5836.11,2026-08-10 23:43:00,Delhi,Flipkart,E-commerce,1
LOC_C0805,C0805,2628.62,2026-08-10 23:43:00,Bengaluru,Amazon,E-commerce,1
AMT_C0829,C0829,17337.9,2026-08-10 23:43:00,Pune,Spar,Grocery,1
LOC_C0957,C0957,6598.1,2026-08-10 23:44:00,Chennai,H&M,Apparel,1
LOC_C0585,C0585,3707.49,2026-08-10 23:45:00,Chennai,Reliance,Retail,1
LOC_C0690,C0690,4683.78,2026-08-10 23:45:00,Goa,H&M,Apparel,1
LOC_C0577,C0577,1238.05,2026-08-10 23:46:00,Bengaluru,Big Chill,Restaurant,1
AMT_C0024,C0024,37300.3,2026-08-10 23:46:00,Bengaluru,Reliance,Retail,1
AMT_C0802,C0802,16616.04,2026-08-10 23:47:00,Hyderabad,Max,Apparel,1
AMT_C0996,C0996,8409.15,2026-08-10 23:49:00,Goa,Myntra,E-commerce,1
MERCH_C0996,C0996,1378.8,2026-08-10 23:49:00,Goa,Big Chill,Restaurant,1
LOC_C0375,C0375,1662.15,2026-08-10 23:49:00,Bengaluru,,Apparel,1
LOC_C0149,C0149,4484.12,2026-08-10 23:53:00,Mumbai,Reliance,Retail,1
MERCH_C0929,C0929,1050.41,2026-08-10 23:53:00,Kolkata,Max,Apparel,1
LOC_C0374,C0374,6284.01,2026-08-10 23:53:00,Chennai,Zara,Apparel,1
AMT_C0972,C0972,15457.91,2026-08-10 23:55:00,Hyderabad,Zara,Apparel,1
LOC_C0596,C0596,5081.13,2026-08-10 23:55:00,Bengaluru,Max,Apparel,1
AMT_C0765,C0765,15121.12,2026-08-10 23:55:00,Delhi,Amazon,E-commerce,1
AMT_C0707,C0707,6317.63,2026-08-10 23:57:00,Mumbai,Flipkart,E-commerce,1
AMT_C0738,C0738,22313.85,2026-08-11 00:00:00,Goa,Amazon,E-commerce,1
AMT_C0004,C0004,18236.25,2026-08-11 00:01:00,Delhi,Big Chill,Restaurant,1
LOC_C0369,C0369,1986.22,2026-08-11 00:02:00,Chennai,Max,Apparel,1
AMT_C0439,C0439,21737.92,2026-08-11 00:02:00,Kolkata,Spar,Grocery,1
AMT_C0920,C0920,12758.34,2026-08-11 00:02:00,Chennai,Big Chill,Restaurant,1
LOC_C0782,C0782,4347.05,2026-08-11 00:02:00,Mumbai,H&M,Apparel,1
AMT_C0909,C0909,24856.68,2026-08-11 00:02:00,,Max,Apparel,1
AMT_C0671,C0671,11087.23,2026-08-11 00:03:00,Goa,Spar,Grocery,1
LOC_C0780,C0780,2424.36,2026-08-11 00:04:00,Pune,Reliance,Retail,1
AMT_C0731,C0731,29841.18,2026-08-11 00:04:00,Hyderabad,Big Chill,Restaurant,1
LOC_C0028,C0028,1053.6,2026-08-11 00:04:00,Goa,Flipkart,E-commerce,1
AMT_C0749,C0749,24203.78,2026-08-11 00:05:00,Delhi,H&M,Apparel,1
MERCH_C0749,C0749,3722.88,2026-08-11 00:05:00,Delhi,Reliance,Retail,1
AMT_C0364,C0364,19718.56,2026-08-11 00:06:00,Hyderabad,Burger King,Restaurant,1
AMT_C0840,C0840,3222.77,2026-08-11 00:08:00,Delhi,H&M,Apparel,1
MERCH_C0840,C0840,714.7,2026-08-11 00:08:00,Delhi,Spar,Grocery,1
LOC_C0837,C0837,3323.46,2026-08-11 00:11:00,Goa,H&M,Apparel,1
AMT_C0158,C0158,5953.96,2026-08-11 00:12:00,Pune,Amazon,E-commerce,1
LOC_C0231,C0231,1469.38,2026-08-11 00:12:00,Hyderabad,,Restaurant,1
AMT_C0428,C0428,9961.75,2026-08-11 00:13:00,Bengaluru,Spar,Grocery,1
MERCH_C0827,C0827,1185.54,2026-08-11 00:13:00,Goa,Reliance,Retail,1
LOC_C0883,C0883,2026.81,2026-08-11 00:14:00,Mumbai,,Restaurant,1
LOC_C0417,C0417,3559.07,2026-08-11 00:15:00,Kolkata,H&M,Apparel,1
AMT_C0390,C0390,4016.45,2026-08-11 00:17:00,Bengaluru,Flipkart,E-commerce,1
LOC_C0478,C0478,1900.04,2026-08-11 00:17:00,Chennai,Burger King,Restaurant,1
LOC_C0581,C0581,4100.29,2026-08-11 00:18:00,Chennai,Burger King,Restaurant,1
LOC_C0126,C0126,4274.16,2026-08-11 00:20:00,Pune,Reliance,Retail,1
LOC_C0536,C0536,4656.9,2026-08-11 00:20:00,Kolkata,Reliance,Retail,1
AMT_C0473,C0473,9001.04,2026-08-11 00:21:00,Mumbai,Flipkart,E-commerce,1
MERCH_C0359,C0359,5560.82,2026-08-11 00:21:00,Pune,Myntra,E-commerce,1
AMT_C0359,C0359,29553.19,2026-08-11 00:21:00,Pune,Amazon,E-commerce,1
LOC_C0123,C0123,4474.45,2026-08-11 00:22:00,Goa,Max,Apparel,1
MERCH_C0303,C0303,6069.83,2026-08-11 00:23:00,Bengaluru,Reliance,Retail,1
MERCH_C0206,C0206,5815.22,2026-08-11 00:23:00,Kolkata,Reliance,Retail,1
AMT_C0303,C0303,27110.75,2026-08-11 00:23:00,Bengaluru,Myntra,E-commerce,1
AMT_C0317,C0317,11726.3,2026-08-11 00:26:00,Delhi,Max,Apparel,1
MERCH_C0420,C0420,759.2,2026-08-11 00:28:00,Goa,Reliance,Retail,1
LOC_C0638,C0638,4695.36,2026-08-11 00:28:00,Hyderabad,Zara,Apparel,1
AMT_C0988,C0988,27192.52,2026-08-11 00:30:00,Bengaluru,Big Chill,Restaurant,1
AMT_C0597,C0597,19277.36,2026-08-11 00:30:00,,Burger King,Restaurant,1
MERCH_C0988,C0988,4578.58,2026-08-11 00:30:00,Bengaluru,Myntra,E-commerce,1
LOC_C0167,C0167,895.03,2026-08-11 00:30:00,Pune,Amazon,E-commerce,1
LOC_C0007,C0007,793.85,2026-08-11 00:30:00,Pune,Spar,Grocery,1
AMT_C0218,C0218,24537.06,2026-08-11 00:30:00,Pune,Big Chill,Restaurant,1
AMT_C0282,C0282,20393.13,2026-08-11 00:31:00,Goa,Reliance,Retail,1
LOC_C0648,C0648,4544.13,2026-08-11 00:31:00,Delhi,Myntra,E-commerce,1
LOC_C0624,C0624,4486.43,2026-08-11 00:33:00,Bengaluru,Amazon,E-commerce,1
MERCH_C0371,C0371,1670.64,2026-08-11 00:34:00,Goa,Big Chill,Restaurant,1
AMT_C0542,C0542,14276.31,2026-08-11 00:34:00,Bengaluru,Max,Apparel,1
MERCH_C0610,C0610,2786.97,2026-08-11 00:36:00,Bengaluru,Zara,Apparel,1
AMT_C0772,C0772,23247.21,2026-08-11 00:36:00,Hyderabad,Big Chill,Restaurant,1
LOC_C0524,C0524,4997.86,2026-08-11 00:36:00,Chennai,Burger King,Restaurant,1
LOC_C0036,C0036,1512.21,2026-08-11 00:37:00,Delhi,Reliance,Retail,1
LOC_C0477,C0477,4144.96,2026-08-11 00:38:00,Kolkata,Big Chill,Restaurant,1
AMT_C0632,C0632,22319.14,2026-08-11 00:40:00,Bengaluru,H&M,Apparel,1
AMT_C0872,C0872,6806.89,2026-08-11 00:40:00,Goa,Big Chill,Restaurant,1
AMT_C0857,C0857,8645.7,2026-08-11 00:41:00,Delhi,Spar,Grocery,1
MERCH_C0094,C0094,2855.7,2026-08-11 00:42:00,Bengaluru,Amazon,E-commerce,1
AMT_C0094,C0094,15109.19,2026-08-11 00:42:00,Bengaluru,Spar,Grocery,1
MERCH_C0378,C0378,6518.73,2026-08-11 00:44:00,Hyderabad,Zara,Apparel,1
AMT_C0378,C0378,34824.05,2026-08-11 00:44:00,Hyderabad,Big Chill,Restaurant,1
AMT_C0713,C0713,39242.53,2026-08-11 00:44:00,Mumbai,Max,Apparel,1
MERCH_C0999,C0999,4463.31,2026-08-11 00:44:00,Kolkata,Spar,Grocery,1
AMT_C0661,C0661,27563.41,2026-08-11 00:45:00,Kolkata,H&M,Apparel,1
LOC_C0616,C0616,2060.41,2026-08-11 00:45:00,Chennai,Max,Apparel,1
LOC_C0769,C0769,883.84,2026-08-11 00:45:00,Chennai,Zara,Apparel,1
LOC_C0176,C0176,4200.84,2026-08-11 00:47:00,Hyderabad,Zara,Apparel,1
MERCH_C0905,C0905,1507.52,2026-08-11 00:47:00,Goa,Zara,Apparel,1
AMT_C0238,C0238,15579.37,2026-08-11 00:50:00,Delhi,Spar,Grocery,1
LOC_C0600,C0600,1787.3,2026-08-11 00:51:00,Delhi,Spar,Grocery,1
MERCH_C0464,C0464,2390.02,2026-08-11 00:51:00,,Burger King,Restaurant,1
AMT_C0052,C0052,9876.52,2026-08-11 00:52:00,Kolkata,H&M,Apparel,1
LOC_C0241,C0241,3718.07,2026-08-11 00:52:00,Chennai,Amazon,E-commerce,1
AMT_C0675,C0675,4016.37,2026-08-11 00:53:00,Kolkata,Max,Apparel,1
AMT_C0677,C0677,18329.45,2026-08-11 00:54:00,Goa,Flipkart,E-commerce,1
MERCH_C0517,C0517,2634.06,2026-08-11 00:55:00,Mumbai,Myntra,E-commerce,1
AMT_C0599,C0599,5099.45,2026-08-11 00:56:00,Pune,Max,Apparel,1
MERCH_C0599,C0599,1217.87,2026-08-11 00:56:00,Pune,Flipkart,E-commerce,1
AMT_C0121,C0121,32564.85,2026-08-11 00:57:00,Delhi,H&M,Apparel,1
MERCH_C0121,C0121,4067.75,2026-08-11 00:57:00,Delhi,Myntra,E-commerce,1
MERCH_C0395,C0395,4212.37,2026-08-11 00:57:00,Hyderabad,Amazon,E-commerce,1
LOC_C0709,C0709,3788.57,2026-08-11 00:58:00,Pune,Zara,Apparel,1
AMT_C0532,C0532,24127.45,2026-08-11 00:58:00,Bengaluru,Burger King,Restaurant,1
AMT_C0508,C0508,22845.95,2026-08-11 00:58:00,Hyderabad,Big Chill,Restaurant,1
MERCH_C0787,C0787,3151.93,2026-08-11 00:59:00,Bengaluru,Max,Apparel,1
LOC_C0980,C0980,1727.59,2026-08-11 01:03:00,Delhi,Myntra,E-commerce,1
LOC_C0245,C0245,1330.08,2026-08-11 01:06:00,Kolkata,Flipkart,E-commerce,1
LOC_C0211,C0211,3960.22,2026-08-11 01:10:00,Goa,Max,Apparel,1
LOC_C0664,C0664,3561.71,2026-08-11 01:13:00,Chennai,,Restaurant,1
LOC_C0969,C0969,1708.96,2026-08-11 01:18:00,Mumbai,Flipkart,E-commerce,1
LOC_C0140,C0140,1652.53,2026-08-11 01:18:00,Chennai,Zara,Apparel,1
LOC_C0757,C0757,4520.05,2026-08-11 01:20:00,Bengaluru,Big Chill,Restaurant,1
LOC_C0574,C0574,1844.41,2026-08-11 01:21:00,Delhi,Myntra,E-commerce,1
LOC_C0801,C0801,2944.8,2026-08-11 01:24:00,Goa,H&M,Apparel,1
LOC_C0389,C0389,658.81,2026-08-11 01:25:00,Bengaluru,Spar,Grocery,1
LOC_C0138,C0138,3672.86,2026-08-11 01:25:00,Bengaluru,H&M,Apparel,1
LOC_C0135,C0135,707.74,2026-08-11 01:25:00,Chennai,Max,Apparel,1
LOC_C0503,C0503,1629.39,2026-08-11 01:26:00,Kolkata,H&M,Apparel,1
LOC_C0752,C0752,985.4,2026-08-11 01:27:00,Hyderabad,Flipkart,E-commerce,1
LOC_C0330,C0330,1469.27,2026-08-11 01:31:00,Delhi,Spar,Grocery,1
LOC_C0645,C0645,1206.51,2026-08-11 01:31:00,Kolkata,Burger King,Restaurant,1
LOC_C0498,C0498,3123.16,2026-08-11 01:33:00,Kolkata,Amazon,E-commerce,1
LOC_C0569,C0569,919.23,2026-08-11 01:33:00,Mumbai,H&M,Apparel,1
LOC_C0741,C0741,2212.5,2026-08-11 01:38:00,Hyderabad,Myntra,E-commerce,1
LOC_C0620,C0620,2385.47,2026-08-11 01:41:00,Chennai,Flipkart,E-commerce,1
LOC_C0829,C0829,2850.17,2026-08-11 01:43:00,Mumbai,Spar,Grocery,1
LOC_C0802,C0802,3767.15,2026-08-11 01:47:00,Mumbai,Big Chill,Restaurant,1
LOC_C0929,C0929,1354.01,2026-08-11 01:53:00,Pune,Burger King,Restaurant,1
LOC_C0972,C0972,2558.35,2026-08-11 01:55:00,Mumbai,Zara,Apparel,1
LOC_C0686,C0686,3089.42,2026-08-11 01:56:00,Chennai,H&M,Apparel,1
LOC_C0920,C0920,2888.12,2026-08-11 02:02:00,Kolkata,Flipkart,E-commerce,1
LOC_C0439,C0439,3896.75,2026-08-11 02:02:00,Delhi,Big Chill,Restaurant,1
LOC_C0909,C0909,2818.23,2026-08-11 02:02:00,Chennai,Myntra,E-commerce,1
LOC_C0671,C0671,1442.83,2026-08-11 02:03:00,Bengaluru,Amazon,E-commerce,1
LOC_C0630,C0630,3815.84,2026-08-11 02:05:00,Goa,Spar,Grocery,1
LOC_C0840,C0840,580.64,2026-08-11 02:08:00,Chennai,Burger King,Restaurant,1
LOC_C0827,C0827,1578.25,2026-08-11 02:13:00,Hyderabad,,Apparel,1
LOC_C0428,C0428,1204.78,2026-08-11 02:13:00,Mumbai,Max,Apparel,1
LOC_C0359,C0359,3482.83,2026-08-11 02:21:00,Bengaluru,Burger King,Restaurant,1
LOC_C0303,C0303,3917.19,2026-08-11 02:23:00,Chennai,Myntra,E-commerce,1
LOC_C0206,C0206,5125.26,2026-08-11 02:23:00,Pune,Burger King,Restaurant,1
LOC_C0420,C0420,487.21,2026-08-11 02:28:00,Hyderabad,Max,Apparel,1
LOC_C0371,C0371,1747.08,2026-08-11 02:34:00,Bengaluru,Spar,Grocery,1
LOC_C0542,C0542,3261.65,2026-08-11 02:34:00,Pune,Max,Apparel,1
LOC_C0605,C0605,2110.35,2026-08-11 02:35:00,Goa,Myntra,E-commerce,1
LOC_C0772,C0772,4052.26,2026-08-11 02:36:00,Delhi,Amazon,E-commerce,1
LOC_C0332,C0332,7265.09,2026-08-11 02:40:00,Hyderabad,Max,Apparel,1
LOC_C0872,C0872,1518.52,2026-08-11 02:40:00,Delhi,Myntra,E-commerce,1
LOC_C0632,C0632,3639.18,2026-08-11 02:40:00,Kolkata,Myntra,E-commerce,1
LOC_C0094,C0094,2992.06,2026-08-11 02:42:00,Hyderabad,Spar,Grocery,1
LOC_C0661,C0661,4740.69,2026-08-11 02:45:00,Mumbai,Myntra,E-commerce,1
LOC_C0557,C0557,1477.45,2026-08-11 02:45:00,Kolkata,Flipkart,E-commerce,1
LOC_C0197,C0197,2556.62,2026-08-11 02:50:00,Bengaluru,Burger King,Restaurant,1
LOC_C0464,C0464,2302.23,2026-08-11 02:51:00,Pune,Flipkart,E-commerce,1
LOC_C0052,C0052,1500.47,2026-08-11 02:52:00,Chennai,,Apparel,1
LOC_C0090,C0090,3029.26,2026-08-11 02:52:00,Delhi,Myntra,E-commerce,1
LOC_C0266,C0266,2743.71,2026-08-11 02:53:00,Delhi,,E-commerce,1
LOC_C0677,C0677,2682.37,2026-08-11 02:54:00,Delhi,Flipkart,E-commerce,1
LOC_C0517,C0517,3513.53,2026-08-11 02:55:00,Goa,Big Chill,Restaurant,1
LOC_C0121,C0121,5344.71,2026-08-11 02:57:00,Mumbai,Amazon,E-commerce,1
LOC_C0912,C0912,2387.1,2026-08-11 02:57:00,Bengaluru,Max,Apparel,1
LOC_C0787,C0787,4362.84,2026-08-11 02:59:00,Goa,Zara,Apparel,1
